subset,method,coverage,avg_size,n,timestamp,experiment,seed,alpha,size_old,size_new,sigma_x,eta_old,eta_new,tau_easy,p_old,p_new,w_old_0,w_old_1,b_old,w_new_0,w_new_1,b_new,cal_frac,cp_method
overall,ours_refined,0.96,1.26,50,2025-08-08T11:55:37,sweep_sizenew,4,0.1,10000,100,1.0,0.0,0.0,0.5,[0.5],0.5,1.0,-1.0,0.0,0.8,-0.8,0.0,0.5,score
easy_new,ours_refined,0.96875,1.15625,32,2025-08-08T11:55:37,sweep_sizenew,4,0.1,10000,100,1.0,0.0,0.0,0.5,[0.5],0.5,1.0,-1.0,0.0,0.8,-0.8,0.0,0.5,score
hard_new,ours_refined,0.9444444444444444,1.4444444444444444,18,2025-08-08T11:55:37,sweep_sizenew,4,0.1,10000,100,1.0,0.0,0.0,0.5,[0.5],0.5,1.0,-1.0,0.0,0.8,-0.8,0.0,0.5,score
overall,ours_refined,0.82,1.04,50,2025-08-08T11:55:38,sweep_sizenew,5,0.1,10000,100,1.0,0.0,0.0,0.5,[0.5],0.5,1.0,-1.0,0.0,0.8,-0.8,0.0,0.5,score
easy_new,ours_refined,0.8888888888888888,1.0277777777777777,36,2025-08-08T11:55:38,sweep_sizenew,5,0.1,10000,100,1.0,0.0,0.0,0.5,[0.5],0.5,1.0,-1.0,0.0,0.8,-0.8,0.0,0.5,score
hard_new,ours_refined,0.6428571428571429,1.0714285714285714,14,2025-08-08T11:55:38,sweep_sizenew,5,0.1,10000,100,1.0,0.0,0.0,0.5,[0.5],0.5,1.0,-1.0,0.0,0.8,-0.8,0.0,0.5,score
overall,ours_refined,0.86,1.0,50,2025-08-08T11:55:40,sweep_sizenew,1,0.1,10000,100,1.0,0.0,0.0,0.5,[0.5],0.5,1.0,-1.0,0.0,0.8,-0.8,0.0,0.5,score
easy_new,ours_refined,0.8709677419354839,1.0,31,2025-08-08T11:55:40,sweep_sizenew,1,0.1,10000,100,1.0,0.0,0.0,0.5,[0.5],0.5,1.0,-1.0,0.0,0.8,-0.8,0.0,0.5,score
hard_new,ours_refined,0.8421052631578947,1.0,19,2025-08-08T11:55:40,sweep_sizenew,1,0.1,10000,100,1.0,0.0,0.0,0.5,[0.5],0.5,1.0,-1.0,0.0,0.8,-0.8,0.0,0.5,score
overall,ours_refined,0.8,0.92,50,2025-08-08T11:55:41,sweep_sizenew,3,0.1,10000,100,1.0,0.0,0.0,0.5,[0.5],0.5,1.0,-1.0,0.0,0.8,-0.8,0.0,0.5,score
easy_new,ours_refined,0.7857142857142857,0.8928571428571429,28,2025-08-08T11:55:41,sweep_sizenew,3,0.1,10000,100,1.0,0.0,0.0,0.5,[0.5],0.5,1.0,-1.0,0.0,0.8,-0.8,0.0,0.5,score
hard_new,ours_refined,0.8181818181818182,0.9545454545454546,22,2025-08-08T11:55:41,sweep_sizenew,3,0.1,10000,100,1.0,0.0,0.0,0.5,[0.5],0.5,1.0,-1.0,0.0,0.8,-0.8,0.0,0.5,score
overall,ours_refined,0.9,1.11,100,2025-08-08T11:55:45,sweep_sizenew,4,0.1,10000,200,1.0,0.0,0.0,0.5,[0.5],0.5,1.0,-1.0,0.0,0.8,-0.8,0.0,0.5,score
easy_new,ours_refined,0.9264705882352942,1.088235294117647,68,2025-08-08T11:55:45,sweep_sizenew,4,0.1,10000,200,1.0,0.0,0.0,0.5,[0.5],0.5,1.0,-1.0,0.0,0.8,-0.8,0.0,0.5,score
hard_new,ours_refined,0.84375,1.15625,32,2025-08-08T11:55:45,sweep_sizenew,4,0.1,10000,200,1.0,0.0,0.0,0.5,[0.5],0.5,1.0,-1.0,0.0,0.8,-0.8,0.0,0.5,score
overall,ours_refined,0.9,1.14,100,2025-08-08T11:55:46,sweep_sizenew,5,0.1,10000,200,1.0,0.0,0.0,0.5,[0.5],0.5,1.0,-1.0,0.0,0.8,-0.8,0.0,0.5,score
easy_new,ours_refined,0.8611111111111112,1.0833333333333333,72,2025-08-08T11:55:46,sweep_sizenew,5,0.1,10000,200,1.0,0.0,0.0,0.5,[0.5],0.5,1.0,-1.0,0.0,0.8,-0.8,0.0,0.5,score
hard_new,ours_refined,1.0,1.2857142857142858,28,2025-08-08T11:55:46,sweep_sizenew,5,0.1,10000,200,1.0,0.0,0.0,0.5,[0.5],0.5,1.0,-1.0,0.0,0.8,-0.8,0.0,0.5,score
overall,ours_refined,0.85,1.0,100,2025-08-08T11:55:49,sweep_sizenew,1,0.1,10000,200,1.0,0.0,0.0,0.5,[0.5],0.5,1.0,-1.0,0.0,0.8,-0.8,0.0,0.5,score
easy_new,ours_refined,0.8840579710144928,1.0,69,2025-08-08T11:55:49,sweep_sizenew,1,0.1,10000,200,1.0,0.0,0.0,0.5,[0.5],0.5,1.0,-1.0,0.0,0.8,-0.8,0.0,0.5,score
hard_new,ours_refined,0.7741935483870968,1.0,31,2025-08-08T11:55:49,sweep_sizenew,1,0.1,10000,200,1.0,0.0,0.0,0.5,[0.5],0.5,1.0,-1.0,0.0,0.8,-0.8,0.0,0.5,score
overall,ours_refined,0.88,1.065,200,2025-08-08T11:55:50,sweep_sizenew,4,0.1,10000,400,1.0,0.0,0.0,0.5,[0.5],0.5,1.0,-1.0,0.0,0.8,-0.8,0.0,0.5,score
easy_new,ours_refined,0.9069767441860465,1.054263565891473,129,2025-08-08T11:55:50,sweep_sizenew,4,0.1,10000,400,1.0,0.0,0.0,0.5,[0.5],0.5,1.0,-1.0,0.0,0.8,-0.8,0.0,0.5,score
hard_new,ours_refined,0.8309859154929577,1.0845070422535212,71,2025-08-08T11:55:50,sweep_sizenew,4,0.1,10000,400,1.0,0.0,0.0,0.5,[0.5],0.5,1.0,-1.0,0.0,0.8,-0.8,0.0,0.5,score
overall,ours_refined,0.92,1.17,100,2025-08-08T11:55:51,sweep_sizenew,3,0.1,10000,200,1.0,0.0,0.0,0.5,[0.5],0.5,1.0,-1.0,0.0,0.8,-0.8,0.0,0.5,score
easy_new,ours_refined,0.8813559322033898,1.1355932203389831,59,2025-08-08T11:55:51,sweep_sizenew,3,0.1,10000,200,1.0,0.0,0.0,0.5,[0.5],0.5,1.0,-1.0,0.0,0.8,-0.8,0.0,0.5,score
hard_new,ours_refined,0.975609756097561,1.2195121951219512,41,2025-08-08T11:55:51,sweep_sizenew,3,0.1,10000,200,1.0,0.0,0.0,0.5,[0.5],0.5,1.0,-1.0,0.0,0.8,-0.8,0.0,0.5,score
overall,ours_refined,0.915,1.15,200,2025-08-08T11:55:52,sweep_sizenew,5,0.1,10000,400,1.0,0.0,0.0,0.5,[0.5],0.5,1.0,-1.0,0.0,0.8,-0.8,0.0,0.5,score
easy_new,ours_refined,0.9481481481481482,1.1481481481481481,135,2025-08-08T11:55:52,sweep_sizenew,5,0.1,10000,400,1.0,0.0,0.0,0.5,[0.5],0.5,1.0,-1.0,0.0,0.8,-0.8,0.0,0.5,score
hard_new,ours_refined,0.8461538461538461,1.1538461538461537,65,2025-08-08T11:55:52,sweep_sizenew,5,0.1,10000,400,1.0,0.0,0.0,0.5,[0.5],0.5,1.0,-1.0,0.0,0.8,-0.8,0.0,0.5,score
overall,ours_refined,0.9,1.065,200,2025-08-08T11:55:53,sweep_sizenew,1,0.1,10000,400,1.0,0.0,0.0,0.5,[0.5],0.5,1.0,-1.0,0.0,0.8,-0.8,0.0,0.5,score
easy_new,ours_refined,0.8955223880597015,1.0597014925373134,134,2025-08-08T11:55:53,sweep_sizenew,1,0.1,10000,400,1.0,0.0,0.0,0.5,[0.5],0.5,1.0,-1.0,0.0,0.8,-0.8,0.0,0.5,score
hard_new,ours_refined,0.9090909090909091,1.0757575757575757,66,2025-08-08T11:55:53,sweep_sizenew,1,0.1,10000,400,1.0,0.0,0.0,0.5,[0.5],0.5,1.0,-1.0,0.0,0.8,-0.8,0.0,0.5,score
overall,ours_refined,0.9166666666666666,1.13,300,2025-08-08T11:55:55,sweep_sizenew,4,0.1,10000,600,1.0,0.0,0.0,0.5,[0.5],0.5,1.0,-1.0,0.0,0.8,-0.8,0.0,0.5,score
easy_new,ours_refined,0.9385474860335196,1.1284916201117319,179,2025-08-08T11:55:55,sweep_sizenew,4,0.1,10000,600,1.0,0.0,0.0,0.5,[0.5],0.5,1.0,-1.0,0.0,0.8,-0.8,0.0,0.5,score
hard_new,ours_refined,0.8842975206611571,1.1322314049586777,121,2025-08-08T11:55:55,sweep_sizenew,4,0.1,10000,600,1.0,0.0,0.0,0.5,[0.5],0.5,1.0,-1.0,0.0,0.8,-0.8,0.0,0.5,score
overall,ours_refined,0.9133333333333333,1.16,300,2025-08-08T11:55:58,sweep_sizenew,5,0.1,10000,600,1.0,0.0,0.0,0.5,[0.5],0.5,1.0,-1.0,0.0,0.8,-0.8,0.0,0.5,score
easy_new,ours_refined,0.9203980099502488,1.154228855721393,201,2025-08-08T11:55:58,sweep_sizenew,5,0.1,10000,600,1.0,0.0,0.0,0.5,[0.5],0.5,1.0,-1.0,0.0,0.8,-0.8,0.0,0.5,score
hard_new,ours_refined,0.898989898989899,1.1717171717171717,99,2025-08-08T11:55:58,sweep_sizenew,5,0.1,10000,600,1.0,0.0,0.0,0.5,[0.5],0.5,1.0,-1.0,0.0,0.8,-0.8,0.0,0.5,score
overall,ours_refined,0.8933333333333333,1.0366666666666666,300,2025-08-08T11:55:59,sweep_sizenew,1,0.1,10000,600,1.0,0.0,0.0,0.5,[0.5],0.5,1.0,-1.0,0.0,0.8,-0.8,0.0,0.5,score
easy_new,ours_refined,0.9082125603864735,1.0289855072463767,207,2025-08-08T11:55:59,sweep_sizenew,1,0.1,10000,600,1.0,0.0,0.0,0.5,[0.5],0.5,1.0,-1.0,0.0,0.8,-0.8,0.0,0.5,score
hard_new,ours_refined,0.8602150537634409,1.053763440860215,93,2025-08-08T11:55:59,sweep_sizenew,1,0.1,10000,600,1.0,0.0,0.0,0.5,[0.5],0.5,1.0,-1.0,0.0,0.8,-0.8,0.0,0.5,score
overall,ours_refined,0.88,0.99,200,2025-08-08T11:55:59,sweep_sizenew,3,0.1,10000,400,1.0,0.0,0.0,0.5,[0.5],0.5,1.0,-1.0,0.0,0.8,-0.8,0.0,0.5,score
easy_new,ours_refined,0.856,0.984,125,2025-08-08T11:55:59,sweep_sizenew,3,0.1,10000,400,1.0,0.0,0.0,0.5,[0.5],0.5,1.0,-1.0,0.0,0.8,-0.8,0.0,0.5,score
hard_new,ours_refined,0.92,1.0,75,2025-08-08T11:55:59,sweep_sizenew,3,0.1,10000,400,1.0,0.0,0.0,0.5,[0.5],0.5,1.0,-1.0,0.0,0.8,-0.8,0.0,0.5,score
overall,ours_refined,0.89,1.1,400,2025-08-08T11:56:00,sweep_sizenew,4,0.1,10000,800,1.0,0.0,0.0,0.5,[0.5],0.5,1.0,-1.0,0.0,0.8,-0.8,0.0,0.5,score
easy_new,ours_refined,0.9045643153526971,1.0788381742738589,241,2025-08-08T11:56:00,sweep_sizenew,4,0.1,10000,800,1.0,0.0,0.0,0.5,[0.5],0.5,1.0,-1.0,0.0,0.8,-0.8,0.0,0.5,score
hard_new,ours_refined,0.8679245283018868,1.1320754716981132,159,2025-08-08T11:56:00,sweep_sizenew,4,0.1,10000,800,1.0,0.0,0.0,0.5,[0.5],0.5,1.0,-1.0,0.0,0.8,-0.8,0.0,0.5,score
overall,ours_refined,0.895,1.0225,400,2025-08-08T11:56:04,sweep_sizenew,1,0.1,10000,800,1.0,0.0,0.0,0.5,[0.5],0.5,1.0,-1.0,0.0,0.8,-0.8,0.0,0.5,score
easy_new,ours_refined,0.8859315589353612,1.0190114068441065,263,2025-08-08T11:56:04,sweep_sizenew,1,0.1,10000,800,1.0,0.0,0.0,0.5,[0.5],0.5,1.0,-1.0,0.0,0.8,-0.8,0.0,0.5,score
hard_new,ours_refined,0.9124087591240876,1.0291970802919708,137,2025-08-08T11:56:04,sweep_sizenew,1,0.1,10000,800,1.0,0.0,0.0,0.5,[0.5],0.5,1.0,-1.0,0.0,0.8,-0.8,0.0,0.5,score
overall,ours_refined,0.925,1.1175,400,2025-08-08T11:56:04,sweep_sizenew,5,0.1,10000,800,1.0,0.0,0.0,0.5,[0.5],0.5,1.0,-1.0,0.0,0.8,-0.8,0.0,0.5,score
easy_new,ours_refined,0.9330855018587361,1.100371747211896,269,2025-08-08T11:56:04,sweep_sizenew,5,0.1,10000,800,1.0,0.0,0.0,0.5,[0.5],0.5,1.0,-1.0,0.0,0.8,-0.8,0.0,0.5,score
hard_new,ours_refined,0.9083969465648855,1.1526717557251909,131,2025-08-08T11:56:04,sweep_sizenew,5,0.1,10000,800,1.0,0.0,0.0,0.5,[0.5],0.5,1.0,-1.0,0.0,0.8,-0.8,0.0,0.5,score
overall,ours_refined,0.898,1.142,500,2025-08-08T11:56:05,sweep_sizenew,4,0.1,10000,1000,1.0,0.0,0.0,0.5,[0.5],0.5,1.0,-1.0,0.0,0.8,-0.8,0.0,0.5,score
easy_new,ours_refined,0.8971061093247589,1.1157556270096463,311,2025-08-08T11:56:05,sweep_sizenew,4,0.1,10000,1000,1.0,0.0,0.0,0.5,[0.5],0.5,1.0,-1.0,0.0,0.8,-0.8,0.0,0.5,score
hard_new,ours_refined,0.8994708994708994,1.1851851851851851,189,2025-08-08T11:56:05,sweep_sizenew,4,0.1,10000,1000,1.0,0.0,0.0,0.5,[0.5],0.5,1.0,-1.0,0.0,0.8,-0.8,0.0,0.5,score
overall,ours_refined,0.9033333333333333,1.1533333333333333,300,2025-08-08T11:56:07,sweep_sizenew,3,0.1,10000,600,1.0,0.0,0.0,0.5,[0.5],0.5,1.0,-1.0,0.0,0.8,-0.8,0.0,0.5,score
easy_new,ours_refined,0.9111111111111111,1.1388888888888888,180,2025-08-08T11:56:07,sweep_sizenew,3,0.1,10000,600,1.0,0.0,0.0,0.5,[0.5],0.5,1.0,-1.0,0.0,0.8,-0.8,0.0,0.5,score
hard_new,ours_refined,0.8916666666666667,1.175,120,2025-08-08T11:56:07,sweep_sizenew,3,0.1,10000,600,1.0,0.0,0.0,0.5,[0.5],0.5,1.0,-1.0,0.0,0.8,-0.8,0.0,0.5,score
overall,ours_refined,0.918,1.144,500,2025-08-08T11:56:09,sweep_sizenew,1,0.1,10000,1000,1.0,0.0,0.0,0.5,[0.5],0.5,1.0,-1.0,0.0,0.8,-0.8,0.0,0.5,score
easy_new,ours_refined,0.9164179104477612,1.137313432835821,335,2025-08-08T11:56:09,sweep_sizenew,1,0.1,10000,1000,1.0,0.0,0.0,0.5,[0.5],0.5,1.0,-1.0,0.0,0.8,-0.8,0.0,0.5,score
hard_new,ours_refined,0.9212121212121213,1.1575757575757575,165,2025-08-08T11:56:09,sweep_sizenew,1,0.1,10000,1000,1.0,0.0,0.0,0.5,[0.5],0.5,1.0,-1.0,0.0,0.8,-0.8,0.0,0.5,score
overall,ours_refined,0.912,1.104,1000,2025-08-08T11:56:10,sweep_sizenew,4,0.1,10000,2000,1.0,0.0,0.0,0.5,[0.5],0.5,1.0,-1.0,0.0,0.8,-0.8,0.0,0.5,score
easy_new,ours_refined,0.9204892966360856,1.0902140672782874,654,2025-08-08T11:56:10,sweep_sizenew,4,0.1,10000,2000,1.0,0.0,0.0,0.5,[0.5],0.5,1.0,-1.0,0.0,0.8,-0.8,0.0,0.5,score
hard_new,ours_refined,0.8959537572254336,1.130057803468208,346,2025-08-08T11:56:10,sweep_sizenew,4,0.1,10000,2000,1.0,0.0,0.0,0.5,[0.5],0.5,1.0,-1.0,0.0,0.8,-0.8,0.0,0.5,score
overall,ours_refined,0.89,1.092,500,2025-08-08T11:56:11,sweep_sizenew,5,0.1,10000,1000,1.0,0.0,0.0,0.5,[0.5],0.5,1.0,-1.0,0.0,0.8,-0.8,0.0,0.5,score
easy_new,ours_refined,0.8988095238095238,1.0922619047619047,336,2025-08-08T11:56:11,sweep_sizenew,5,0.1,10000,1000,1.0,0.0,0.0,0.5,[0.5],0.5,1.0,-1.0,0.0,0.8,-0.8,0.0,0.5,score
hard_new,ours_refined,0.8719512195121951,1.0914634146341464,164,2025-08-08T11:56:11,sweep_sizenew,5,0.1,10000,1000,1.0,0.0,0.0,0.5,[0.5],0.5,1.0,-1.0,0.0,0.8,-0.8,0.0,0.5,score
overall,ours_refined,0.876,1.067,1000,2025-08-08T11:56:15,sweep_sizenew,1,0.1,10000,2000,1.0,0.0,0.0,0.5,[0.5],0.5,1.0,-1.0,0.0,0.8,-0.8,0.0,0.5,score
easy_new,ours_refined,0.8860569715142429,1.062968515742129,667,2025-08-08T11:56:15,sweep_sizenew,1,0.1,10000,2000,1.0,0.0,0.0,0.5,[0.5],0.5,1.0,-1.0,0.0,0.8,-0.8,0.0,0.5,score
hard_new,ours_refined,0.8558558558558559,1.075075075075075,333,2025-08-08T11:56:15,sweep_sizenew,1,0.1,10000,2000,1.0,0.0,0.0,0.5,[0.5],0.5,1.0,-1.0,0.0,0.8,-0.8,0.0,0.5,score
overall,ours_refined,0.8825,1.0725,400,2025-08-08T11:56:15,sweep_sizenew,3,0.1,10000,800,1.0,0.0,0.0,0.5,[0.5],0.5,1.0,-1.0,0.0,0.8,-0.8,0.0,0.5,score
easy_new,ours_refined,0.8884120171673819,1.0858369098712446,233,2025-08-08T11:56:15,sweep_sizenew,3,0.1,10000,800,1.0,0.0,0.0,0.5,[0.5],0.5,1.0,-1.0,0.0,0.8,-0.8,0.0,0.5,score
hard_new,ours_refined,0.874251497005988,1.0538922155688624,167,2025-08-08T11:56:15,sweep_sizenew,3,0.1,10000,800,1.0,0.0,0.0,0.5,[0.5],0.5,1.0,-1.0,0.0,0.8,-0.8,0.0,0.5,score
overall,ours_refined,0.9166666666666666,1.1053333333333333,1500,2025-08-08T11:56:16,sweep_sizenew,4,0.1,10000,3000,1.0,0.0,0.0,0.5,[0.5],0.5,1.0,-1.0,0.0,0.8,-0.8,0.0,0.5,score
easy_new,ours_refined,0.9226190476190477,1.0873015873015872,1008,2025-08-08T11:56:16,sweep_sizenew,4,0.1,10000,3000,1.0,0.0,0.0,0.5,[0.5],0.5,1.0,-1.0,0.0,0.8,-0.8,0.0,0.5,score
hard_new,ours_refined,0.9044715447154471,1.1422764227642277,492,2025-08-08T11:56:16,sweep_sizenew,4,0.1,10000,3000,1.0,0.0,0.0,0.5,[0.5],0.5,1.0,-1.0,0.0,0.8,-0.8,0.0,0.5,score
overall,ours_refined,0.82,1.0,50,2025-08-08T11:56:17,sweep_sizenew,2,0.1,10000,100,1.0,0.0,0.0,0.5,[0.5],0.5,1.0,-1.0,0.0,0.8,-0.8,0.0,0.5,score
easy_new,ours_refined,0.8275862068965517,1.0,29,2025-08-08T11:56:17,sweep_sizenew,2,0.1,10000,100,1.0,0.0,0.0,0.5,[0.5],0.5,1.0,-1.0,0.0,0.8,-0.8,0.0,0.5,score
hard_new,ours_refined,0.8095238095238095,1.0,21,2025-08-08T11:56:17,sweep_sizenew,2,0.1,10000,100,1.0,0.0,0.0,0.5,[0.5],0.5,1.0,-1.0,0.0,0.8,-0.8,0.0,0.5,score
overall,ours_refined,0.907,1.093,1000,2025-08-08T11:56:18,sweep_sizenew,5,0.1,10000,2000,1.0,0.0,0.0,0.5,[0.5],0.5,1.0,-1.0,0.0,0.8,-0.8,0.0,0.5,score
easy_new,ours_refined,0.9153284671532846,1.0832116788321169,685,2025-08-08T11:56:18,sweep_sizenew,5,0.1,10000,2000,1.0,0.0,0.0,0.5,[0.5],0.5,1.0,-1.0,0.0,0.8,-0.8,0.0,0.5,score
hard_new,ours_refined,0.8888888888888888,1.1142857142857143,315,2025-08-08T11:56:18,sweep_sizenew,5,0.1,10000,2000,1.0,0.0,0.0,0.5,[0.5],0.5,1.0,-1.0,0.0,0.8,-0.8,0.0,0.5,score
overall,ours_refined,0.9206666666666666,1.124,1500,2025-08-08T11:56:21,sweep_sizenew,1,0.1,10000,3000,1.0,0.0,0.0,0.5,[0.5],0.5,1.0,-1.0,0.0,0.8,-0.8,0.0,0.5,score
easy_new,ours_refined,0.9254783484390735,1.1107754279959718,993,2025-08-08T11:56:21,sweep_sizenew,1,0.1,10000,3000,1.0,0.0,0.0,0.5,[0.5],0.5,1.0,-1.0,0.0,0.8,-0.8,0.0,0.5,score
hard_new,ours_refined,0.9112426035502958,1.1499013806706115,507,2025-08-08T11:56:21,sweep_sizenew,1,0.1,10000,3000,1.0,0.0,0.0,0.5,[0.5],0.5,1.0,-1.0,0.0,0.8,-0.8,0.0,0.5,score
overall,ours_refined,0.891,1.067,2000,2025-08-08T11:56:23,sweep_sizenew,4,0.1,10000,4000,1.0,0.0,0.0,0.5,[0.5],0.5,1.0,-1.0,0.0,0.8,-0.8,0.0,0.5,score
easy_new,ours_refined,0.8950151057401813,1.0589123867069485,1324,2025-08-08T11:56:23,sweep_sizenew,4,0.1,10000,4000,1.0,0.0,0.0,0.5,[0.5],0.5,1.0,-1.0,0.0,0.8,-0.8,0.0,0.5,score
hard_new,ours_refined,0.8831360946745562,1.0828402366863905,676,2025-08-08T11:56:23,sweep_sizenew,4,0.1,10000,4000,1.0,0.0,0.0,0.5,[0.5],0.5,1.0,-1.0,0.0,0.8,-0.8,0.0,0.5,score
overall,ours_refined,0.91,1.16,500,2025-08-08T11:56:23,sweep_sizenew,3,0.1,10000,1000,1.0,0.0,0.0,0.5,[0.5],0.5,1.0,-1.0,0.0,0.8,-0.8,0.0,0.5,score
easy_new,ours_refined,0.933993399339934,1.1155115511551155,303,2025-08-08T11:56:23,sweep_sizenew,3,0.1,10000,1000,1.0,0.0,0.0,0.5,[0.5],0.5,1.0,-1.0,0.0,0.8,-0.8,0.0,0.5,score
hard_new,ours_refined,0.8730964467005076,1.2284263959390862,197,2025-08-08T11:56:23,sweep_sizenew,3,0.1,10000,1000,1.0,0.0,0.0,0.5,[0.5],0.5,1.0,-1.0,0.0,0.8,-0.8,0.0,0.5,score
overall,ours_refined,0.8926666666666667,1.0833333333333333,1500,2025-08-08T11:56:26,sweep_sizenew,5,0.1,10000,3000,1.0,0.0,0.0,0.5,[0.5],0.5,1.0,-1.0,0.0,0.8,-0.8,0.0,0.5,score
easy_new,ours_refined,0.892462311557789,1.0733668341708542,995,2025-08-08T11:56:26,sweep_sizenew,5,0.1,10000,3000,1.0,0.0,0.0,0.5,[0.5],0.5,1.0,-1.0,0.0,0.8,-0.8,0.0,0.5,score
hard_new,ours_refined,0.8930693069306931,1.102970297029703,505,2025-08-08T11:56:26,sweep_sizenew,5,0.1,10000,3000,1.0,0.0,0.0,0.5,[0.5],0.5,1.0,-1.0,0.0,0.8,-0.8,0.0,0.5,score
overall,ours_refined,0.87,1.04,100,2025-08-08T11:56:27,sweep_sizenew,2,0.1,10000,200,1.0,0.0,0.0,0.5,[0.5],0.5,1.0,-1.0,0.0,0.8,-0.8,0.0,0.5,score
easy_new,ours_refined,0.8769230769230769,1.0461538461538462,65,2025-08-08T11:56:27,sweep_sizenew,2,0.1,10000,200,1.0,0.0,0.0,0.5,[0.5],0.5,1.0,-1.0,0.0,0.8,-0.8,0.0,0.5,score
hard_new,ours_refined,0.8571428571428571,1.0285714285714285,35,2025-08-08T11:56:27,sweep_sizenew,2,0.1,10000,200,1.0,0.0,0.0,0.5,[0.5],0.5,1.0,-1.0,0.0,0.8,-0.8,0.0,0.5,score
overall,ours_refined,0.905,1.099,2000,2025-08-08T11:56:28,sweep_sizenew,1,0.1,10000,4000,1.0,0.0,0.0,0.5,[0.5],0.5,1.0,-1.0,0.0,0.8,-0.8,0.0,0.5,score
easy_new,ours_refined,0.9076005961251863,1.0961251862891208,1342,2025-08-08T11:56:28,sweep_sizenew,1,0.1,10000,4000,1.0,0.0,0.0,0.5,[0.5],0.5,1.0,-1.0,0.0,0.8,-0.8,0.0,0.5,score
hard_new,ours_refined,0.8996960486322189,1.1048632218844985,658,2025-08-08T11:56:28,sweep_sizenew,1,0.1,10000,4000,1.0,0.0,0.0,0.5,[0.5],0.5,1.0,-1.0,0.0,0.8,-0.8,0.0,0.5,score
overall,ours_refined,0.9028,1.1016,2500,2025-08-08T11:56:30,sweep_sizenew,4,0.1,10000,5000,1.0,0.0,0.0,0.5,[0.5],0.5,1.0,-1.0,0.0,0.8,-0.8,0.0,0.5,score
easy_new,ours_refined,0.9011592434411226,1.0896888346552775,1639,2025-08-08T11:56:30,sweep_sizenew,4,0.1,10000,5000,1.0,0.0,0.0,0.5,[0.5],0.5,1.0,-1.0,0.0,0.8,-0.8,0.0,0.5,score
hard_new,ours_refined,0.9059233449477352,1.124274099883856,861,2025-08-08T11:56:30,sweep_sizenew,4,0.1,10000,5000,1.0,0.0,0.0,0.5,[0.5],0.5,1.0,-1.0,0.0,0.8,-0.8,0.0,0.5,score
overall,ours_refined,0.921,1.136,1000,2025-08-08T11:56:33,sweep_sizenew,3,0.1,10000,2000,1.0,0.0,0.0,0.5,[0.5],0.5,1.0,-1.0,0.0,0.8,-0.8,0.0,0.5,score
easy_new,ours_refined,0.9314641744548287,1.1308411214953271,642,2025-08-08T11:56:33,sweep_sizenew,3,0.1,10000,2000,1.0,0.0,0.0,0.5,[0.5],0.5,1.0,-1.0,0.0,0.8,-0.8,0.0,0.5,score
hard_new,ours_refined,0.9022346368715084,1.1452513966480447,358,2025-08-08T11:56:33,sweep_sizenew,3,0.1,10000,2000,1.0,0.0,0.0,0.5,[0.5],0.5,1.0,-1.0,0.0,0.8,-0.8,0.0,0.5,score
overall,ours_refined,0.8735,1.0555,2000,2025-08-08T11:56:34,sweep_sizenew,5,0.1,10000,4000,1.0,0.0,0.0,0.5,[0.5],0.5,1.0,-1.0,0.0,0.8,-0.8,0.0,0.5,score
easy_new,ours_refined,0.8773800456968773,1.051028179741051,1313,2025-08-08T11:56:34,sweep_sizenew,5,0.1,10000,4000,1.0,0.0,0.0,0.5,[0.5],0.5,1.0,-1.0,0.0,0.8,-0.8,0.0,0.5,score
hard_new,ours_refined,0.86608442503639,1.0640465793304221,687,2025-08-08T11:56:34,sweep_sizenew,5,0.1,10000,4000,1.0,0.0,0.0,0.5,[0.5],0.5,1.0,-1.0,0.0,0.8,-0.8,0.0,0.5,score
overall,ours_refined,0.8996,1.0844,2500,2025-08-08T11:56:35,sweep_sizenew,1,0.1,10000,5000,1.0,0.0,0.0,0.5,[0.5],0.5,1.0,-1.0,0.0,0.8,-0.8,0.0,0.5,score
easy_new,ours_refined,0.9129651860744298,1.078031212484994,1666,2025-08-08T11:56:35,sweep_sizenew,1,0.1,10000,5000,1.0,0.0,0.0,0.5,[0.5],0.5,1.0,-1.0,0.0,0.8,-0.8,0.0,0.5,score
hard_new,ours_refined,0.8729016786570744,1.0971223021582734,834,2025-08-08T11:56:35,sweep_sizenew,1,0.1,10000,5000,1.0,0.0,0.0,0.5,[0.5],0.5,1.0,-1.0,0.0,0.8,-0.8,0.0,0.5,score
overall,ours_refined,0.91,1.105,200,2025-08-08T11:56:36,sweep_sizenew,2,0.1,10000,400,1.0,0.0,0.0,0.5,[0.5],0.5,1.0,-1.0,0.0,0.8,-0.8,0.0,0.5,score
easy_new,ours_refined,0.924812030075188,1.0977443609022557,133,2025-08-08T11:56:36,sweep_sizenew,2,0.1,10000,400,1.0,0.0,0.0,0.5,[0.5],0.5,1.0,-1.0,0.0,0.8,-0.8,0.0,0.5,score
hard_new,ours_refined,0.8805970149253731,1.1194029850746268,67,2025-08-08T11:56:36,sweep_sizenew,2,0.1,10000,400,1.0,0.0,0.0,0.5,[0.5],0.5,1.0,-1.0,0.0,0.8,-0.8,0.0,0.5,score
overall,ours_refined,0.905,1.0976666666666666,3000,2025-08-08T11:56:38,sweep_sizenew,4,0.1,10000,6000,1.0,0.0,0.0,0.5,[0.5],0.5,1.0,-1.0,0.0,0.8,-0.8,0.0,0.5,score
easy_new,ours_refined,0.9116022099447514,1.0863887493721749,1991,2025-08-08T11:56:38,sweep_sizenew,4,0.1,10000,6000,1.0,0.0,0.0,0.5,[0.5],0.5,1.0,-1.0,0.0,0.8,-0.8,0.0,0.5,score
hard_new,ours_refined,0.8919722497522299,1.1199207135777998,1009,2025-08-08T11:56:38,sweep_sizenew,4,0.1,10000,6000,1.0,0.0,0.0,0.5,[0.5],0.5,1.0,-1.0,0.0,0.8,-0.8,0.0,0.5,score
overall,ours_refined,0.9086666666666666,1.0866666666666667,1500,2025-08-08T11:56:43,sweep_sizenew,3,0.1,10000,3000,1.0,0.0,0.0,0.5,[0.5],0.5,1.0,-1.0,0.0,0.8,-0.8,0.0,0.5,score
easy_new,ours_refined,0.9107692307692308,1.074871794871795,975,2025-08-08T11:56:43,sweep_sizenew,3,0.1,10000,3000,1.0,0.0,0.0,0.5,[0.5],0.5,1.0,-1.0,0.0,0.8,-0.8,0.0,0.5,score
hard_new,ours_refined,0.9047619047619048,1.1085714285714285,525,2025-08-08T11:56:43,sweep_sizenew,3,0.1,10000,3000,1.0,0.0,0.0,0.5,[0.5],0.5,1.0,-1.0,0.0,0.8,-0.8,0.0,0.5,score
overall,ours_refined,0.92,1.14,50,2025-08-08T11:56:43,sweep_sizenew,12,0.1,10000,100,1.0,0.0,0.0,0.5,[0.5],0.5,1.0,-1.0,0.0,0.8,-0.8,0.0,0.5,score
easy_new,ours_refined,0.9428571428571428,1.1428571428571428,35,2025-08-08T11:56:43,sweep_sizenew,12,0.1,10000,100,1.0,0.0,0.0,0.5,[0.5],0.5,1.0,-1.0,0.0,0.8,-0.8,0.0,0.5,score
hard_new,ours_refined,0.8666666666666667,1.1333333333333333,15,2025-08-08T11:56:43,sweep_sizenew,12,0.1,10000,100,1.0,0.0,0.0,0.5,[0.5],0.5,1.0,-1.0,0.0,0.8,-0.8,0.0,0.5,score
overall,ours_refined,0.94,1.18,50,2025-08-08T11:56:43,sweep_sizenew,13,0.1,10000,100,1.0,0.0,0.0,0.5,[0.5],0.5,1.0,-1.0,0.0,0.8,-0.8,0.0,0.5,score
easy_new,ours_refined,0.9428571428571428,1.1428571428571428,35,2025-08-08T11:56:43,sweep_sizenew,13,0.1,10000,100,1.0,0.0,0.0,0.5,[0.5],0.5,1.0,-1.0,0.0,0.8,-0.8,0.0,0.5,score
hard_new,ours_refined,0.9333333333333333,1.2666666666666666,15,2025-08-08T11:56:43,sweep_sizenew,13,0.1,10000,100,1.0,0.0,0.0,0.5,[0.5],0.5,1.0,-1.0,0.0,0.8,-0.8,0.0,0.5,score
overall,ours_refined,0.8906666666666667,1.0543333333333333,3000,2025-08-08T11:56:44,sweep_sizenew,1,0.1,10000,6000,1.0,0.0,0.0,0.5,[0.5],0.5,1.0,-1.0,0.0,0.8,-0.8,0.0,0.5,score
easy_new,ours_refined,0.8906093906093906,1.0479520479520479,2002,2025-08-08T11:56:44,sweep_sizenew,1,0.1,10000,6000,1.0,0.0,0.0,0.5,[0.5],0.5,1.0,-1.0,0.0,0.8,-0.8,0.0,0.5,score
hard_new,ours_refined,0.8907815631262525,1.0671342685370742,998,2025-08-08T11:56:44,sweep_sizenew,1,0.1,10000,6000,1.0,0.0,0.0,0.5,[0.5],0.5,1.0,-1.0,0.0,0.8,-0.8,0.0,0.5,score
overall,ours_refined,0.8992,1.092,2500,2025-08-08T11:56:44,sweep_sizenew,5,0.1,10000,5000,1.0,0.0,0.0,0.5,[0.5],0.5,1.0,-1.0,0.0,0.8,-0.8,0.0,0.5,score
easy_new,ours_refined,0.903694730466384,1.086008479709267,1651,2025-08-08T11:56:44,sweep_sizenew,5,0.1,10000,5000,1.0,0.0,0.0,0.5,[0.5],0.5,1.0,-1.0,0.0,0.8,-0.8,0.0,0.5,score
hard_new,ours_refined,0.8904593639575972,1.1036513545347468,849,2025-08-08T11:56:44,sweep_sizenew,5,0.1,10000,5000,1.0,0.0,0.0,0.5,[0.5],0.5,1.0,-1.0,0.0,0.8,-0.8,0.0,0.5,score
overall,ours_refined,0.8866666666666667,1.1066666666666667,300,2025-08-08T11:56:44,sweep_sizenew,2,0.1,10000,600,1.0,0.0,0.0,0.5,[0.5],0.5,1.0,-1.0,0.0,0.8,-0.8,0.0,0.5,score
easy_new,ours_refined,0.8928571428571429,1.096938775510204,196,2025-08-08T11:56:44,sweep_sizenew,2,0.1,10000,600,1.0,0.0,0.0,0.5,[0.5],0.5,1.0,-1.0,0.0,0.8,-0.8,0.0,0.5,score
hard_new,ours_refined,0.875,1.125,104,2025-08-08T11:56:44,sweep_sizenew,2,0.1,10000,600,1.0,0.0,0.0,0.5,[0.5],0.5,1.0,-1.0,0.0,0.8,-0.8,0.0,0.5,score
overall,ours_refined,0.78,1.16,50,2025-08-08T11:56:44,sweep_sizenew,18,0.1,10000,100,1.0,0.0,0.0,0.5,[0.5],0.5,1.0,-1.0,0.0,0.8,-0.8,0.0,0.5,score
easy_new,ours_refined,0.8285714285714286,1.1714285714285715,35,2025-08-08T11:56:44,sweep_sizenew,18,0.1,10000,100,1.0,0.0,0.0,0.5,[0.5],0.5,1.0,-1.0,0.0,0.8,-0.8,0.0,0.5,score
hard_new,ours_refined,0.6666666666666666,1.1333333333333333,15,2025-08-08T11:56:44,sweep_sizenew,18,0.1,10000,100,1.0,0.0,0.0,0.5,[0.5],0.5,1.0,-1.0,0.0,0.8,-0.8,0.0,0.5,score
overall,ours_refined,0.86,1.08,50,2025-08-08T11:56:45,sweep_sizenew,8,0.1,10000,100,1.0,0.0,0.0,0.5,[0.5],0.5,1.0,-1.0,0.0,0.8,-0.8,0.0,0.5,score
easy_new,ours_refined,0.90625,1.03125,32,2025-08-08T11:56:45,sweep_sizenew,8,0.1,10000,100,1.0,0.0,0.0,0.5,[0.5],0.5,1.0,-1.0,0.0,0.8,-0.8,0.0,0.5,score
hard_new,ours_refined,0.7777777777777778,1.1666666666666667,18,2025-08-08T11:56:45,sweep_sizenew,8,0.1,10000,100,1.0,0.0,0.0,0.5,[0.5],0.5,1.0,-1.0,0.0,0.8,-0.8,0.0,0.5,score
overall,ours_refined,0.94,1.2,50,2025-08-08T11:56:45,sweep_sizenew,9,0.1,10000,100,1.0,0.0,0.0,0.5,[0.5],0.5,1.0,-1.0,0.0,0.8,-0.8,0.0,0.5,score
easy_new,ours_refined,0.9411764705882353,1.1470588235294117,34,2025-08-08T11:56:45,sweep_sizenew,9,0.1,10000,100,1.0,0.0,0.0,0.5,[0.5],0.5,1.0,-1.0,0.0,0.8,-0.8,0.0,0.5,score
hard_new,ours_refined,0.9375,1.3125,16,2025-08-08T11:56:45,sweep_sizenew,9,0.1,10000,100,1.0,0.0,0.0,0.5,[0.5],0.5,1.0,-1.0,0.0,0.8,-0.8,0.0,0.5,score
overall,ours_refined,0.8,1.04,50,2025-08-08T11:56:45,sweep_sizenew,6,0.1,10000,100,1.0,0.0,0.0,0.5,[0.5],0.5,1.0,-1.0,0.0,0.8,-0.8,0.0,0.5,score
easy_new,ours_refined,0.8387096774193549,1.0,31,2025-08-08T11:56:45,sweep_sizenew,6,0.1,10000,100,1.0,0.0,0.0,0.5,[0.5],0.5,1.0,-1.0,0.0,0.8,-0.8,0.0,0.5,score
hard_new,ours_refined,0.7368421052631579,1.105263157894737,19,2025-08-08T11:56:45,sweep_sizenew,6,0.1,10000,100,1.0,0.0,0.0,0.5,[0.5],0.5,1.0,-1.0,0.0,0.8,-0.8,0.0,0.5,score
overall,ours_refined,0.98,1.24,50,2025-08-08T11:56:45,sweep_sizenew,7,0.1,10000,100,1.0,0.0,0.0,0.5,[0.5],0.5,1.0,-1.0,0.0,0.8,-0.8,0.0,0.5,score
easy_new,ours_refined,0.9714285714285714,1.2285714285714286,35,2025-08-08T11:56:45,sweep_sizenew,7,0.1,10000,100,1.0,0.0,0.0,0.5,[0.5],0.5,1.0,-1.0,0.0,0.8,-0.8,0.0,0.5,score
hard_new,ours_refined,1.0,1.2666666666666666,15,2025-08-08T11:56:45,sweep_sizenew,7,0.1,10000,100,1.0,0.0,0.0,0.5,[0.5],0.5,1.0,-1.0,0.0,0.8,-0.8,0.0,0.5,score
overall,ours_refined,0.78,0.96,50,2025-08-08T11:56:46,sweep_sizenew,14,0.1,10000,100,1.0,0.0,0.0,0.5,[0.5],0.5,1.0,-1.0,0.0,0.8,-0.8,0.0,0.5,score
easy_new,ours_refined,0.7575757575757576,0.9696969696969697,33,2025-08-08T11:56:46,sweep_sizenew,14,0.1,10000,100,1.0,0.0,0.0,0.5,[0.5],0.5,1.0,-1.0,0.0,0.8,-0.8,0.0,0.5,score
hard_new,ours_refined,0.8235294117647058,0.9411764705882353,17,2025-08-08T11:56:46,sweep_sizenew,14,0.1,10000,100,1.0,0.0,0.0,0.5,[0.5],0.5,1.0,-1.0,0.0,0.8,-0.8,0.0,0.5,score
overall,ours_refined,0.94,1.24,50,2025-08-08T11:56:46,sweep_sizenew,15,0.1,10000,100,1.0,0.0,0.0,0.5,[0.5],0.5,1.0,-1.0,0.0,0.8,-0.8,0.0,0.5,score
easy_new,ours_refined,0.9666666666666667,1.2333333333333334,30,2025-08-08T11:56:46,sweep_sizenew,15,0.1,10000,100,1.0,0.0,0.0,0.5,[0.5],0.5,1.0,-1.0,0.0,0.8,-0.8,0.0,0.5,score
hard_new,ours_refined,0.9,1.25,20,2025-08-08T11:56:46,sweep_sizenew,15,0.1,10000,100,1.0,0.0,0.0,0.5,[0.5],0.5,1.0,-1.0,0.0,0.8,-0.8,0.0,0.5,score
overall,ours_refined,0.88,1.02,50,2025-08-08T11:56:46,sweep_sizenew,17,0.1,10000,100,1.0,0.0,0.0,0.5,[0.5],0.5,1.0,-1.0,0.0,0.8,-0.8,0.0,0.5,score
easy_new,ours_refined,0.8823529411764706,1.0,34,2025-08-08T11:56:46,sweep_sizenew,17,0.1,10000,100,1.0,0.0,0.0,0.5,[0.5],0.5,1.0,-1.0,0.0,0.8,-0.8,0.0,0.5,score
hard_new,ours_refined,0.875,1.0625,16,2025-08-08T11:56:46,sweep_sizenew,17,0.1,10000,100,1.0,0.0,0.0,0.5,[0.5],0.5,1.0,-1.0,0.0,0.8,-0.8,0.0,0.5,score
overall,ours_refined,0.88,1.18,50,2025-08-08T11:56:46,sweep_sizenew,16,0.1,10000,100,1.0,0.0,0.0,0.5,[0.5],0.5,1.0,-1.0,0.0,0.8,-0.8,0.0,0.5,score
easy_new,ours_refined,0.8888888888888888,1.037037037037037,27,2025-08-08T11:56:46,sweep_sizenew,16,0.1,10000,100,1.0,0.0,0.0,0.5,[0.5],0.5,1.0,-1.0,0.0,0.8,-0.8,0.0,0.5,score
hard_new,ours_refined,0.8695652173913043,1.3478260869565217,23,2025-08-08T11:56:46,sweep_sizenew,16,0.1,10000,100,1.0,0.0,0.0,0.5,[0.5],0.5,1.0,-1.0,0.0,0.8,-0.8,0.0,0.5,score
overall,ours_refined,0.9045714285714286,1.0982857142857143,3500,2025-08-08T11:56:47,sweep_sizenew,4,0.1,10000,7000,1.0,0.0,0.0,0.5,[0.5],0.5,1.0,-1.0,0.0,0.8,-0.8,0.0,0.5,score
easy_new,ours_refined,0.9062901155327343,1.095849379546427,2337,2025-08-08T11:56:47,sweep_sizenew,4,0.1,10000,7000,1.0,0.0,0.0,0.5,[0.5],0.5,1.0,-1.0,0.0,0.8,-0.8,0.0,0.5,score
hard_new,ours_refined,0.9011177987962167,1.1031814273430782,1163,2025-08-08T11:56:47,sweep_sizenew,4,0.1,10000,7000,1.0,0.0,0.0,0.5,[0.5],0.5,1.0,-1.0,0.0,0.8,-0.8,0.0,0.5,score
overall,ours_refined,0.94,1.24,50,2025-08-08T11:56:47,sweep_sizenew,20,0.1,10000,100,1.0,0.0,0.0,0.5,[0.5],0.5,1.0,-1.0,0.0,0.8,-0.8,0.0,0.5,score
easy_new,ours_refined,0.9411764705882353,1.2647058823529411,34,2025-08-08T11:56:47,sweep_sizenew,20,0.1,10000,100,1.0,0.0,0.0,0.5,[0.5],0.5,1.0,-1.0,0.0,0.8,-0.8,0.0,0.5,score
hard_new,ours_refined,0.9375,1.1875,16,2025-08-08T11:56:47,sweep_sizenew,20,0.1,10000,100,1.0,0.0,0.0,0.5,[0.5],0.5,1.0,-1.0,0.0,0.8,-0.8,0.0,0.5,score
overall,ours_refined,0.96,1.1,50,2025-08-08T11:56:47,sweep_sizenew,19,0.1,10000,100,1.0,0.0,0.0,0.5,[0.5],0.5,1.0,-1.0,0.0,0.8,-0.8,0.0,0.5,score
easy_new,ours_refined,0.9642857142857143,1.1071428571428572,28,2025-08-08T11:56:47,sweep_sizenew,19,0.1,10000,100,1.0,0.0,0.0,0.5,[0.5],0.5,1.0,-1.0,0.0,0.8,-0.8,0.0,0.5,score
hard_new,ours_refined,0.9545454545454546,1.0909090909090908,22,2025-08-08T11:56:47,sweep_sizenew,19,0.1,10000,100,1.0,0.0,0.0,0.5,[0.5],0.5,1.0,-1.0,0.0,0.8,-0.8,0.0,0.5,score
overall,ours_refined,0.89,1.19,100,2025-08-08T11:56:50,sweep_sizenew,13,0.1,10000,200,1.0,0.0,0.0,0.5,[0.5],0.5,1.0,-1.0,0.0,0.8,-0.8,0.0,0.5,score
easy_new,ours_refined,0.8857142857142857,1.1571428571428573,70,2025-08-08T11:56:50,sweep_sizenew,13,0.1,10000,200,1.0,0.0,0.0,0.5,[0.5],0.5,1.0,-1.0,0.0,0.8,-0.8,0.0,0.5,score
hard_new,ours_refined,0.9,1.2666666666666666,30,2025-08-08T11:56:50,sweep_sizenew,13,0.1,10000,200,1.0,0.0,0.0,0.5,[0.5],0.5,1.0,-1.0,0.0,0.8,-0.8,0.0,0.5,score
overall,ours_refined,0.85,1.01,100,2025-08-08T11:56:50,sweep_sizenew,12,0.1,10000,200,1.0,0.0,0.0,0.5,[0.5],0.5,1.0,-1.0,0.0,0.8,-0.8,0.0,0.5,score
easy_new,ours_refined,0.8289473684210527,1.013157894736842,76,2025-08-08T11:56:50,sweep_sizenew,12,0.1,10000,200,1.0,0.0,0.0,0.5,[0.5],0.5,1.0,-1.0,0.0,0.8,-0.8,0.0,0.5,score
hard_new,ours_refined,0.9166666666666666,1.0,24,2025-08-08T11:56:50,sweep_sizenew,12,0.1,10000,200,1.0,0.0,0.0,0.5,[0.5],0.5,1.0,-1.0,0.0,0.8,-0.8,0.0,0.5,score
overall,ours_refined,0.92,1.13,100,2025-08-08T11:56:52,sweep_sizenew,8,0.1,10000,200,1.0,0.0,0.0,0.5,[0.5],0.5,1.0,-1.0,0.0,0.8,-0.8,0.0,0.5,score
easy_new,ours_refined,0.9230769230769231,1.1384615384615384,65,2025-08-08T11:56:52,sweep_sizenew,8,0.1,10000,200,1.0,0.0,0.0,0.5,[0.5],0.5,1.0,-1.0,0.0,0.8,-0.8,0.0,0.5,score
hard_new,ours_refined,0.9142857142857143,1.1142857142857143,35,2025-08-08T11:56:52,sweep_sizenew,8,0.1,10000,200,1.0,0.0,0.0,0.5,[0.5],0.5,1.0,-1.0,0.0,0.8,-0.8,0.0,0.5,score
overall,ours_refined,0.96,1.07,100,2025-08-08T11:56:52,sweep_sizenew,9,0.1,10000,200,1.0,0.0,0.0,0.5,[0.5],0.5,1.0,-1.0,0.0,0.8,-0.8,0.0,0.5,score
easy_new,ours_refined,0.9682539682539683,1.0634920634920635,63,2025-08-08T11:56:52,sweep_sizenew,9,0.1,10000,200,1.0,0.0,0.0,0.5,[0.5],0.5,1.0,-1.0,0.0,0.8,-0.8,0.0,0.5,score
hard_new,ours_refined,0.9459459459459459,1.0810810810810811,37,2025-08-08T11:56:52,sweep_sizenew,9,0.1,10000,200,1.0,0.0,0.0,0.5,[0.5],0.5,1.0,-1.0,0.0,0.8,-0.8,0.0,0.5,score
overall,ours_refined,0.91,1.03,100,2025-08-08T11:56:52,sweep_sizenew,18,0.1,10000,200,1.0,0.0,0.0,0.5,[0.5],0.5,1.0,-1.0,0.0,0.8,-0.8,0.0,0.5,score
easy_new,ours_refined,0.9375,1.015625,64,2025-08-08T11:56:52,sweep_sizenew,18,0.1,10000,200,1.0,0.0,0.0,0.5,[0.5],0.5,1.0,-1.0,0.0,0.8,-0.8,0.0,0.5,score
hard_new,ours_refined,0.8611111111111112,1.0555555555555556,36,2025-08-08T11:56:52,sweep_sizenew,18,0.1,10000,200,1.0,0.0,0.0,0.5,[0.5],0.5,1.0,-1.0,0.0,0.8,-0.8,0.0,0.5,score
overall,ours_refined,0.925,1.1,400,2025-08-08T11:56:52,sweep_sizenew,2,0.1,10000,800,1.0,0.0,0.0,0.5,[0.5],0.5,1.0,-1.0,0.0,0.8,-0.8,0.0,0.5,score
easy_new,ours_refined,0.9190283400809717,1.0809716599190284,247,2025-08-08T11:56:52,sweep_sizenew,2,0.1,10000,800,1.0,0.0,0.0,0.5,[0.5],0.5,1.0,-1.0,0.0,0.8,-0.8,0.0,0.5,score
hard_new,ours_refined,0.934640522875817,1.130718954248366,153,2025-08-08T11:56:52,sweep_sizenew,2,0.1,10000,800,1.0,0.0,0.0,0.5,[0.5],0.5,1.0,-1.0,0.0,0.8,-0.8,0.0,0.5,score
overall,ours_refined,0.8974285714285715,1.0717142857142856,3500,2025-08-08T11:56:52,sweep_sizenew,1,0.1,10000,7000,1.0,0.0,0.0,0.5,[0.5],0.5,1.0,-1.0,0.0,0.8,-0.8,0.0,0.5,score
easy_new,ours_refined,0.901250539025442,1.0620957309184993,2319,2025-08-08T11:56:52,sweep_sizenew,1,0.1,10000,7000,1.0,0.0,0.0,0.5,[0.5],0.5,1.0,-1.0,0.0,0.8,-0.8,0.0,0.5,score
hard_new,ours_refined,0.8899237933954276,1.090601185436071,1181,2025-08-08T11:56:52,sweep_sizenew,1,0.1,10000,7000,1.0,0.0,0.0,0.5,[0.5],0.5,1.0,-1.0,0.0,0.8,-0.8,0.0,0.5,score
overall,ours_refined,0.88,1.04,100,2025-08-08T11:56:53,sweep_sizenew,6,0.1,10000,200,1.0,0.0,0.0,0.5,[0.5],0.5,1.0,-1.0,0.0,0.8,-0.8,0.0,0.5,score
easy_new,ours_refined,0.875,1.046875,64,2025-08-08T11:56:53,sweep_sizenew,6,0.1,10000,200,1.0,0.0,0.0,0.5,[0.5],0.5,1.0,-1.0,0.0,0.8,-0.8,0.0,0.5,score
hard_new,ours_refined,0.8888888888888888,1.0277777777777777,36,2025-08-08T11:56:53,sweep_sizenew,6,0.1,10000,200,1.0,0.0,0.0,0.5,[0.5],0.5,1.0,-1.0,0.0,0.8,-0.8,0.0,0.5,score
overall,ours_refined,0.85,1.04,100,2025-08-08T11:56:53,sweep_sizenew,15,0.1,10000,200,1.0,0.0,0.0,0.5,[0.5],0.5,1.0,-1.0,0.0,0.8,-0.8,0.0,0.5,score
easy_new,ours_refined,0.84375,1.03125,64,2025-08-08T11:56:53,sweep_sizenew,15,0.1,10000,200,1.0,0.0,0.0,0.5,[0.5],0.5,1.0,-1.0,0.0,0.8,-0.8,0.0,0.5,score
hard_new,ours_refined,0.8611111111111112,1.0555555555555556,36,2025-08-08T11:56:53,sweep_sizenew,15,0.1,10000,200,1.0,0.0,0.0,0.5,[0.5],0.5,1.0,-1.0,0.0,0.8,-0.8,0.0,0.5,score
overall,ours_refined,0.89,1.07,100,2025-08-08T11:56:53,sweep_sizenew,14,0.1,10000,200,1.0,0.0,0.0,0.5,[0.5],0.5,1.0,-1.0,0.0,0.8,-0.8,0.0,0.5,score
easy_new,ours_refined,0.8970588235294118,1.0441176470588236,68,2025-08-08T11:56:53,sweep_sizenew,14,0.1,10000,200,1.0,0.0,0.0,0.5,[0.5],0.5,1.0,-1.0,0.0,0.8,-0.8,0.0,0.5,score
hard_new,ours_refined,0.875,1.125,32,2025-08-08T11:56:53,sweep_sizenew,14,0.1,10000,200,1.0,0.0,0.0,0.5,[0.5],0.5,1.0,-1.0,0.0,0.8,-0.8,0.0,0.5,score
overall,ours_refined,0.9,1.03,100,2025-08-08T11:56:53,sweep_sizenew,7,0.1,10000,200,1.0,0.0,0.0,0.5,[0.5],0.5,1.0,-1.0,0.0,0.8,-0.8,0.0,0.5,score
easy_new,ours_refined,0.9117647058823529,1.0294117647058822,68,2025-08-08T11:56:53,sweep_sizenew,7,0.1,10000,200,1.0,0.0,0.0,0.5,[0.5],0.5,1.0,-1.0,0.0,0.8,-0.8,0.0,0.5,score
hard_new,ours_refined,0.875,1.03125,32,2025-08-08T11:56:53,sweep_sizenew,7,0.1,10000,200,1.0,0.0,0.0,0.5,[0.5],0.5,1.0,-1.0,0.0,0.8,-0.8,0.0,0.5,score
overall,ours_refined,0.96,1.36,50,2025-08-08T11:56:53,sweep_sizenew,10,0.1,10000,100,1.0,0.0,0.0,0.5,[0.5],0.5,1.0,-1.0,0.0,0.8,-0.8,0.0,0.5,score
easy_new,ours_refined,0.9666666666666667,1.3333333333333333,30,2025-08-08T11:56:53,sweep_sizenew,10,0.1,10000,100,1.0,0.0,0.0,0.5,[0.5],0.5,1.0,-1.0,0.0,0.8,-0.8,0.0,0.5,score
hard_new,ours_refined,0.95,1.4,20,2025-08-08T11:56:53,sweep_sizenew,10,0.1,10000,100,1.0,0.0,0.0,0.5,[0.5],0.5,1.0,-1.0,0.0,0.8,-0.8,0.0,0.5,score
overall,ours_refined,0.94,1.28,50,2025-08-08T11:56:53,sweep_sizenew,11,0.1,10000,100,1.0,0.0,0.0,0.5,[0.5],0.5,1.0,-1.0,0.0,0.8,-0.8,0.0,0.5,score
easy_new,ours_refined,0.9696969696969697,1.1818181818181819,33,2025-08-08T11:56:53,sweep_sizenew,11,0.1,10000,100,1.0,0.0,0.0,0.5,[0.5],0.5,1.0,-1.0,0.0,0.8,-0.8,0.0,0.5,score
hard_new,ours_refined,0.8823529411764706,1.4705882352941178,17,2025-08-08T11:56:53,sweep_sizenew,11,0.1,10000,100,1.0,0.0,0.0,0.5,[0.5],0.5,1.0,-1.0,0.0,0.8,-0.8,0.0,0.5,score
overall,ours_refined,0.8963333333333333,1.082,3000,2025-08-08T11:56:54,sweep_sizenew,5,0.1,10000,6000,1.0,0.0,0.0,0.5,[0.5],0.5,1.0,-1.0,0.0,0.8,-0.8,0.0,0.5,score
easy_new,ours_refined,0.8934881373043917,1.076728924785462,1981,2025-08-08T11:56:54,sweep_sizenew,5,0.1,10000,6000,1.0,0.0,0.0,0.5,[0.5],0.5,1.0,-1.0,0.0,0.8,-0.8,0.0,0.5,score
hard_new,ours_refined,0.9018645731108931,1.0922473012757605,1019,2025-08-08T11:56:54,sweep_sizenew,5,0.1,10000,6000,1.0,0.0,0.0,0.5,[0.5],0.5,1.0,-1.0,0.0,0.8,-0.8,0.0,0.5,score
overall,ours_refined,0.8785,1.054,2000,2025-08-08T11:56:54,sweep_sizenew,3,0.1,10000,4000,1.0,0.0,0.0,0.5,[0.5],0.5,1.0,-1.0,0.0,0.8,-0.8,0.0,0.5,score
easy_new,ours_refined,0.8767334360554699,1.051617873651772,1298,2025-08-08T11:56:54,sweep_sizenew,3,0.1,10000,4000,1.0,0.0,0.0,0.5,[0.5],0.5,1.0,-1.0,0.0,0.8,-0.8,0.0,0.5,score
hard_new,ours_refined,0.8817663817663818,1.0584045584045585,702,2025-08-08T11:56:54,sweep_sizenew,3,0.1,10000,4000,1.0,0.0,0.0,0.5,[0.5],0.5,1.0,-1.0,0.0,0.8,-0.8,0.0,0.5,score
overall,ours_refined,0.98,1.24,100,2025-08-08T11:56:54,sweep_sizenew,17,0.1,10000,200,1.0,0.0,0.0,0.5,[0.5],0.5,1.0,-1.0,0.0,0.8,-0.8,0.0,0.5,score
easy_new,ours_refined,0.9864864864864865,1.2432432432432432,74,2025-08-08T11:56:54,sweep_sizenew,17,0.1,10000,200,1.0,0.0,0.0,0.5,[0.5],0.5,1.0,-1.0,0.0,0.8,-0.8,0.0,0.5,score
hard_new,ours_refined,0.9615384615384616,1.2307692307692308,26,2025-08-08T11:56:54,sweep_sizenew,17,0.1,10000,200,1.0,0.0,0.0,0.5,[0.5],0.5,1.0,-1.0,0.0,0.8,-0.8,0.0,0.5,score
overall,ours_refined,0.94,1.12,100,2025-08-08T11:56:54,sweep_sizenew,16,0.1,10000,200,1.0,0.0,0.0,0.5,[0.5],0.5,1.0,-1.0,0.0,0.8,-0.8,0.0,0.5,score
easy_new,ours_refined,0.9661016949152542,1.1355932203389831,59,2025-08-08T11:56:54,sweep_sizenew,16,0.1,10000,200,1.0,0.0,0.0,0.5,[0.5],0.5,1.0,-1.0,0.0,0.8,-0.8,0.0,0.5,score
hard_new,ours_refined,0.9024390243902439,1.0975609756097562,41,2025-08-08T11:56:54,sweep_sizenew,16,0.1,10000,200,1.0,0.0,0.0,0.5,[0.5],0.5,1.0,-1.0,0.0,0.8,-0.8,0.0,0.5,score
overall,ours_refined,0.85,1.095,200,2025-08-08T11:56:55,sweep_sizenew,13,0.1,10000,400,1.0,0.0,0.0,0.5,[0.5],0.5,1.0,-1.0,0.0,0.8,-0.8,0.0,0.5,score
easy_new,ours_refined,0.8613138686131386,1.102189781021898,137,2025-08-08T11:56:55,sweep_sizenew,13,0.1,10000,400,1.0,0.0,0.0,0.5,[0.5],0.5,1.0,-1.0,0.0,0.8,-0.8,0.0,0.5,score
hard_new,ours_refined,0.8253968253968254,1.0793650793650793,63,2025-08-08T11:56:55,sweep_sizenew,13,0.1,10000,400,1.0,0.0,0.0,0.5,[0.5],0.5,1.0,-1.0,0.0,0.8,-0.8,0.0,0.5,score
overall,ours_refined,0.965,1.125,200,2025-08-08T11:56:55,sweep_sizenew,12,0.1,10000,400,1.0,0.0,0.0,0.5,[0.5],0.5,1.0,-1.0,0.0,0.8,-0.8,0.0,0.5,score
easy_new,ours_refined,0.9652777777777778,1.1041666666666667,144,2025-08-08T11:56:55,sweep_sizenew,12,0.1,10000,400,1.0,0.0,0.0,0.5,[0.5],0.5,1.0,-1.0,0.0,0.8,-0.8,0.0,0.5,score
hard_new,ours_refined,0.9642857142857143,1.1785714285714286,56,2025-08-08T11:56:55,sweep_sizenew,12,0.1,10000,400,1.0,0.0,0.0,0.5,[0.5],0.5,1.0,-1.0,0.0,0.8,-0.8,0.0,0.5,score
overall,ours_refined,0.90525,1.09975,4000,2025-08-08T11:56:56,sweep_sizenew,4,0.1,10000,8000,1.0,0.0,0.0,0.5,[0.5],0.5,1.0,-1.0,0.0,0.8,-0.8,0.0,0.5,score
easy_new,ours_refined,0.9105997736703131,1.089023010184836,2651,2025-08-08T11:56:56,sweep_sizenew,4,0.1,10000,8000,1.0,0.0,0.0,0.5,[0.5],0.5,1.0,-1.0,0.0,0.8,-0.8,0.0,0.5,score
hard_new,ours_refined,0.8947368421052632,1.1208302446256486,1349,2025-08-08T11:56:56,sweep_sizenew,4,0.1,10000,8000,1.0,0.0,0.0,0.5,[0.5],0.5,1.0,-1.0,0.0,0.8,-0.8,0.0,0.5,score
overall,ours_refined,0.91,1.09,200,2025-08-08T11:56:56,sweep_sizenew,8,0.1,10000,400,1.0,0.0,0.0,0.5,[0.5],0.5,1.0,-1.0,0.0,0.8,-0.8,0.0,0.5,score
easy_new,ours_refined,0.9105691056910569,1.08130081300813,123,2025-08-08T11:56:56,sweep_sizenew,8,0.1,10000,400,1.0,0.0,0.0,0.5,[0.5],0.5,1.0,-1.0,0.0,0.8,-0.8,0.0,0.5,score
hard_new,ours_refined,0.9090909090909091,1.103896103896104,77,2025-08-08T11:56:56,sweep_sizenew,8,0.1,10000,400,1.0,0.0,0.0,0.5,[0.5],0.5,1.0,-1.0,0.0,0.8,-0.8,0.0,0.5,score
overall,ours_refined,0.92,1.05,200,2025-08-08T11:56:57,sweep_sizenew,9,0.1,10000,400,1.0,0.0,0.0,0.5,[0.5],0.5,1.0,-1.0,0.0,0.8,-0.8,0.0,0.5,score
easy_new,ours_refined,0.9318181818181818,1.053030303030303,132,2025-08-08T11:56:57,sweep_sizenew,9,0.1,10000,400,1.0,0.0,0.0,0.5,[0.5],0.5,1.0,-1.0,0.0,0.8,-0.8,0.0,0.5,score
hard_new,ours_refined,0.8970588235294118,1.0441176470588236,68,2025-08-08T11:56:57,sweep_sizenew,9,0.1,10000,400,1.0,0.0,0.0,0.5,[0.5],0.5,1.0,-1.0,0.0,0.8,-0.8,0.0,0.5,score
overall,ours_refined,0.87,1.0,100,2025-08-08T11:56:57,sweep_sizenew,19,0.1,10000,200,1.0,0.0,0.0,0.5,[0.5],0.5,1.0,-1.0,0.0,0.8,-0.8,0.0,0.5,score
easy_new,ours_refined,0.873015873015873,1.0,63,2025-08-08T11:56:57,sweep_sizenew,19,0.1,10000,200,1.0,0.0,0.0,0.5,[0.5],0.5,1.0,-1.0,0.0,0.8,-0.8,0.0,0.5,score
hard_new,ours_refined,0.8648648648648649,1.0,37,2025-08-08T11:56:57,sweep_sizenew,19,0.1,10000,200,1.0,0.0,0.0,0.5,[0.5],0.5,1.0,-1.0,0.0,0.8,-0.8,0.0,0.5,score
overall,ours_refined,0.88,1.08,100,2025-08-08T11:56:57,sweep_sizenew,20,0.1,10000,200,1.0,0.0,0.0,0.5,[0.5],0.5,1.0,-1.0,0.0,0.8,-0.8,0.0,0.5,score
easy_new,ours_refined,0.8676470588235294,1.0588235294117647,68,2025-08-08T11:56:57,sweep_sizenew,20,0.1,10000,200,1.0,0.0,0.0,0.5,[0.5],0.5,1.0,-1.0,0.0,0.8,-0.8,0.0,0.5,score
hard_new,ours_refined,0.90625,1.125,32,2025-08-08T11:56:57,sweep_sizenew,20,0.1,10000,200,1.0,0.0,0.0,0.5,[0.5],0.5,1.0,-1.0,0.0,0.8,-0.8,0.0,0.5,score
overall,ours_refined,0.92,1.21,200,2025-08-08T11:56:58,sweep_sizenew,15,0.1,10000,400,1.0,0.0,0.0,0.5,[0.5],0.5,1.0,-1.0,0.0,0.8,-0.8,0.0,0.5,score
easy_new,ours_refined,0.9606299212598425,1.1732283464566928,127,2025-08-08T11:56:58,sweep_sizenew,15,0.1,10000,400,1.0,0.0,0.0,0.5,[0.5],0.5,1.0,-1.0,0.0,0.8,-0.8,0.0,0.5,score
hard_new,ours_refined,0.8493150684931506,1.273972602739726,73,2025-08-08T11:56:58,sweep_sizenew,15,0.1,10000,400,1.0,0.0,0.0,0.5,[0.5],0.5,1.0,-1.0,0.0,0.8,-0.8,0.0,0.5,score
overall,ours_refined,0.935,1.115,200,2025-08-08T11:56:58,sweep_sizenew,14,0.1,10000,400,1.0,0.0,0.0,0.5,[0.5],0.5,1.0,-1.0,0.0,0.8,-0.8,0.0,0.5,score
easy_new,ours_refined,0.9193548387096774,1.1048387096774193,124,2025-08-08T11:56:58,sweep_sizenew,14,0.1,10000,400,1.0,0.0,0.0,0.5,[0.5],0.5,1.0,-1.0,0.0,0.8,-0.8,0.0,0.5,score
hard_new,ours_refined,0.9605263157894737,1.131578947368421,76,2025-08-08T11:56:58,sweep_sizenew,14,0.1,10000,400,1.0,0.0,0.0,0.5,[0.5],0.5,1.0,-1.0,0.0,0.8,-0.8,0.0,0.5,score
overall,ours_refined,0.89,1.08,200,2025-08-08T11:56:58,sweep_sizenew,7,0.1,10000,400,1.0,0.0,0.0,0.5,[0.5],0.5,1.0,-1.0,0.0,0.8,-0.8,0.0,0.5,score
easy_new,ours_refined,0.8947368421052632,1.0526315789473684,133,2025-08-08T11:56:58,sweep_sizenew,7,0.1,10000,400,1.0,0.0,0.0,0.5,[0.5],0.5,1.0,-1.0,0.0,0.8,-0.8,0.0,0.5,score
hard_new,ours_refined,0.8805970149253731,1.1343283582089552,67,2025-08-08T11:56:58,sweep_sizenew,7,0.1,10000,400,1.0,0.0,0.0,0.5,[0.5],0.5,1.0,-1.0,0.0,0.8,-0.8,0.0,0.5,score
overall,ours_refined,0.91,1.105,200,2025-08-08T11:56:58,sweep_sizenew,6,0.1,10000,400,1.0,0.0,0.0,0.5,[0.5],0.5,1.0,-1.0,0.0,0.8,-0.8,0.0,0.5,score
easy_new,ours_refined,0.9090909090909091,1.0909090909090908,132,2025-08-08T11:56:58,sweep_sizenew,6,0.1,10000,400,1.0,0.0,0.0,0.5,[0.5],0.5,1.0,-1.0,0.0,0.8,-0.8,0.0,0.5,score
hard_new,ours_refined,0.9117647058823529,1.1323529411764706,68,2025-08-08T11:56:58,sweep_sizenew,6,0.1,10000,400,1.0,0.0,0.0,0.5,[0.5],0.5,1.0,-1.0,0.0,0.8,-0.8,0.0,0.5,score
overall,ours_refined,0.91,1.13,200,2025-08-08T11:56:58,sweep_sizenew,18,0.1,10000,400,1.0,0.0,0.0,0.5,[0.5],0.5,1.0,-1.0,0.0,0.8,-0.8,0.0,0.5,score
easy_new,ours_refined,0.9236641221374046,1.0916030534351144,131,2025-08-08T11:56:58,sweep_sizenew,18,0.1,10000,400,1.0,0.0,0.0,0.5,[0.5],0.5,1.0,-1.0,0.0,0.8,-0.8,0.0,0.5,score
hard_new,ours_refined,0.8840579710144928,1.2028985507246377,69,2025-08-08T11:56:58,sweep_sizenew,18,0.1,10000,400,1.0,0.0,0.0,0.5,[0.5],0.5,1.0,-1.0,0.0,0.8,-0.8,0.0,0.5,score
overall,ours_refined,0.82,1.02,200,2025-08-08T11:56:59,sweep_sizenew,17,0.1,10000,400,1.0,0.0,0.0,0.5,[0.5],0.5,1.0,-1.0,0.0,0.8,-0.8,0.0,0.5,score
easy_new,ours_refined,0.841726618705036,1.0287769784172662,139,2025-08-08T11:56:59,sweep_sizenew,17,0.1,10000,400,1.0,0.0,0.0,0.5,[0.5],0.5,1.0,-1.0,0.0,0.8,-0.8,0.0,0.5,score
hard_new,ours_refined,0.7704918032786885,1.0,61,2025-08-08T11:56:59,sweep_sizenew,17,0.1,10000,400,1.0,0.0,0.0,0.5,[0.5],0.5,1.0,-1.0,0.0,0.8,-0.8,0.0,0.5,score
overall,ours_refined,0.89,1.115,200,2025-08-08T11:56:59,sweep_sizenew,16,0.1,10000,400,1.0,0.0,0.0,0.5,[0.5],0.5,1.0,-1.0,0.0,0.8,-0.8,0.0,0.5,score
easy_new,ours_refined,0.9193548387096774,1.1209677419354838,124,2025-08-08T11:56:59,sweep_sizenew,16,0.1,10000,400,1.0,0.0,0.0,0.5,[0.5],0.5,1.0,-1.0,0.0,0.8,-0.8,0.0,0.5,score
hard_new,ours_refined,0.8421052631578947,1.105263157894737,76,2025-08-08T11:56:59,sweep_sizenew,16,0.1,10000,400,1.0,0.0,0.0,0.5,[0.5],0.5,1.0,-1.0,0.0,0.8,-0.8,0.0,0.5,score
overall,ours_refined,0.8933333333333333,1.01,300,2025-08-08T11:57:00,sweep_sizenew,12,0.1,10000,600,1.0,0.0,0.0,0.5,[0.5],0.5,1.0,-1.0,0.0,0.8,-0.8,0.0,0.5,score
easy_new,ours_refined,0.8985507246376812,1.0144927536231885,207,2025-08-08T11:57:00,sweep_sizenew,12,0.1,10000,600,1.0,0.0,0.0,0.5,[0.5],0.5,1.0,-1.0,0.0,0.8,-0.8,0.0,0.5,score
hard_new,ours_refined,0.8817204301075269,1.0,93,2025-08-08T11:57:00,sweep_sizenew,12,0.1,10000,600,1.0,0.0,0.0,0.5,[0.5],0.5,1.0,-1.0,0.0,0.8,-0.8,0.0,0.5,score
overall,ours_refined,0.9166666666666666,1.1266666666666667,300,2025-08-08T11:57:00,sweep_sizenew,13,0.1,10000,600,1.0,0.0,0.0,0.5,[0.5],0.5,1.0,-1.0,0.0,0.8,-0.8,0.0,0.5,score
easy_new,ours_refined,0.9146919431279621,1.099526066350711,211,2025-08-08T11:57:00,sweep_sizenew,13,0.1,10000,600,1.0,0.0,0.0,0.5,[0.5],0.5,1.0,-1.0,0.0,0.8,-0.8,0.0,0.5,score
hard_new,ours_refined,0.9213483146067416,1.1910112359550562,89,2025-08-08T11:57:00,sweep_sizenew,13,0.1,10000,600,1.0,0.0,0.0,0.5,[0.5],0.5,1.0,-1.0,0.0,0.8,-0.8,0.0,0.5,score
overall,ours_refined,0.902,1.094,500,2025-08-08T11:57:01,sweep_sizenew,2,0.1,10000,1000,1.0,0.0,0.0,0.5,[0.5],0.5,1.0,-1.0,0.0,0.8,-0.8,0.0,0.5,score
easy_new,ours_refined,0.9190031152647975,1.087227414330218,321,2025-08-08T11:57:01,sweep_sizenew,2,0.1,10000,1000,1.0,0.0,0.0,0.5,[0.5],0.5,1.0,-1.0,0.0,0.8,-0.8,0.0,0.5,score
hard_new,ours_refined,0.8715083798882681,1.106145251396648,179,2025-08-08T11:57:01,sweep_sizenew,2,0.1,10000,1000,1.0,0.0,0.0,0.5,[0.5],0.5,1.0,-1.0,0.0,0.8,-0.8,0.0,0.5,score
overall,ours_refined,0.89,1.0433333333333332,300,2025-08-08T11:57:01,sweep_sizenew,8,0.1,10000,600,1.0,0.0,0.0,0.5,[0.5],0.5,1.0,-1.0,0.0,0.8,-0.8,0.0,0.5,score
easy_new,ours_refined,0.8860103626943006,1.0362694300518134,193,2025-08-08T11:57:01,sweep_sizenew,8,0.1,10000,600,1.0,0.0,0.0,0.5,[0.5],0.5,1.0,-1.0,0.0,0.8,-0.8,0.0,0.5,score
hard_new,ours_refined,0.897196261682243,1.0560747663551402,107,2025-08-08T11:57:01,sweep_sizenew,8,0.1,10000,600,1.0,0.0,0.0,0.5,[0.5],0.5,1.0,-1.0,0.0,0.8,-0.8,0.0,0.5,score
overall,ours_refined,0.91025,1.09725,4000,2025-08-08T11:57:02,sweep_sizenew,1,0.1,10000,8000,1.0,0.0,0.0,0.5,[0.5],0.5,1.0,-1.0,0.0,0.8,-0.8,0.0,0.5,score
easy_new,ours_refined,0.90895410082769,1.0827689992475547,2658,2025-08-08T11:57:02,sweep_sizenew,1,0.1,10000,8000,1.0,0.0,0.0,0.5,[0.5],0.5,1.0,-1.0,0.0,0.8,-0.8,0.0,0.5,score
hard_new,ours_refined,0.912816691505216,1.1259314456035767,1342,2025-08-08T11:57:02,sweep_sizenew,1,0.1,10000,8000,1.0,0.0,0.0,0.5,[0.5],0.5,1.0,-1.0,0.0,0.8,-0.8,0.0,0.5,score
overall,ours_refined,0.94,1.19,300,2025-08-08T11:57:02,sweep_sizenew,9,0.1,10000,600,1.0,0.0,0.0,0.5,[0.5],0.5,1.0,-1.0,0.0,0.8,-0.8,0.0,0.5,score
easy_new,ours_refined,0.9556650246305419,1.1428571428571428,203,2025-08-08T11:57:02,sweep_sizenew,9,0.1,10000,600,1.0,0.0,0.0,0.5,[0.5],0.5,1.0,-1.0,0.0,0.8,-0.8,0.0,0.5,score
hard_new,ours_refined,0.9072164948453608,1.288659793814433,97,2025-08-08T11:57:02,sweep_sizenew,9,0.1,10000,600,1.0,0.0,0.0,0.5,[0.5],0.5,1.0,-1.0,0.0,0.8,-0.8,0.0,0.5,score
overall,ours_refined,0.91,1.08,100,2025-08-08T11:57:02,sweep_sizenew,10,0.1,10000,200,1.0,0.0,0.0,0.5,[0.5],0.5,1.0,-1.0,0.0,0.8,-0.8,0.0,0.5,score
easy_new,ours_refined,0.9,1.0833333333333333,60,2025-08-08T11:57:02,sweep_sizenew,10,0.1,10000,200,1.0,0.0,0.0,0.5,[0.5],0.5,1.0,-1.0,0.0,0.8,-0.8,0.0,0.5,score
hard_new,ours_refined,0.925,1.075,40,2025-08-08T11:57:02,sweep_sizenew,10,0.1,10000,200,1.0,0.0,0.0,0.5,[0.5],0.5,1.0,-1.0,0.0,0.8,-0.8,0.0,0.5,score
overall,ours_refined,0.95,1.14,100,2025-08-08T11:57:02,sweep_sizenew,11,0.1,10000,200,1.0,0.0,0.0,0.5,[0.5],0.5,1.0,-1.0,0.0,0.8,-0.8,0.0,0.5,score
easy_new,ours_refined,0.948051948051948,1.155844155844156,77,2025-08-08T11:57:02,sweep_sizenew,11,0.1,10000,200,1.0,0.0,0.0,0.5,[0.5],0.5,1.0,-1.0,0.0,0.8,-0.8,0.0,0.5,score
hard_new,ours_refined,0.9565217391304348,1.0869565217391304,23,2025-08-08T11:57:02,sweep_sizenew,11,0.1,10000,200,1.0,0.0,0.0,0.5,[0.5],0.5,1.0,-1.0,0.0,0.8,-0.8,0.0,0.5,score
overall,ours_refined,0.93,1.2166666666666666,300,2025-08-08T11:57:03,sweep_sizenew,15,0.1,10000,600,1.0,0.0,0.0,0.5,[0.5],0.5,1.0,-1.0,0.0,0.8,-0.8,0.0,0.5,score
easy_new,ours_refined,0.9424083769633508,1.1780104712041886,191,2025-08-08T11:57:03,sweep_sizenew,15,0.1,10000,600,1.0,0.0,0.0,0.5,[0.5],0.5,1.0,-1.0,0.0,0.8,-0.8,0.0,0.5,score
hard_new,ours_refined,0.908256880733945,1.2844036697247707,109,2025-08-08T11:57:03,sweep_sizenew,15,0.1,10000,600,1.0,0.0,0.0,0.5,[0.5],0.5,1.0,-1.0,0.0,0.8,-0.8,0.0,0.5,score
overall,ours_refined,0.8833333333333333,1.1166666666666667,300,2025-08-08T11:57:03,sweep_sizenew,7,0.1,10000,600,1.0,0.0,0.0,0.5,[0.5],0.5,1.0,-1.0,0.0,0.8,-0.8,0.0,0.5,score
easy_new,ours_refined,0.88,1.105,200,2025-08-08T11:57:03,sweep_sizenew,7,0.1,10000,600,1.0,0.0,0.0,0.5,[0.5],0.5,1.0,-1.0,0.0,0.8,-0.8,0.0,0.5,score
hard_new,ours_refined,0.89,1.14,100,2025-08-08T11:57:03,sweep_sizenew,7,0.1,10000,600,1.0,0.0,0.0,0.5,[0.5],0.5,1.0,-1.0,0.0,0.8,-0.8,0.0,0.5,score
overall,ours_refined,0.96,1.1833333333333333,300,2025-08-08T11:57:03,sweep_sizenew,14,0.1,10000,600,1.0,0.0,0.0,0.5,[0.5],0.5,1.0,-1.0,0.0,0.8,-0.8,0.0,0.5,score
easy_new,ours_refined,0.9504950495049505,1.1534653465346534,202,2025-08-08T11:57:03,sweep_sizenew,14,0.1,10000,600,1.0,0.0,0.0,0.5,[0.5],0.5,1.0,-1.0,0.0,0.8,-0.8,0.0,0.5,score
hard_new,ours_refined,0.9795918367346939,1.2448979591836735,98,2025-08-08T11:57:03,sweep_sizenew,14,0.1,10000,600,1.0,0.0,0.0,0.5,[0.5],0.5,1.0,-1.0,0.0,0.8,-0.8,0.0,0.5,score
overall,ours_refined,0.8866666666666667,1.04,300,2025-08-08T11:57:03,sweep_sizenew,6,0.1,10000,600,1.0,0.0,0.0,0.5,[0.5],0.5,1.0,-1.0,0.0,0.8,-0.8,0.0,0.5,score
easy_new,ours_refined,0.8756756756756757,1.027027027027027,185,2025-08-08T11:57:03,sweep_sizenew,6,0.1,10000,600,1.0,0.0,0.0,0.5,[0.5],0.5,1.0,-1.0,0.0,0.8,-0.8,0.0,0.5,score
hard_new,ours_refined,0.9043478260869565,1.0608695652173914,115,2025-08-08T11:57:03,sweep_sizenew,6,0.1,10000,600,1.0,0.0,0.0,0.5,[0.5],0.5,1.0,-1.0,0.0,0.8,-0.8,0.0,0.5,score
overall,ours_refined,0.8866666666666667,1.12,300,2025-08-08T11:57:03,sweep_sizenew,17,0.1,10000,600,1.0,0.0,0.0,0.5,[0.5],0.5,1.0,-1.0,0.0,0.8,-0.8,0.0,0.5,score
easy_new,ours_refined,0.8944723618090452,1.1055276381909547,199,2025-08-08T11:57:03,sweep_sizenew,17,0.1,10000,600,1.0,0.0,0.0,0.5,[0.5],0.5,1.0,-1.0,0.0,0.8,-0.8,0.0,0.5,score
hard_new,ours_refined,0.8712871287128713,1.1485148514851484,101,2025-08-08T11:57:03,sweep_sizenew,17,0.1,10000,600,1.0,0.0,0.0,0.5,[0.5],0.5,1.0,-1.0,0.0,0.8,-0.8,0.0,0.5,score
overall,ours_refined,0.95,1.12,200,2025-08-08T11:57:04,sweep_sizenew,20,0.1,10000,400,1.0,0.0,0.0,0.5,[0.5],0.5,1.0,-1.0,0.0,0.8,-0.8,0.0,0.5,score
easy_new,ours_refined,0.9444444444444444,1.126984126984127,126,2025-08-08T11:57:04,sweep_sizenew,20,0.1,10000,400,1.0,0.0,0.0,0.5,[0.5],0.5,1.0,-1.0,0.0,0.8,-0.8,0.0,0.5,score
hard_new,ours_refined,0.9594594594594594,1.1081081081081081,74,2025-08-08T11:57:04,sweep_sizenew,20,0.1,10000,400,1.0,0.0,0.0,0.5,[0.5],0.5,1.0,-1.0,0.0,0.8,-0.8,0.0,0.5,score
overall,ours_refined,0.915,1.205,200,2025-08-08T11:57:04,sweep_sizenew,19,0.1,10000,400,1.0,0.0,0.0,0.5,[0.5],0.5,1.0,-1.0,0.0,0.8,-0.8,0.0,0.5,score
easy_new,ours_refined,0.921875,1.203125,128,2025-08-08T11:57:04,sweep_sizenew,19,0.1,10000,400,1.0,0.0,0.0,0.5,[0.5],0.5,1.0,-1.0,0.0,0.8,-0.8,0.0,0.5,score
hard_new,ours_refined,0.9027777777777778,1.2083333333333333,72,2025-08-08T11:57:04,sweep_sizenew,19,0.1,10000,400,1.0,0.0,0.0,0.5,[0.5],0.5,1.0,-1.0,0.0,0.8,-0.8,0.0,0.5,score
overall,ours_refined,0.9,1.03,300,2025-08-08T11:57:04,sweep_sizenew,16,0.1,10000,600,1.0,0.0,0.0,0.5,[0.5],0.5,1.0,-1.0,0.0,0.8,-0.8,0.0,0.5,score
easy_new,ours_refined,0.900523560209424,1.031413612565445,191,2025-08-08T11:57:04,sweep_sizenew,16,0.1,10000,600,1.0,0.0,0.0,0.5,[0.5],0.5,1.0,-1.0,0.0,0.8,-0.8,0.0,0.5,score
hard_new,ours_refined,0.8990825688073395,1.0275229357798166,109,2025-08-08T11:57:04,sweep_sizenew,16,0.1,10000,600,1.0,0.0,0.0,0.5,[0.5],0.5,1.0,-1.0,0.0,0.8,-0.8,0.0,0.5,score
overall,ours_refined,0.8766666666666667,1.0333333333333334,300,2025-08-08T11:57:04,sweep_sizenew,18,0.1,10000,600,1.0,0.0,0.0,0.5,[0.5],0.5,1.0,-1.0,0.0,0.8,-0.8,0.0,0.5,score
easy_new,ours_refined,0.9030612244897959,1.0357142857142858,196,2025-08-08T11:57:04,sweep_sizenew,18,0.1,10000,600,1.0,0.0,0.0,0.5,[0.5],0.5,1.0,-1.0,0.0,0.8,-0.8,0.0,0.5,score
hard_new,ours_refined,0.8269230769230769,1.0288461538461537,104,2025-08-08T11:57:04,sweep_sizenew,18,0.1,10000,600,1.0,0.0,0.0,0.5,[0.5],0.5,1.0,-1.0,0.0,0.8,-0.8,0.0,0.5,score
overall,ours_refined,0.9065714285714286,1.0851428571428572,3500,2025-08-08T11:57:05,sweep_sizenew,5,0.1,10000,7000,1.0,0.0,0.0,0.5,[0.5],0.5,1.0,-1.0,0.0,0.8,-0.8,0.0,0.5,score
easy_new,ours_refined,0.9078321073128516,1.0778883600173086,2311,2025-08-08T11:57:05,sweep_sizenew,5,0.1,10000,7000,1.0,0.0,0.0,0.5,[0.5],0.5,1.0,-1.0,0.0,0.8,-0.8,0.0,0.5,score
hard_new,ours_refined,0.904121110176619,1.0992430613961313,1189,2025-08-08T11:57:05,sweep_sizenew,5,0.1,10000,7000,1.0,0.0,0.0,0.5,[0.5],0.5,1.0,-1.0,0.0,0.8,-0.8,0.0,0.5,score
overall,ours_refined,0.955,1.1825,400,2025-08-08T11:57:05,sweep_sizenew,13,0.1,10000,800,1.0,0.0,0.0,0.5,[0.5],0.5,1.0,-1.0,0.0,0.8,-0.8,0.0,0.5,score
easy_new,ours_refined,0.9581749049429658,1.1634980988593155,263,2025-08-08T11:57:05,sweep_sizenew,13,0.1,10000,800,1.0,0.0,0.0,0.5,[0.5],0.5,1.0,-1.0,0.0,0.8,-0.8,0.0,0.5,score
hard_new,ours_refined,0.948905109489051,1.218978102189781,137,2025-08-08T11:57:05,sweep_sizenew,13,0.1,10000,800,1.0,0.0,0.0,0.5,[0.5],0.5,1.0,-1.0,0.0,0.8,-0.8,0.0,0.5,score
overall,ours_refined,0.8725,1.0075,400,2025-08-08T11:57:05,sweep_sizenew,12,0.1,10000,800,1.0,0.0,0.0,0.5,[0.5],0.5,1.0,-1.0,0.0,0.8,-0.8,0.0,0.5,score
easy_new,ours_refined,0.8657243816254417,1.0070671378091873,283,2025-08-08T11:57:05,sweep_sizenew,12,0.1,10000,800,1.0,0.0,0.0,0.5,[0.5],0.5,1.0,-1.0,0.0,0.8,-0.8,0.0,0.5,score
hard_new,ours_refined,0.8888888888888888,1.0085470085470085,117,2025-08-08T11:57:05,sweep_sizenew,12,0.1,10000,800,1.0,0.0,0.0,0.5,[0.5],0.5,1.0,-1.0,0.0,0.8,-0.8,0.0,0.5,score
overall,ours_refined,0.8933333333333333,1.102,4500,2025-08-08T11:57:06,sweep_sizenew,4,0.1,10000,9000,1.0,0.0,0.0,0.5,[0.5],0.5,1.0,-1.0,0.0,0.8,-0.8,0.0,0.5,score
easy_new,ours_refined,0.9042981867024849,1.094022834116857,2978,2025-08-08T11:57:06,sweep_sizenew,4,0.1,10000,9000,1.0,0.0,0.0,0.5,[0.5],0.5,1.0,-1.0,0.0,0.8,-0.8,0.0,0.5,score
hard_new,ours_refined,0.8718791064388962,1.1176084099868593,1522,2025-08-08T11:57:06,sweep_sizenew,4,0.1,10000,9000,1.0,0.0,0.0,0.5,[0.5],0.5,1.0,-1.0,0.0,0.8,-0.8,0.0,0.5,score
overall,ours_refined,0.8884,1.0828,2500,2025-08-08T11:57:06,sweep_sizenew,3,0.1,10000,5000,1.0,0.0,0.0,0.5,[0.5],0.5,1.0,-1.0,0.0,0.8,-0.8,0.0,0.5,score
easy_new,ours_refined,0.8860681114551083,1.0780185758513932,1615,2025-08-08T11:57:06,sweep_sizenew,3,0.1,10000,5000,1.0,0.0,0.0,0.5,[0.5],0.5,1.0,-1.0,0.0,0.8,-0.8,0.0,0.5,score
hard_new,ours_refined,0.8926553672316384,1.0915254237288134,885,2025-08-08T11:57:06,sweep_sizenew,3,0.1,10000,5000,1.0,0.0,0.0,0.5,[0.5],0.5,1.0,-1.0,0.0,0.8,-0.8,0.0,0.5,score
overall,ours_refined,0.8825,1.0625,400,2025-08-08T11:57:06,sweep_sizenew,8,0.1,10000,800,1.0,0.0,0.0,0.5,[0.5],0.5,1.0,-1.0,0.0,0.8,-0.8,0.0,0.5,score
easy_new,ours_refined,0.8787878787878788,1.0606060606060606,264,2025-08-08T11:57:06,sweep_sizenew,8,0.1,10000,800,1.0,0.0,0.0,0.5,[0.5],0.5,1.0,-1.0,0.0,0.8,-0.8,0.0,0.5,score
hard_new,ours_refined,0.8897058823529411,1.0661764705882353,136,2025-08-08T11:57:06,sweep_sizenew,8,0.1,10000,800,1.0,0.0,0.0,0.5,[0.5],0.5,1.0,-1.0,0.0,0.8,-0.8,0.0,0.5,score
overall,ours_refined,0.88,1.125,200,2025-08-08T11:57:07,sweep_sizenew,10,0.1,10000,400,1.0,0.0,0.0,0.5,[0.5],0.5,1.0,-1.0,0.0,0.8,-0.8,0.0,0.5,score
easy_new,ours_refined,0.890625,1.125,128,2025-08-08T11:57:07,sweep_sizenew,10,0.1,10000,400,1.0,0.0,0.0,0.5,[0.5],0.5,1.0,-1.0,0.0,0.8,-0.8,0.0,0.5,score
hard_new,ours_refined,0.8611111111111112,1.125,72,2025-08-08T11:57:07,sweep_sizenew,10,0.1,10000,400,1.0,0.0,0.0,0.5,[0.5],0.5,1.0,-1.0,0.0,0.8,-0.8,0.0,0.5,score
overall,ours_refined,0.8775,1.015,400,2025-08-08T11:57:07,sweep_sizenew,9,0.1,10000,800,1.0,0.0,0.0,0.5,[0.5],0.5,1.0,-1.0,0.0,0.8,-0.8,0.0,0.5,score
easy_new,ours_refined,0.8652482269503546,1.0106382978723405,282,2025-08-08T11:57:07,sweep_sizenew,9,0.1,10000,800,1.0,0.0,0.0,0.5,[0.5],0.5,1.0,-1.0,0.0,0.8,-0.8,0.0,0.5,score
hard_new,ours_refined,0.9067796610169492,1.0254237288135593,118,2025-08-08T11:57:07,sweep_sizenew,9,0.1,10000,800,1.0,0.0,0.0,0.5,[0.5],0.5,1.0,-1.0,0.0,0.8,-0.8,0.0,0.5,score
overall,ours_refined,0.93,1.125,200,2025-08-08T11:57:07,sweep_sizenew,11,0.1,10000,400,1.0,0.0,0.0,0.5,[0.5],0.5,1.0,-1.0,0.0,0.8,-0.8,0.0,0.5,score
easy_new,ours_refined,0.9264705882352942,1.088235294117647,136,2025-08-08T11:57:07,sweep_sizenew,11,0.1,10000,400,1.0,0.0,0.0,0.5,[0.5],0.5,1.0,-1.0,0.0,0.8,-0.8,0.0,0.5,score
hard_new,ours_refined,0.9375,1.203125,64,2025-08-08T11:57:07,sweep_sizenew,11,0.1,10000,400,1.0,0.0,0.0,0.5,[0.5],0.5,1.0,-1.0,0.0,0.8,-0.8,0.0,0.5,score
overall,ours_refined,0.915,1.085,400,2025-08-08T11:57:08,sweep_sizenew,15,0.1,10000,800,1.0,0.0,0.0,0.5,[0.5],0.5,1.0,-1.0,0.0,0.8,-0.8,0.0,0.5,score
easy_new,ours_refined,0.9049429657794676,1.0684410646387832,263,2025-08-08T11:57:08,sweep_sizenew,15,0.1,10000,800,1.0,0.0,0.0,0.5,[0.5],0.5,1.0,-1.0,0.0,0.8,-0.8,0.0,0.5,score
hard_new,ours_refined,0.9343065693430657,1.1167883211678833,137,2025-08-08T11:57:08,sweep_sizenew,15,0.1,10000,800,1.0,0.0,0.0,0.5,[0.5],0.5,1.0,-1.0,0.0,0.8,-0.8,0.0,0.5,score
overall,ours_refined,0.8625,1.04,400,2025-08-08T11:57:08,sweep_sizenew,7,0.1,10000,800,1.0,0.0,0.0,0.5,[0.5],0.5,1.0,-1.0,0.0,0.8,-0.8,0.0,0.5,score
easy_new,ours_refined,0.8625954198473282,1.0381679389312977,262,2025-08-08T11:57:08,sweep_sizenew,7,0.1,10000,800,1.0,0.0,0.0,0.5,[0.5],0.5,1.0,-1.0,0.0,0.8,-0.8,0.0,0.5,score
hard_new,ours_refined,0.8623188405797102,1.0434782608695652,138,2025-08-08T11:57:08,sweep_sizenew,7,0.1,10000,800,1.0,0.0,0.0,0.5,[0.5],0.5,1.0,-1.0,0.0,0.8,-0.8,0.0,0.5,score
overall,ours_refined,0.8875,1.0725,400,2025-08-08T11:57:08,sweep_sizenew,14,0.1,10000,800,1.0,0.0,0.0,0.5,[0.5],0.5,1.0,-1.0,0.0,0.8,-0.8,0.0,0.5,score
easy_new,ours_refined,0.8809523809523809,1.0634920634920635,252,2025-08-08T11:57:08,sweep_sizenew,14,0.1,10000,800,1.0,0.0,0.0,0.5,[0.5],0.5,1.0,-1.0,0.0,0.8,-0.8,0.0,0.5,score
hard_new,ours_refined,0.8986486486486487,1.087837837837838,148,2025-08-08T11:57:08,sweep_sizenew,14,0.1,10000,800,1.0,0.0,0.0,0.5,[0.5],0.5,1.0,-1.0,0.0,0.8,-0.8,0.0,0.5,score
overall,ours_refined,0.9075,1.12,400,2025-08-08T11:57:08,sweep_sizenew,6,0.1,10000,800,1.0,0.0,0.0,0.5,[0.5],0.5,1.0,-1.0,0.0,0.8,-0.8,0.0,0.5,score
easy_new,ours_refined,0.9195402298850575,1.1187739463601531,261,2025-08-08T11:57:08,sweep_sizenew,6,0.1,10000,800,1.0,0.0,0.0,0.5,[0.5],0.5,1.0,-1.0,0.0,0.8,-0.8,0.0,0.5,score
hard_new,ours_refined,0.8848920863309353,1.1223021582733812,139,2025-08-08T11:57:08,sweep_sizenew,6,0.1,10000,800,1.0,0.0,0.0,0.5,[0.5],0.5,1.0,-1.0,0.0,0.8,-0.8,0.0,0.5,score
overall,ours_refined,0.905,1.0675,400,2025-08-08T11:57:08,sweep_sizenew,17,0.1,10000,800,1.0,0.0,0.0,0.5,[0.5],0.5,1.0,-1.0,0.0,0.8,-0.8,0.0,0.5,score
easy_new,ours_refined,0.9107806691449815,1.0780669144981412,269,2025-08-08T11:57:08,sweep_sizenew,17,0.1,10000,800,1.0,0.0,0.0,0.5,[0.5],0.5,1.0,-1.0,0.0,0.8,-0.8,0.0,0.5,score
hard_new,ours_refined,0.8931297709923665,1.0458015267175573,131,2025-08-08T11:57:08,sweep_sizenew,17,0.1,10000,800,1.0,0.0,0.0,0.5,[0.5],0.5,1.0,-1.0,0.0,0.8,-0.8,0.0,0.5,score
overall,ours_refined,0.88,1.045,400,2025-08-08T11:57:09,sweep_sizenew,16,0.1,10000,800,1.0,0.0,0.0,0.5,[0.5],0.5,1.0,-1.0,0.0,0.8,-0.8,0.0,0.5,score
easy_new,ours_refined,0.8807692307692307,1.0384615384615385,260,2025-08-08T11:57:09,sweep_sizenew,16,0.1,10000,800,1.0,0.0,0.0,0.5,[0.5],0.5,1.0,-1.0,0.0,0.8,-0.8,0.0,0.5,score
hard_new,ours_refined,0.8785714285714286,1.0571428571428572,140,2025-08-08T11:57:09,sweep_sizenew,16,0.1,10000,800,1.0,0.0,0.0,0.5,[0.5],0.5,1.0,-1.0,0.0,0.8,-0.8,0.0,0.5,score
overall,ours_refined,0.892,1.09,500,2025-08-08T11:57:10,sweep_sizenew,13,0.1,10000,1000,1.0,0.0,0.0,0.5,[0.5],0.5,1.0,-1.0,0.0,0.8,-0.8,0.0,0.5,score
easy_new,ours_refined,0.8780487804878049,1.0731707317073171,328,2025-08-08T11:57:10,sweep_sizenew,13,0.1,10000,1000,1.0,0.0,0.0,0.5,[0.5],0.5,1.0,-1.0,0.0,0.8,-0.8,0.0,0.5,score
hard_new,ours_refined,0.9186046511627907,1.122093023255814,172,2025-08-08T11:57:10,sweep_sizenew,13,0.1,10000,1000,1.0,0.0,0.0,0.5,[0.5],0.5,1.0,-1.0,0.0,0.8,-0.8,0.0,0.5,score
overall,ours_refined,0.922,1.116,500,2025-08-08T11:57:10,sweep_sizenew,12,0.1,10000,1000,1.0,0.0,0.0,0.5,[0.5],0.5,1.0,-1.0,0.0,0.8,-0.8,0.0,0.5,score
easy_new,ours_refined,0.9342857142857143,1.1142857142857143,350,2025-08-08T11:57:10,sweep_sizenew,12,0.1,10000,1000,1.0,0.0,0.0,0.5,[0.5],0.5,1.0,-1.0,0.0,0.8,-0.8,0.0,0.5,score
hard_new,ours_refined,0.8933333333333333,1.12,150,2025-08-08T11:57:10,sweep_sizenew,12,0.1,10000,1000,1.0,0.0,0.0,0.5,[0.5],0.5,1.0,-1.0,0.0,0.8,-0.8,0.0,0.5,score
overall,ours_refined,0.9033333333333333,1.0933333333333333,300,2025-08-08T11:57:10,sweep_sizenew,20,0.1,10000,600,1.0,0.0,0.0,0.5,[0.5],0.5,1.0,-1.0,0.0,0.8,-0.8,0.0,0.5,score
easy_new,ours_refined,0.9197860962566845,1.0641711229946524,187,2025-08-08T11:57:10,sweep_sizenew,20,0.1,10000,600,1.0,0.0,0.0,0.5,[0.5],0.5,1.0,-1.0,0.0,0.8,-0.8,0.0,0.5,score
hard_new,ours_refined,0.8761061946902655,1.1415929203539823,113,2025-08-08T11:57:10,sweep_sizenew,20,0.1,10000,600,1.0,0.0,0.0,0.5,[0.5],0.5,1.0,-1.0,0.0,0.8,-0.8,0.0,0.5,score
overall,ours_refined,0.94,1.15,300,2025-08-08T11:57:10,sweep_sizenew,19,0.1,10000,600,1.0,0.0,0.0,0.5,[0.5],0.5,1.0,-1.0,0.0,0.8,-0.8,0.0,0.5,score
easy_new,ours_refined,0.9578947368421052,1.0947368421052632,190,2025-08-08T11:57:10,sweep_sizenew,19,0.1,10000,600,1.0,0.0,0.0,0.5,[0.5],0.5,1.0,-1.0,0.0,0.8,-0.8,0.0,0.5,score
hard_new,ours_refined,0.9090909090909091,1.2454545454545454,110,2025-08-08T11:57:10,sweep_sizenew,19,0.1,10000,600,1.0,0.0,0.0,0.5,[0.5],0.5,1.0,-1.0,0.0,0.8,-0.8,0.0,0.5,score
overall,ours_refined,0.906,1.103,1000,2025-08-08T11:57:10,sweep_sizenew,2,0.1,10000,2000,1.0,0.0,0.0,0.5,[0.5],0.5,1.0,-1.0,0.0,0.8,-0.8,0.0,0.5,score
easy_new,ours_refined,0.9148606811145511,1.0975232198142415,646,2025-08-08T11:57:10,sweep_sizenew,2,0.1,10000,2000,1.0,0.0,0.0,0.5,[0.5],0.5,1.0,-1.0,0.0,0.8,-0.8,0.0,0.5,score
hard_new,ours_refined,0.8898305084745762,1.112994350282486,354,2025-08-08T11:57:10,sweep_sizenew,2,0.1,10000,2000,1.0,0.0,0.0,0.5,[0.5],0.5,1.0,-1.0,0.0,0.8,-0.8,0.0,0.5,score
overall,ours_refined,0.925,1.1225,400,2025-08-08T11:57:11,sweep_sizenew,18,0.1,10000,800,1.0,0.0,0.0,0.5,[0.5],0.5,1.0,-1.0,0.0,0.8,-0.8,0.0,0.5,score
easy_new,ours_refined,0.9236947791164659,1.108433734939759,249,2025-08-08T11:57:11,sweep_sizenew,18,0.1,10000,800,1.0,0.0,0.0,0.5,[0.5],0.5,1.0,-1.0,0.0,0.8,-0.8,0.0,0.5,score
hard_new,ours_refined,0.9271523178807947,1.1456953642384107,151,2025-08-08T11:57:11,sweep_sizenew,18,0.1,10000,800,1.0,0.0,0.0,0.5,[0.5],0.5,1.0,-1.0,0.0,0.8,-0.8,0.0,0.5,score
overall,ours_refined,0.928,1.114,500,2025-08-08T11:57:11,sweep_sizenew,8,0.1,10000,1000,1.0,0.0,0.0,0.5,[0.5],0.5,1.0,-1.0,0.0,0.8,-0.8,0.0,0.5,score
easy_new,ours_refined,0.937888198757764,1.0962732919254659,322,2025-08-08T11:57:11,sweep_sizenew,8,0.1,10000,1000,1.0,0.0,0.0,0.5,[0.5],0.5,1.0,-1.0,0.0,0.8,-0.8,0.0,0.5,score
hard_new,ours_refined,0.9101123595505618,1.146067415730337,178,2025-08-08T11:57:11,sweep_sizenew,8,0.1,10000,1000,1.0,0.0,0.0,0.5,[0.5],0.5,1.0,-1.0,0.0,0.8,-0.8,0.0,0.5,score
overall,ours_refined,0.8766666666666667,1.06,300,2025-08-08T11:57:12,sweep_sizenew,10,0.1,10000,600,1.0,0.0,0.0,0.5,[0.5],0.5,1.0,-1.0,0.0,0.8,-0.8,0.0,0.5,score
easy_new,ours_refined,0.8673469387755102,1.0765306122448979,196,2025-08-08T11:57:12,sweep_sizenew,10,0.1,10000,600,1.0,0.0,0.0,0.5,[0.5],0.5,1.0,-1.0,0.0,0.8,-0.8,0.0,0.5,score
hard_new,ours_refined,0.8942307692307693,1.0288461538461537,104,2025-08-08T11:57:12,sweep_sizenew,10,0.1,10000,600,1.0,0.0,0.0,0.5,[0.5],0.5,1.0,-1.0,0.0,0.8,-0.8,0.0,0.5,score
overall,ours_refined,0.9082222222222223,1.0895555555555556,4500,2025-08-08T11:57:12,sweep_sizenew,1,0.1,10000,9000,1.0,0.0,0.0,0.5,[0.5],0.5,1.0,-1.0,0.0,0.8,-0.8,0.0,0.5,score
easy_new,ours_refined,0.9106368789596532,1.0783594531510503,2999,2025-08-08T11:57:12,sweep_sizenew,1,0.1,10000,9000,1.0,0.0,0.0,0.5,[0.5],0.5,1.0,-1.0,0.0,0.8,-0.8,0.0,0.5,score
hard_new,ours_refined,0.9033977348434377,1.111925383077948,1501,2025-08-08T11:57:12,sweep_sizenew,1,0.1,10000,9000,1.0,0.0,0.0,0.5,[0.5],0.5,1.0,-1.0,0.0,0.8,-0.8,0.0,0.5,score
overall,ours_refined,0.89,1.056,500,2025-08-08T11:57:12,sweep_sizenew,9,0.1,10000,1000,1.0,0.0,0.0,0.5,[0.5],0.5,1.0,-1.0,0.0,0.8,-0.8,0.0,0.5,score
easy_new,ours_refined,0.8735632183908046,1.0545977011494252,348,2025-08-08T11:57:12,sweep_sizenew,9,0.1,10000,1000,1.0,0.0,0.0,0.5,[0.5],0.5,1.0,-1.0,0.0,0.8,-0.8,0.0,0.5,score
hard_new,ours_refined,0.9276315789473685,1.0592105263157894,152,2025-08-08T11:57:12,sweep_sizenew,9,0.1,10000,1000,1.0,0.0,0.0,0.5,[0.5],0.5,1.0,-1.0,0.0,0.8,-0.8,0.0,0.5,score
overall,ours_refined,0.918,1.114,500,2025-08-08T11:57:13,sweep_sizenew,15,0.1,10000,1000,1.0,0.0,0.0,0.5,[0.5],0.5,1.0,-1.0,0.0,0.8,-0.8,0.0,0.5,score
easy_new,ours_refined,0.934375,1.13125,320,2025-08-08T11:57:13,sweep_sizenew,15,0.1,10000,1000,1.0,0.0,0.0,0.5,[0.5],0.5,1.0,-1.0,0.0,0.8,-0.8,0.0,0.5,score
hard_new,ours_refined,0.8888888888888888,1.0833333333333333,180,2025-08-08T11:57:13,sweep_sizenew,15,0.1,10000,1000,1.0,0.0,0.0,0.5,[0.5],0.5,1.0,-1.0,0.0,0.8,-0.8,0.0,0.5,score
overall,ours_refined,0.91,1.0466666666666666,300,2025-08-08T11:57:13,sweep_sizenew,11,0.1,10000,600,1.0,0.0,0.0,0.5,[0.5],0.5,1.0,-1.0,0.0,0.8,-0.8,0.0,0.5,score
easy_new,ours_refined,0.9004739336492891,1.042654028436019,211,2025-08-08T11:57:13,sweep_sizenew,11,0.1,10000,600,1.0,0.0,0.0,0.5,[0.5],0.5,1.0,-1.0,0.0,0.8,-0.8,0.0,0.5,score
hard_new,ours_refined,0.9325842696629213,1.0561797752808988,89,2025-08-08T11:57:13,sweep_sizenew,11,0.1,10000,600,1.0,0.0,0.0,0.5,[0.5],0.5,1.0,-1.0,0.0,0.8,-0.8,0.0,0.5,score
overall,ours_refined,0.946,1.188,500,2025-08-08T11:57:13,sweep_sizenew,7,0.1,10000,1000,1.0,0.0,0.0,0.5,[0.5],0.5,1.0,-1.0,0.0,0.8,-0.8,0.0,0.5,score
easy_new,ours_refined,0.9538461538461539,1.166153846153846,325,2025-08-08T11:57:13,sweep_sizenew,7,0.1,10000,1000,1.0,0.0,0.0,0.5,[0.5],0.5,1.0,-1.0,0.0,0.8,-0.8,0.0,0.5,score
hard_new,ours_refined,0.9314285714285714,1.2285714285714286,175,2025-08-08T11:57:13,sweep_sizenew,7,0.1,10000,1000,1.0,0.0,0.0,0.5,[0.5],0.5,1.0,-1.0,0.0,0.8,-0.8,0.0,0.5,score
overall,ours_refined,0.894,1.156,500,2025-08-08T11:57:13,sweep_sizenew,14,0.1,10000,1000,1.0,0.0,0.0,0.5,[0.5],0.5,1.0,-1.0,0.0,0.8,-0.8,0.0,0.5,score
easy_new,ours_refined,0.8980891719745223,1.127388535031847,314,2025-08-08T11:57:13,sweep_sizenew,14,0.1,10000,1000,1.0,0.0,0.0,0.5,[0.5],0.5,1.0,-1.0,0.0,0.8,-0.8,0.0,0.5,score
hard_new,ours_refined,0.8870967741935484,1.2043010752688172,186,2025-08-08T11:57:13,sweep_sizenew,14,0.1,10000,1000,1.0,0.0,0.0,0.5,[0.5],0.5,1.0,-1.0,0.0,0.8,-0.8,0.0,0.5,score
overall,ours_refined,0.898,1.092,500,2025-08-08T11:57:13,sweep_sizenew,6,0.1,10000,1000,1.0,0.0,0.0,0.5,[0.5],0.5,1.0,-1.0,0.0,0.8,-0.8,0.0,0.5,score
easy_new,ours_refined,0.8892215568862275,1.0688622754491017,334,2025-08-08T11:57:13,sweep_sizenew,6,0.1,10000,1000,1.0,0.0,0.0,0.5,[0.5],0.5,1.0,-1.0,0.0,0.8,-0.8,0.0,0.5,score
hard_new,ours_refined,0.9156626506024096,1.1385542168674698,166,2025-08-08T11:57:13,sweep_sizenew,6,0.1,10000,1000,1.0,0.0,0.0,0.5,[0.5],0.5,1.0,-1.0,0.0,0.8,-0.8,0.0,0.5,score
overall,ours_refined,0.926,1.132,500,2025-08-08T11:57:13,sweep_sizenew,17,0.1,10000,1000,1.0,0.0,0.0,0.5,[0.5],0.5,1.0,-1.0,0.0,0.8,-0.8,0.0,0.5,score
easy_new,ours_refined,0.9262536873156342,1.112094395280236,339,2025-08-08T11:57:13,sweep_sizenew,17,0.1,10000,1000,1.0,0.0,0.0,0.5,[0.5],0.5,1.0,-1.0,0.0,0.8,-0.8,0.0,0.5,score
hard_new,ours_refined,0.9254658385093167,1.173913043478261,161,2025-08-08T11:57:13,sweep_sizenew,17,0.1,10000,1000,1.0,0.0,0.0,0.5,[0.5],0.5,1.0,-1.0,0.0,0.8,-0.8,0.0,0.5,score
overall,ours_refined,0.898,1.052,500,2025-08-08T11:57:14,sweep_sizenew,16,0.1,10000,1000,1.0,0.0,0.0,0.5,[0.5],0.5,1.0,-1.0,0.0,0.8,-0.8,0.0,0.5,score
easy_new,ours_refined,0.8984126984126984,1.0444444444444445,315,2025-08-08T11:57:14,sweep_sizenew,16,0.1,10000,1000,1.0,0.0,0.0,0.5,[0.5],0.5,1.0,-1.0,0.0,0.8,-0.8,0.0,0.5,score
hard_new,ours_refined,0.8972972972972973,1.0648648648648649,185,2025-08-08T11:57:14,sweep_sizenew,16,0.1,10000,1000,1.0,0.0,0.0,0.5,[0.5],0.5,1.0,-1.0,0.0,0.8,-0.8,0.0,0.5,score
overall,ours_refined,0.938,1.105,1000,2025-08-08T11:57:16,sweep_sizenew,13,0.1,10000,2000,1.0,0.0,0.0,0.5,[0.5],0.5,1.0,-1.0,0.0,0.8,-0.8,0.0,0.5,score
easy_new,ours_refined,0.939117199391172,1.0928462709284628,657,2025-08-08T11:57:16,sweep_sizenew,13,0.1,10000,2000,1.0,0.0,0.0,0.5,[0.5],0.5,1.0,-1.0,0.0,0.8,-0.8,0.0,0.5,score
hard_new,ours_refined,0.9358600583090378,1.1282798833819243,343,2025-08-08T11:57:16,sweep_sizenew,13,0.1,10000,2000,1.0,0.0,0.0,0.5,[0.5],0.5,1.0,-1.0,0.0,0.8,-0.8,0.0,0.5,score
overall,ours_refined,0.901,1.093,1000,2025-08-08T11:57:16,sweep_sizenew,12,0.1,10000,2000,1.0,0.0,0.0,0.5,[0.5],0.5,1.0,-1.0,0.0,0.8,-0.8,0.0,0.5,score
easy_new,ours_refined,0.9070100143061517,1.0772532188841202,699,2025-08-08T11:57:16,sweep_sizenew,12,0.1,10000,2000,1.0,0.0,0.0,0.5,[0.5],0.5,1.0,-1.0,0.0,0.8,-0.8,0.0,0.5,score
hard_new,ours_refined,0.8870431893687708,1.1295681063122924,301,2025-08-08T11:57:16,sweep_sizenew,12,0.1,10000,2000,1.0,0.0,0.0,0.5,[0.5],0.5,1.0,-1.0,0.0,0.8,-0.8,0.0,0.5,score
overall,ours_refined,0.8958,1.075,5000,2025-08-08T11:57:16,sweep_sizenew,4,0.1,10000,10000,1.0,0.0,0.0,0.5,[0.5],0.5,1.0,-1.0,0.0,0.8,-0.8,0.0,0.5,score
easy_new,ours_refined,0.8925445215816481,1.0667069121642017,3313,2025-08-08T11:57:16,sweep_sizenew,4,0.1,10000,10000,1.0,0.0,0.0,0.5,[0.5],0.5,1.0,-1.0,0.0,0.8,-0.8,0.0,0.5,score
hard_new,ours_refined,0.9021932424422051,1.0912863070539418,1687,2025-08-08T11:57:16,sweep_sizenew,4,0.1,10000,10000,1.0,0.0,0.0,0.5,[0.5],0.5,1.0,-1.0,0.0,0.8,-0.8,0.0,0.5,score
overall,ours_refined,0.894,1.0875,4000,2025-08-08T11:57:16,sweep_sizenew,5,0.1,10000,8000,1.0,0.0,0.0,0.5,[0.5],0.5,1.0,-1.0,0.0,0.8,-0.8,0.0,0.5,score
easy_new,ours_refined,0.8961977186311787,1.0783269961977187,2630,2025-08-08T11:57:16,sweep_sizenew,5,0.1,10000,8000,1.0,0.0,0.0,0.5,[0.5],0.5,1.0,-1.0,0.0,0.8,-0.8,0.0,0.5,score
hard_new,ours_refined,0.8897810218978102,1.1051094890510949,1370,2025-08-08T11:57:16,sweep_sizenew,5,0.1,10000,8000,1.0,0.0,0.0,0.5,[0.5],0.5,1.0,-1.0,0.0,0.8,-0.8,0.0,0.5,score
overall,ours_refined,0.905,1.105,1000,2025-08-08T11:57:17,sweep_sizenew,8,0.1,10000,2000,1.0,0.0,0.0,0.5,[0.5],0.5,1.0,-1.0,0.0,0.8,-0.8,0.0,0.5,score
easy_new,ours_refined,0.9116279069767442,1.1085271317829457,645,2025-08-08T11:57:17,sweep_sizenew,8,0.1,10000,2000,1.0,0.0,0.0,0.5,[0.5],0.5,1.0,-1.0,0.0,0.8,-0.8,0.0,0.5,score
hard_new,ours_refined,0.8929577464788733,1.0985915492957747,355,2025-08-08T11:57:17,sweep_sizenew,8,0.1,10000,2000,1.0,0.0,0.0,0.5,[0.5],0.5,1.0,-1.0,0.0,0.8,-0.8,0.0,0.5,score
overall,ours_refined,0.9075,1.1675,400,2025-08-08T11:57:17,sweep_sizenew,10,0.1,10000,800,1.0,0.0,0.0,0.5,[0.5],0.5,1.0,-1.0,0.0,0.8,-0.8,0.0,0.5,score
easy_new,ours_refined,0.8906882591093117,1.145748987854251,247,2025-08-08T11:57:17,sweep_sizenew,10,0.1,10000,800,1.0,0.0,0.0,0.5,[0.5],0.5,1.0,-1.0,0.0,0.8,-0.8,0.0,0.5,score
hard_new,ours_refined,0.934640522875817,1.2026143790849673,153,2025-08-08T11:57:17,sweep_sizenew,10,0.1,10000,800,1.0,0.0,0.0,0.5,[0.5],0.5,1.0,-1.0,0.0,0.8,-0.8,0.0,0.5,score
overall,ours_refined,0.914,1.114,500,2025-08-08T11:57:17,sweep_sizenew,18,0.1,10000,1000,1.0,0.0,0.0,0.5,[0.5],0.5,1.0,-1.0,0.0,0.8,-0.8,0.0,0.5,score
easy_new,ours_refined,0.9130434782608695,1.0962732919254659,322,2025-08-08T11:57:17,sweep_sizenew,18,0.1,10000,1000,1.0,0.0,0.0,0.5,[0.5],0.5,1.0,-1.0,0.0,0.8,-0.8,0.0,0.5,score
hard_new,ours_refined,0.9157303370786517,1.146067415730337,178,2025-08-08T11:57:17,sweep_sizenew,18,0.1,10000,1000,1.0,0.0,0.0,0.5,[0.5],0.5,1.0,-1.0,0.0,0.8,-0.8,0.0,0.5,score
overall,ours_refined,0.8975,1.095,400,2025-08-08T11:57:17,sweep_sizenew,20,0.1,10000,800,1.0,0.0,0.0,0.5,[0.5],0.5,1.0,-1.0,0.0,0.8,-0.8,0.0,0.5,score
easy_new,ours_refined,0.914179104477612,1.0932835820895523,268,2025-08-08T11:57:17,sweep_sizenew,20,0.1,10000,800,1.0,0.0,0.0,0.5,[0.5],0.5,1.0,-1.0,0.0,0.8,-0.8,0.0,0.5,score
hard_new,ours_refined,0.8636363636363636,1.0984848484848484,132,2025-08-08T11:57:17,sweep_sizenew,20,0.1,10000,800,1.0,0.0,0.0,0.5,[0.5],0.5,1.0,-1.0,0.0,0.8,-0.8,0.0,0.5,score
overall,ours_refined,0.915,1.11,400,2025-08-08T11:57:17,sweep_sizenew,19,0.1,10000,800,1.0,0.0,0.0,0.5,[0.5],0.5,1.0,-1.0,0.0,0.8,-0.8,0.0,0.5,score
easy_new,ours_refined,0.9115384615384615,1.0615384615384615,260,2025-08-08T11:57:17,sweep_sizenew,19,0.1,10000,800,1.0,0.0,0.0,0.5,[0.5],0.5,1.0,-1.0,0.0,0.8,-0.8,0.0,0.5,score
hard_new,ours_refined,0.9214285714285714,1.2,140,2025-08-08T11:57:17,sweep_sizenew,19,0.1,10000,800,1.0,0.0,0.0,0.5,[0.5],0.5,1.0,-1.0,0.0,0.8,-0.8,0.0,0.5,score
overall,ours_refined,0.882,1.046,1000,2025-08-08T11:57:18,sweep_sizenew,9,0.1,10000,2000,1.0,0.0,0.0,0.5,[0.5],0.5,1.0,-1.0,0.0,0.8,-0.8,0.0,0.5,score
easy_new,ours_refined,0.8940298507462686,1.0388059701492538,670,2025-08-08T11:57:18,sweep_sizenew,9,0.1,10000,2000,1.0,0.0,0.0,0.5,[0.5],0.5,1.0,-1.0,0.0,0.8,-0.8,0.0,0.5,score
hard_new,ours_refined,0.8575757575757575,1.0606060606060606,330,2025-08-08T11:57:18,sweep_sizenew,9,0.1,10000,2000,1.0,0.0,0.0,0.5,[0.5],0.5,1.0,-1.0,0.0,0.8,-0.8,0.0,0.5,score
overall,ours_refined,0.8675,1.0575,400,2025-08-08T11:57:18,sweep_sizenew,11,0.1,10000,800,1.0,0.0,0.0,0.5,[0.5],0.5,1.0,-1.0,0.0,0.8,-0.8,0.0,0.5,score
easy_new,ours_refined,0.8472727272727273,1.0363636363636364,275,2025-08-08T11:57:18,sweep_sizenew,11,0.1,10000,800,1.0,0.0,0.0,0.5,[0.5],0.5,1.0,-1.0,0.0,0.8,-0.8,0.0,0.5,score
hard_new,ours_refined,0.912,1.104,125,2025-08-08T11:57:18,sweep_sizenew,11,0.1,10000,800,1.0,0.0,0.0,0.5,[0.5],0.5,1.0,-1.0,0.0,0.8,-0.8,0.0,0.5,score
overall,ours_refined,0.884,1.057,1000,2025-08-08T11:57:18,sweep_sizenew,15,0.1,10000,2000,1.0,0.0,0.0,0.5,[0.5],0.5,1.0,-1.0,0.0,0.8,-0.8,0.0,0.5,score
easy_new,ours_refined,0.8863976083707026,1.047832585949178,669,2025-08-08T11:57:18,sweep_sizenew,15,0.1,10000,2000,1.0,0.0,0.0,0.5,[0.5],0.5,1.0,-1.0,0.0,0.8,-0.8,0.0,0.5,score
hard_new,ours_refined,0.879154078549849,1.0755287009063443,331,2025-08-08T11:57:18,sweep_sizenew,15,0.1,10000,2000,1.0,0.0,0.0,0.5,[0.5],0.5,1.0,-1.0,0.0,0.8,-0.8,0.0,0.5,score
overall,ours_refined,0.9096666666666666,1.0963333333333334,3000,2025-08-08T11:57:19,sweep_sizenew,3,0.1,10000,6000,1.0,0.0,0.0,0.5,[0.5],0.5,1.0,-1.0,0.0,0.8,-0.8,0.0,0.5,score
easy_new,ours_refined,0.9119144602851323,1.0885947046843176,1964,2025-08-08T11:57:19,sweep_sizenew,3,0.1,10000,6000,1.0,0.0,0.0,0.5,[0.5],0.5,1.0,-1.0,0.0,0.8,-0.8,0.0,0.5,score
hard_new,ours_refined,0.9054054054054054,1.111003861003861,1036,2025-08-08T11:57:19,sweep_sizenew,3,0.1,10000,6000,1.0,0.0,0.0,0.5,[0.5],0.5,1.0,-1.0,0.0,0.8,-0.8,0.0,0.5,score
overall,ours_refined,0.915,1.114,1000,2025-08-08T11:57:19,sweep_sizenew,7,0.1,10000,2000,1.0,0.0,0.0,0.5,[0.5],0.5,1.0,-1.0,0.0,0.8,-0.8,0.0,0.5,score
easy_new,ours_refined,0.9205397301349325,1.1049475262368815,667,2025-08-08T11:57:19,sweep_sizenew,7,0.1,10000,2000,1.0,0.0,0.0,0.5,[0.5],0.5,1.0,-1.0,0.0,0.8,-0.8,0.0,0.5,score
hard_new,ours_refined,0.9039039039039038,1.132132132132132,333,2025-08-08T11:57:19,sweep_sizenew,7,0.1,10000,2000,1.0,0.0,0.0,0.5,[0.5],0.5,1.0,-1.0,0.0,0.8,-0.8,0.0,0.5,score
overall,ours_refined,0.893,1.069,1000,2025-08-08T11:57:19,sweep_sizenew,14,0.1,10000,2000,1.0,0.0,0.0,0.5,[0.5],0.5,1.0,-1.0,0.0,0.8,-0.8,0.0,0.5,score
easy_new,ours_refined,0.9039634146341463,1.0731707317073171,656,2025-08-08T11:57:19,sweep_sizenew,14,0.1,10000,2000,1.0,0.0,0.0,0.5,[0.5],0.5,1.0,-1.0,0.0,0.8,-0.8,0.0,0.5,score
hard_new,ours_refined,0.872093023255814,1.061046511627907,344,2025-08-08T11:57:19,sweep_sizenew,14,0.1,10000,2000,1.0,0.0,0.0,0.5,[0.5],0.5,1.0,-1.0,0.0,0.8,-0.8,0.0,0.5,score
overall,ours_refined,0.907,1.114,1000,2025-08-08T11:57:19,sweep_sizenew,6,0.1,10000,2000,1.0,0.0,0.0,0.5,[0.5],0.5,1.0,-1.0,0.0,0.8,-0.8,0.0,0.5,score
easy_new,ours_refined,0.9110105580693816,1.1085972850678734,663,2025-08-08T11:57:19,sweep_sizenew,6,0.1,10000,2000,1.0,0.0,0.0,0.5,[0.5],0.5,1.0,-1.0,0.0,0.8,-0.8,0.0,0.5,score
hard_new,ours_refined,0.8991097922848664,1.1246290801186944,337,2025-08-08T11:57:19,sweep_sizenew,6,0.1,10000,2000,1.0,0.0,0.0,0.5,[0.5],0.5,1.0,-1.0,0.0,0.8,-0.8,0.0,0.5,score
overall,ours_refined,0.9,1.087,1000,2025-08-08T11:57:19,sweep_sizenew,17,0.1,10000,2000,1.0,0.0,0.0,0.5,[0.5],0.5,1.0,-1.0,0.0,0.8,-0.8,0.0,0.5,score
easy_new,ours_refined,0.8840125391849529,1.0721003134796239,638,2025-08-08T11:57:19,sweep_sizenew,17,0.1,10000,2000,1.0,0.0,0.0,0.5,[0.5],0.5,1.0,-1.0,0.0,0.8,-0.8,0.0,0.5,score
hard_new,ours_refined,0.9281767955801105,1.1132596685082874,362,2025-08-08T11:57:19,sweep_sizenew,17,0.1,10000,2000,1.0,0.0,0.0,0.5,[0.5],0.5,1.0,-1.0,0.0,0.8,-0.8,0.0,0.5,score
overall,ours_refined,0.915,1.125,1000,2025-08-08T11:57:20,sweep_sizenew,16,0.1,10000,2000,1.0,0.0,0.0,0.5,[0.5],0.5,1.0,-1.0,0.0,0.8,-0.8,0.0,0.5,score
easy_new,ours_refined,0.9182098765432098,1.1064814814814814,648,2025-08-08T11:57:20,sweep_sizenew,16,0.1,10000,2000,1.0,0.0,0.0,0.5,[0.5],0.5,1.0,-1.0,0.0,0.8,-0.8,0.0,0.5,score
hard_new,ours_refined,0.9090909090909091,1.1590909090909092,352,2025-08-08T11:57:20,sweep_sizenew,16,0.1,10000,2000,1.0,0.0,0.0,0.5,[0.5],0.5,1.0,-1.0,0.0,0.8,-0.8,0.0,0.5,score
overall,ours_refined,0.8773333333333333,1.0566666666666666,1500,2025-08-08T11:57:21,sweep_sizenew,2,0.1,10000,3000,1.0,0.0,0.0,0.5,[0.5],0.5,1.0,-1.0,0.0,0.8,-0.8,0.0,0.5,score
easy_new,ours_refined,0.8817533129459735,1.055045871559633,981,2025-08-08T11:57:21,sweep_sizenew,2,0.1,10000,3000,1.0,0.0,0.0,0.5,[0.5],0.5,1.0,-1.0,0.0,0.8,-0.8,0.0,0.5,score
hard_new,ours_refined,0.8689788053949904,1.0597302504816957,519,2025-08-08T11:57:21,sweep_sizenew,2,0.1,10000,3000,1.0,0.0,0.0,0.5,[0.5],0.5,1.0,-1.0,0.0,0.8,-0.8,0.0,0.5,score
overall,ours_refined,0.902,1.066,500,2025-08-08T11:57:22,sweep_sizenew,10,0.1,10000,1000,1.0,0.0,0.0,0.5,[0.5],0.5,1.0,-1.0,0.0,0.8,-0.8,0.0,0.5,score
easy_new,ours_refined,0.9235668789808917,1.0573248407643312,314,2025-08-08T11:57:22,sweep_sizenew,10,0.1,10000,1000,1.0,0.0,0.0,0.5,[0.5],0.5,1.0,-1.0,0.0,0.8,-0.8,0.0,0.5,score
hard_new,ours_refined,0.8655913978494624,1.0806451612903225,186,2025-08-08T11:57:22,sweep_sizenew,10,0.1,10000,1000,1.0,0.0,0.0,0.5,[0.5],0.5,1.0,-1.0,0.0,0.8,-0.8,0.0,0.5,score
overall,ours_refined,0.892,1.088,1500,2025-08-08T11:57:22,sweep_sizenew,13,0.1,10000,3000,1.0,0.0,0.0,0.5,[0.5],0.5,1.0,-1.0,0.0,0.8,-0.8,0.0,0.5,score
easy_new,ours_refined,0.8875128998968008,1.0732714138286894,969,2025-08-08T11:57:22,sweep_sizenew,13,0.1,10000,3000,1.0,0.0,0.0,0.5,[0.5],0.5,1.0,-1.0,0.0,0.8,-0.8,0.0,0.5,score
hard_new,ours_refined,0.9001883239171374,1.1148775894538607,531,2025-08-08T11:57:22,sweep_sizenew,13,0.1,10000,3000,1.0,0.0,0.0,0.5,[0.5],0.5,1.0,-1.0,0.0,0.8,-0.8,0.0,0.5,score
overall,ours_refined,0.9113333333333333,1.1086666666666667,1500,2025-08-08T11:57:22,sweep_sizenew,12,0.1,10000,3000,1.0,0.0,0.0,0.5,[0.5],0.5,1.0,-1.0,0.0,0.8,-0.8,0.0,0.5,score
easy_new,ours_refined,0.9142581888246628,1.1001926782273603,1038,2025-08-08T11:57:22,sweep_sizenew,12,0.1,10000,3000,1.0,0.0,0.0,0.5,[0.5],0.5,1.0,-1.0,0.0,0.8,-0.8,0.0,0.5,score
hard_new,ours_refined,0.9047619047619048,1.1277056277056277,462,2025-08-08T11:57:22,sweep_sizenew,12,0.1,10000,3000,1.0,0.0,0.0,0.5,[0.5],0.5,1.0,-1.0,0.0,0.8,-0.8,0.0,0.5,score
overall,ours_refined,0.8892,1.0614,5000,2025-08-08T11:57:23,sweep_sizenew,1,0.1,10000,10000,1.0,0.0,0.0,0.5,[0.5],0.5,1.0,-1.0,0.0,0.8,-0.8,0.0,0.5,score
easy_new,ours_refined,0.8902219556088782,1.0557888422315538,3334,2025-08-08T11:57:23,sweep_sizenew,1,0.1,10000,10000,1.0,0.0,0.0,0.5,[0.5],0.5,1.0,-1.0,0.0,0.8,-0.8,0.0,0.5,score
hard_new,ours_refined,0.8871548619447779,1.0726290516206483,1666,2025-08-08T11:57:23,sweep_sizenew,1,0.1,10000,10000,1.0,0.0,0.0,0.5,[0.5],0.5,1.0,-1.0,0.0,0.8,-0.8,0.0,0.5,score
overall,ours_refined,0.9,1.1113333333333333,1500,2025-08-08T11:57:23,sweep_sizenew,8,0.1,10000,3000,1.0,0.0,0.0,0.5,[0.5],0.5,1.0,-1.0,0.0,0.8,-0.8,0.0,0.5,score
easy_new,ours_refined,0.8975712777191129,1.0992608236536432,947,2025-08-08T11:57:23,sweep_sizenew,8,0.1,10000,3000,1.0,0.0,0.0,0.5,[0.5],0.5,1.0,-1.0,0.0,0.8,-0.8,0.0,0.5,score
hard_new,ours_refined,0.9041591320072333,1.132007233273056,553,2025-08-08T11:57:23,sweep_sizenew,8,0.1,10000,3000,1.0,0.0,0.0,0.5,[0.5],0.5,1.0,-1.0,0.0,0.8,-0.8,0.0,0.5,score
overall,ours_refined,0.897,1.068,1000,2025-08-08T11:57:24,sweep_sizenew,18,0.1,10000,2000,1.0,0.0,0.0,0.5,[0.5],0.5,1.0,-1.0,0.0,0.8,-0.8,0.0,0.5,score
easy_new,ours_refined,0.8957703927492447,1.0619335347432024,662,2025-08-08T11:57:24,sweep_sizenew,18,0.1,10000,2000,1.0,0.0,0.0,0.5,[0.5],0.5,1.0,-1.0,0.0,0.8,-0.8,0.0,0.5,score
hard_new,ours_refined,0.8994082840236687,1.0798816568047338,338,2025-08-08T11:57:24,sweep_sizenew,18,0.1,10000,2000,1.0,0.0,0.0,0.5,[0.5],0.5,1.0,-1.0,0.0,0.8,-0.8,0.0,0.5,score
overall,ours_refined,0.896,1.058,500,2025-08-08T11:57:24,sweep_sizenew,11,0.1,10000,1000,1.0,0.0,0.0,0.5,[0.5],0.5,1.0,-1.0,0.0,0.8,-0.8,0.0,0.5,score
easy_new,ours_refined,0.8926553672316384,1.0451977401129944,354,2025-08-08T11:57:24,sweep_sizenew,11,0.1,10000,1000,1.0,0.0,0.0,0.5,[0.5],0.5,1.0,-1.0,0.0,0.8,-0.8,0.0,0.5,score
hard_new,ours_refined,0.9041095890410958,1.0890410958904109,146,2025-08-08T11:57:24,sweep_sizenew,11,0.1,10000,1000,1.0,0.0,0.0,0.5,[0.5],0.5,1.0,-1.0,0.0,0.8,-0.8,0.0,0.5,score
overall,ours_refined,0.896,1.112,500,2025-08-08T11:57:24,sweep_sizenew,19,0.1,10000,1000,1.0,0.0,0.0,0.5,[0.5],0.5,1.0,-1.0,0.0,0.8,-0.8,0.0,0.5,score
easy_new,ours_refined,0.903125,1.09375,320,2025-08-08T11:57:24,sweep_sizenew,19,0.1,10000,1000,1.0,0.0,0.0,0.5,[0.5],0.5,1.0,-1.0,0.0,0.8,-0.8,0.0,0.5,score
hard_new,ours_refined,0.8833333333333333,1.1444444444444444,180,2025-08-08T11:57:24,sweep_sizenew,19,0.1,10000,1000,1.0,0.0,0.0,0.5,[0.5],0.5,1.0,-1.0,0.0,0.8,-0.8,0.0,0.5,score
overall,ours_refined,0.908,1.096,500,2025-08-08T11:57:24,sweep_sizenew,20,0.1,10000,1000,1.0,0.0,0.0,0.5,[0.5],0.5,1.0,-1.0,0.0,0.8,-0.8,0.0,0.5,score
easy_new,ours_refined,0.9039039039039038,1.0990990990990992,333,2025-08-08T11:57:24,sweep_sizenew,20,0.1,10000,1000,1.0,0.0,0.0,0.5,[0.5],0.5,1.0,-1.0,0.0,0.8,-0.8,0.0,0.5,score
hard_new,ours_refined,0.9161676646706587,1.089820359281437,167,2025-08-08T11:57:24,sweep_sizenew,20,0.1,10000,1000,1.0,0.0,0.0,0.5,[0.5],0.5,1.0,-1.0,0.0,0.8,-0.8,0.0,0.5,score
overall,ours_refined,0.8706666666666667,1.0506666666666666,1500,2025-08-08T11:57:24,sweep_sizenew,9,0.1,10000,3000,1.0,0.0,0.0,0.5,[0.5],0.5,1.0,-1.0,0.0,0.8,-0.8,0.0,0.5,score
easy_new,ours_refined,0.8674203494347379,1.0411099691675232,973,2025-08-08T11:57:24,sweep_sizenew,9,0.1,10000,3000,1.0,0.0,0.0,0.5,[0.5],0.5,1.0,-1.0,0.0,0.8,-0.8,0.0,0.5,score
hard_new,ours_refined,0.8766603415559773,1.0683111954459203,527,2025-08-08T11:57:24,sweep_sizenew,9,0.1,10000,3000,1.0,0.0,0.0,0.5,[0.5],0.5,1.0,-1.0,0.0,0.8,-0.8,0.0,0.5,score
overall,ours_refined,0.9013333333333333,1.0873333333333333,1500,2025-08-08T11:57:25,sweep_sizenew,15,0.1,10000,3000,1.0,0.0,0.0,0.5,[0.5],0.5,1.0,-1.0,0.0,0.8,-0.8,0.0,0.5,score
easy_new,ours_refined,0.9094650205761317,1.0648148148148149,972,2025-08-08T11:57:25,sweep_sizenew,15,0.1,10000,3000,1.0,0.0,0.0,0.5,[0.5],0.5,1.0,-1.0,0.0,0.8,-0.8,0.0,0.5,score
hard_new,ours_refined,0.8863636363636364,1.128787878787879,528,2025-08-08T11:57:25,sweep_sizenew,15,0.1,10000,3000,1.0,0.0,0.0,0.5,[0.5],0.5,1.0,-1.0,0.0,0.8,-0.8,0.0,0.5,score
overall,ours_refined,0.898,1.0886666666666667,1500,2025-08-08T11:57:25,sweep_sizenew,6,0.1,10000,3000,1.0,0.0,0.0,0.5,[0.5],0.5,1.0,-1.0,0.0,0.8,-0.8,0.0,0.5,score
easy_new,ours_refined,0.9161616161616162,1.087878787878788,990,2025-08-08T11:57:25,sweep_sizenew,6,0.1,10000,3000,1.0,0.0,0.0,0.5,[0.5],0.5,1.0,-1.0,0.0,0.8,-0.8,0.0,0.5,score
hard_new,ours_refined,0.8627450980392157,1.0901960784313725,510,2025-08-08T11:57:25,sweep_sizenew,6,0.1,10000,3000,1.0,0.0,0.0,0.5,[0.5],0.5,1.0,-1.0,0.0,0.8,-0.8,0.0,0.5,score
overall,ours_refined,0.906,1.0846666666666667,1500,2025-08-08T11:57:25,sweep_sizenew,17,0.1,10000,3000,1.0,0.0,0.0,0.5,[0.5],0.5,1.0,-1.0,0.0,0.8,-0.8,0.0,0.5,score
easy_new,ours_refined,0.9082751744765702,1.0807577268195414,1003,2025-08-08T11:57:25,sweep_sizenew,17,0.1,10000,3000,1.0,0.0,0.0,0.5,[0.5],0.5,1.0,-1.0,0.0,0.8,-0.8,0.0,0.5,score
hard_new,ours_refined,0.9014084507042254,1.0925553319919517,497,2025-08-08T11:57:25,sweep_sizenew,17,0.1,10000,3000,1.0,0.0,0.0,0.5,[0.5],0.5,1.0,-1.0,0.0,0.8,-0.8,0.0,0.5,score
overall,ours_refined,0.9033333333333333,1.0733333333333333,1500,2025-08-08T11:57:25,sweep_sizenew,7,0.1,10000,3000,1.0,0.0,0.0,0.5,[0.5],0.5,1.0,-1.0,0.0,0.8,-0.8,0.0,0.5,score
easy_new,ours_refined,0.9045226130653267,1.0763819095477387,995,2025-08-08T11:57:25,sweep_sizenew,7,0.1,10000,3000,1.0,0.0,0.0,0.5,[0.5],0.5,1.0,-1.0,0.0,0.8,-0.8,0.0,0.5,score
hard_new,ours_refined,0.900990099009901,1.0673267326732674,505,2025-08-08T11:57:25,sweep_sizenew,7,0.1,10000,3000,1.0,0.0,0.0,0.5,[0.5],0.5,1.0,-1.0,0.0,0.8,-0.8,0.0,0.5,score
overall,ours_refined,0.9113333333333333,1.11,1500,2025-08-08T11:57:25,sweep_sizenew,14,0.1,10000,3000,1.0,0.0,0.0,0.5,[0.5],0.5,1.0,-1.0,0.0,0.8,-0.8,0.0,0.5,score
easy_new,ours_refined,0.9102040816326531,1.1,980,2025-08-08T11:57:25,sweep_sizenew,14,0.1,10000,3000,1.0,0.0,0.0,0.5,[0.5],0.5,1.0,-1.0,0.0,0.8,-0.8,0.0,0.5,score
hard_new,ours_refined,0.9134615384615384,1.1288461538461538,520,2025-08-08T11:57:25,sweep_sizenew,14,0.1,10000,3000,1.0,0.0,0.0,0.5,[0.5],0.5,1.0,-1.0,0.0,0.8,-0.8,0.0,0.5,score
overall,ours_refined,0.8826666666666667,1.0826666666666667,1500,2025-08-08T11:57:26,sweep_sizenew,16,0.1,10000,3000,1.0,0.0,0.0,0.5,[0.5],0.5,1.0,-1.0,0.0,0.8,-0.8,0.0,0.5,score
easy_new,ours_refined,0.894141829393628,1.0698869475847894,973,2025-08-08T11:57:26,sweep_sizenew,16,0.1,10000,3000,1.0,0.0,0.0,0.5,[0.5],0.5,1.0,-1.0,0.0,0.8,-0.8,0.0,0.5,score
hard_new,ours_refined,0.8614800759013282,1.1062618595825426,527,2025-08-08T11:57:26,sweep_sizenew,16,0.1,10000,3000,1.0,0.0,0.0,0.5,[0.5],0.5,1.0,-1.0,0.0,0.8,-0.8,0.0,0.5,score
overall,ours_refined,0.893,1.1,1000,2025-08-08T11:57:27,sweep_sizenew,10,0.1,10000,2000,1.0,0.0,0.0,0.5,[0.5],0.5,1.0,-1.0,0.0,0.8,-0.8,0.0,0.5,score
easy_new,ours_refined,0.904833836858006,1.0891238670694865,662,2025-08-08T11:57:27,sweep_sizenew,10,0.1,10000,2000,1.0,0.0,0.0,0.5,[0.5],0.5,1.0,-1.0,0.0,0.8,-0.8,0.0,0.5,score
hard_new,ours_refined,0.8698224852071006,1.121301775147929,338,2025-08-08T11:57:27,sweep_sizenew,10,0.1,10000,2000,1.0,0.0,0.0,0.5,[0.5],0.5,1.0,-1.0,0.0,0.8,-0.8,0.0,0.5,score
overall,ours_refined,0.878,1.08,2000,2025-08-08T11:57:29,sweep_sizenew,13,0.1,10000,4000,1.0,0.0,0.0,0.5,[0.5],0.5,1.0,-1.0,0.0,0.8,-0.8,0.0,0.5,score
easy_new,ours_refined,0.8786936236391913,1.0707620528771384,1286,2025-08-08T11:57:29,sweep_sizenew,13,0.1,10000,4000,1.0,0.0,0.0,0.5,[0.5],0.5,1.0,-1.0,0.0,0.8,-0.8,0.0,0.5,score
hard_new,ours_refined,0.876750700280112,1.096638655462185,714,2025-08-08T11:57:29,sweep_sizenew,13,0.1,10000,4000,1.0,0.0,0.0,0.5,[0.5],0.5,1.0,-1.0,0.0,0.8,-0.8,0.0,0.5,score
overall,ours_refined,0.9145,1.1075,2000,2025-08-08T11:57:29,sweep_sizenew,12,0.1,10000,4000,1.0,0.0,0.0,0.5,[0.5],0.5,1.0,-1.0,0.0,0.8,-0.8,0.0,0.5,score
easy_new,ours_refined,0.9217134416543574,1.10192023633678,1354,2025-08-08T11:57:29,sweep_sizenew,12,0.1,10000,4000,1.0,0.0,0.0,0.5,[0.5],0.5,1.0,-1.0,0.0,0.8,-0.8,0.0,0.5,score
hard_new,ours_refined,0.8993808049535603,1.1191950464396285,646,2025-08-08T11:57:29,sweep_sizenew,12,0.1,10000,4000,1.0,0.0,0.0,0.5,[0.5],0.5,1.0,-1.0,0.0,0.8,-0.8,0.0,0.5,score
overall,ours_refined,0.9002222222222223,1.0777777777777777,4500,2025-08-08T11:57:29,sweep_sizenew,5,0.1,10000,9000,1.0,0.0,0.0,0.5,[0.5],0.5,1.0,-1.0,0.0,0.8,-0.8,0.0,0.5,score
easy_new,ours_refined,0.9038785834738617,1.066779089376054,2965,2025-08-08T11:57:29,sweep_sizenew,5,0.1,10000,9000,1.0,0.0,0.0,0.5,[0.5],0.5,1.0,-1.0,0.0,0.8,-0.8,0.0,0.5,score
hard_new,ours_refined,0.8931596091205212,1.0990228013029315,1535,2025-08-08T11:57:29,sweep_sizenew,5,0.1,10000,9000,1.0,0.0,0.0,0.5,[0.5],0.5,1.0,-1.0,0.0,0.8,-0.8,0.0,0.5,score
overall,ours_refined,0.9125,1.077,2000,2025-08-08T11:57:29,sweep_sizenew,8,0.1,10000,4000,1.0,0.0,0.0,0.5,[0.5],0.5,1.0,-1.0,0.0,0.8,-0.8,0.0,0.5,score
easy_new,ours_refined,0.9240898528272656,1.0666150271107668,1291,2025-08-08T11:57:29,sweep_sizenew,8,0.1,10000,4000,1.0,0.0,0.0,0.5,[0.5],0.5,1.0,-1.0,0.0,0.8,-0.8,0.0,0.5,score
hard_new,ours_refined,0.8913963328631875,1.0959097320169253,709,2025-08-08T11:57:29,sweep_sizenew,8,0.1,10000,4000,1.0,0.0,0.0,0.5,[0.5],0.5,1.0,-1.0,0.0,0.8,-0.8,0.0,0.5,score
overall,ours_refined,0.904,1.115,1000,2025-08-08T11:57:30,sweep_sizenew,11,0.1,10000,2000,1.0,0.0,0.0,0.5,[0.5],0.5,1.0,-1.0,0.0,0.8,-0.8,0.0,0.5,score
easy_new,ours_refined,0.9108469539375929,1.099554234769688,673,2025-08-08T11:57:30,sweep_sizenew,11,0.1,10000,2000,1.0,0.0,0.0,0.5,[0.5],0.5,1.0,-1.0,0.0,0.8,-0.8,0.0,0.5,score
hard_new,ours_refined,0.8899082568807339,1.146788990825688,327,2025-08-08T11:57:30,sweep_sizenew,11,0.1,10000,2000,1.0,0.0,0.0,0.5,[0.5],0.5,1.0,-1.0,0.0,0.8,-0.8,0.0,0.5,score
overall,ours_refined,0.891,1.0725,2000,2025-08-08T11:57:31,sweep_sizenew,9,0.1,10000,4000,1.0,0.0,0.0,0.5,[0.5],0.5,1.0,-1.0,0.0,0.8,-0.8,0.0,0.5,score
easy_new,ours_refined,0.893211289092296,1.0587337909992371,1311,2025-08-08T11:57:31,sweep_sizenew,9,0.1,10000,4000,1.0,0.0,0.0,0.5,[0.5],0.5,1.0,-1.0,0.0,0.8,-0.8,0.0,0.5,score
hard_new,ours_refined,0.8867924528301887,1.0986937590711177,689,2025-08-08T11:57:31,sweep_sizenew,9,0.1,10000,4000,1.0,0.0,0.0,0.5,[0.5],0.5,1.0,-1.0,0.0,0.8,-0.8,0.0,0.5,score
overall,ours_refined,0.897,1.102,1000,2025-08-08T11:57:31,sweep_sizenew,19,0.1,10000,2000,1.0,0.0,0.0,0.5,[0.5],0.5,1.0,-1.0,0.0,0.8,-0.8,0.0,0.5,score
easy_new,ours_refined,0.8932926829268293,1.103658536585366,656,2025-08-08T11:57:31,sweep_sizenew,19,0.1,10000,2000,1.0,0.0,0.0,0.5,[0.5],0.5,1.0,-1.0,0.0,0.8,-0.8,0.0,0.5,score
hard_new,ours_refined,0.9040697674418605,1.0988372093023255,344,2025-08-08T11:57:31,sweep_sizenew,19,0.1,10000,2000,1.0,0.0,0.0,0.5,[0.5],0.5,1.0,-1.0,0.0,0.8,-0.8,0.0,0.5,score
overall,ours_refined,0.92,1.134,1500,2025-08-08T11:57:31,sweep_sizenew,18,0.1,10000,3000,1.0,0.0,0.0,0.5,[0.5],0.5,1.0,-1.0,0.0,0.8,-0.8,0.0,0.5,score
easy_new,ours_refined,0.9267803410230692,1.1183550651955867,997,2025-08-08T11:57:31,sweep_sizenew,18,0.1,10000,3000,1.0,0.0,0.0,0.5,[0.5],0.5,1.0,-1.0,0.0,0.8,-0.8,0.0,0.5,score
hard_new,ours_refined,0.9065606361829026,1.1650099403578529,503,2025-08-08T11:57:31,sweep_sizenew,18,0.1,10000,3000,1.0,0.0,0.0,0.5,[0.5],0.5,1.0,-1.0,0.0,0.8,-0.8,0.0,0.5,score
overall,ours_refined,0.901,1.076,1000,2025-08-08T11:57:31,sweep_sizenew,20,0.1,10000,2000,1.0,0.0,0.0,0.5,[0.5],0.5,1.0,-1.0,0.0,0.8,-0.8,0.0,0.5,score
easy_new,ours_refined,0.913109756097561,1.076219512195122,656,2025-08-08T11:57:31,sweep_sizenew,20,0.1,10000,2000,1.0,0.0,0.0,0.5,[0.5],0.5,1.0,-1.0,0.0,0.8,-0.8,0.0,0.5,score
hard_new,ours_refined,0.877906976744186,1.0755813953488371,344,2025-08-08T11:57:31,sweep_sizenew,20,0.1,10000,2000,1.0,0.0,0.0,0.5,[0.5],0.5,1.0,-1.0,0.0,0.8,-0.8,0.0,0.5,score
overall,ours_refined,0.908,1.092,2000,2025-08-08T11:57:32,sweep_sizenew,15,0.1,10000,4000,1.0,0.0,0.0,0.5,[0.5],0.5,1.0,-1.0,0.0,0.8,-0.8,0.0,0.5,score
easy_new,ours_refined,0.9042879019908117,1.0727411944869831,1306,2025-08-08T11:57:32,sweep_sizenew,15,0.1,10000,4000,1.0,0.0,0.0,0.5,[0.5],0.5,1.0,-1.0,0.0,0.8,-0.8,0.0,0.5,score
hard_new,ours_refined,0.9149855907780979,1.1282420749279538,694,2025-08-08T11:57:32,sweep_sizenew,15,0.1,10000,4000,1.0,0.0,0.0,0.5,[0.5],0.5,1.0,-1.0,0.0,0.8,-0.8,0.0,0.5,score
overall,ours_refined,0.906,1.093,2000,2025-08-08T11:57:32,sweep_sizenew,6,0.1,10000,4000,1.0,0.0,0.0,0.5,[0.5],0.5,1.0,-1.0,0.0,0.8,-0.8,0.0,0.5,score
easy_new,ours_refined,0.9112781954887218,1.08796992481203,1330,2025-08-08T11:57:32,sweep_sizenew,6,0.1,10000,4000,1.0,0.0,0.0,0.5,[0.5],0.5,1.0,-1.0,0.0,0.8,-0.8,0.0,0.5,score
hard_new,ours_refined,0.8955223880597015,1.1029850746268657,670,2025-08-08T11:57:32,sweep_sizenew,6,0.1,10000,4000,1.0,0.0,0.0,0.5,[0.5],0.5,1.0,-1.0,0.0,0.8,-0.8,0.0,0.5,score
overall,ours_refined,0.904,1.0855,2000,2025-08-08T11:57:32,sweep_sizenew,17,0.1,10000,4000,1.0,0.0,0.0,0.5,[0.5],0.5,1.0,-1.0,0.0,0.8,-0.8,0.0,0.5,score
easy_new,ours_refined,0.9129464285714286,1.0729166666666667,1344,2025-08-08T11:57:32,sweep_sizenew,17,0.1,10000,4000,1.0,0.0,0.0,0.5,[0.5],0.5,1.0,-1.0,0.0,0.8,-0.8,0.0,0.5,score
hard_new,ours_refined,0.885670731707317,1.111280487804878,656,2025-08-08T11:57:32,sweep_sizenew,17,0.1,10000,4000,1.0,0.0,0.0,0.5,[0.5],0.5,1.0,-1.0,0.0,0.8,-0.8,0.0,0.5,score
overall,ours_refined,0.897,1.086,2000,2025-08-08T11:57:32,sweep_sizenew,7,0.1,10000,4000,1.0,0.0,0.0,0.5,[0.5],0.5,1.0,-1.0,0.0,0.8,-0.8,0.0,0.5,score
easy_new,ours_refined,0.9015037593984963,1.0804511278195488,1330,2025-08-08T11:57:32,sweep_sizenew,7,0.1,10000,4000,1.0,0.0,0.0,0.5,[0.5],0.5,1.0,-1.0,0.0,0.8,-0.8,0.0,0.5,score
hard_new,ours_refined,0.8880597014925373,1.0970149253731343,670,2025-08-08T11:57:32,sweep_sizenew,7,0.1,10000,4000,1.0,0.0,0.0,0.5,[0.5],0.5,1.0,-1.0,0.0,0.8,-0.8,0.0,0.5,score
overall,ours_refined,0.894,1.099,2000,2025-08-08T11:57:32,sweep_sizenew,2,0.1,10000,4000,1.0,0.0,0.0,0.5,[0.5],0.5,1.0,-1.0,0.0,0.8,-0.8,0.0,0.5,score
easy_new,ours_refined,0.8949357520786092,1.0839002267573696,1323,2025-08-08T11:57:32,sweep_sizenew,2,0.1,10000,4000,1.0,0.0,0.0,0.5,[0.5],0.5,1.0,-1.0,0.0,0.8,-0.8,0.0,0.5,score
hard_new,ours_refined,0.8921713441654358,1.1285081240768096,677,2025-08-08T11:57:32,sweep_sizenew,2,0.1,10000,4000,1.0,0.0,0.0,0.5,[0.5],0.5,1.0,-1.0,0.0,0.8,-0.8,0.0,0.5,score
overall,ours_refined,0.914,1.1145,2000,2025-08-08T11:57:32,sweep_sizenew,14,0.1,10000,4000,1.0,0.0,0.0,0.5,[0.5],0.5,1.0,-1.0,0.0,0.8,-0.8,0.0,0.5,score
easy_new,ours_refined,0.9164750957854406,1.1026819923371647,1305,2025-08-08T11:57:32,sweep_sizenew,14,0.1,10000,4000,1.0,0.0,0.0,0.5,[0.5],0.5,1.0,-1.0,0.0,0.8,-0.8,0.0,0.5,score
hard_new,ours_refined,0.9093525179856116,1.1366906474820144,695,2025-08-08T11:57:32,sweep_sizenew,14,0.1,10000,4000,1.0,0.0,0.0,0.5,[0.5],0.5,1.0,-1.0,0.0,0.8,-0.8,0.0,0.5,score
overall,ours_refined,0.8755,1.054,2000,2025-08-08T11:57:33,sweep_sizenew,16,0.1,10000,4000,1.0,0.0,0.0,0.5,[0.5],0.5,1.0,-1.0,0.0,0.8,-0.8,0.0,0.5,score
easy_new,ours_refined,0.8912547528517111,1.0517110266159695,1315,2025-08-08T11:57:33,sweep_sizenew,16,0.1,10000,4000,1.0,0.0,0.0,0.5,[0.5],0.5,1.0,-1.0,0.0,0.8,-0.8,0.0,0.5,score
hard_new,ours_refined,0.8452554744525548,1.0583941605839415,685,2025-08-08T11:57:33,sweep_sizenew,16,0.1,10000,4000,1.0,0.0,0.0,0.5,[0.5],0.5,1.0,-1.0,0.0,0.8,-0.8,0.0,0.5,score
overall,ours_refined,0.9094285714285715,1.112,3500,2025-08-08T11:57:33,sweep_sizenew,3,0.1,10000,7000,1.0,0.0,0.0,0.5,[0.5],0.5,1.0,-1.0,0.0,0.8,-0.8,0.0,0.5,score
easy_new,ours_refined,0.9213630406290957,1.1017911751856706,2289,2025-08-08T11:57:33,sweep_sizenew,3,0.1,10000,7000,1.0,0.0,0.0,0.5,[0.5],0.5,1.0,-1.0,0.0,0.8,-0.8,0.0,0.5,score
hard_new,ours_refined,0.8868703550784476,1.1312964492155244,1211,2025-08-08T11:57:33,sweep_sizenew,3,0.1,10000,7000,1.0,0.0,0.0,0.5,[0.5],0.5,1.0,-1.0,0.0,0.8,-0.8,0.0,0.5,score
overall,ours_refined,0.9026666666666666,1.104,1500,2025-08-08T11:57:33,sweep_sizenew,10,0.1,10000,3000,1.0,0.0,0.0,0.5,[0.5],0.5,1.0,-1.0,0.0,0.8,-0.8,0.0,0.5,score
easy_new,ours_refined,0.9066937119675457,1.0841784989858012,986,2025-08-08T11:57:33,sweep_sizenew,10,0.1,10000,3000,1.0,0.0,0.0,0.5,[0.5],0.5,1.0,-1.0,0.0,0.8,-0.8,0.0,0.5,score
hard_new,ours_refined,0.8949416342412452,1.1420233463035019,514,2025-08-08T11:57:33,sweep_sizenew,10,0.1,10000,3000,1.0,0.0,0.0,0.5,[0.5],0.5,1.0,-1.0,0.0,0.8,-0.8,0.0,0.5,score
overall,ours_refined,0.892,1.0628,2500,2025-08-08T11:57:36,sweep_sizenew,12,0.1,10000,5000,1.0,0.0,0.0,0.5,[0.5],0.5,1.0,-1.0,0.0,0.8,-0.8,0.0,0.5,score
easy_new,ours_refined,0.8944900351699883,1.059202813599062,1706,2025-08-08T11:57:36,sweep_sizenew,12,0.1,10000,5000,1.0,0.0,0.0,0.5,[0.5],0.5,1.0,-1.0,0.0,0.8,-0.8,0.0,0.5,score
hard_new,ours_refined,0.8866498740554156,1.070528967254408,794,2025-08-08T11:57:36,sweep_sizenew,12,0.1,10000,5000,1.0,0.0,0.0,0.5,[0.5],0.5,1.0,-1.0,0.0,0.8,-0.8,0.0,0.5,score
overall,ours_refined,0.9072,1.1064,2500,2025-08-08T11:57:36,sweep_sizenew,13,0.1,10000,5000,1.0,0.0,0.0,0.5,[0.5],0.5,1.0,-1.0,0.0,0.8,-0.8,0.0,0.5,score
easy_new,ours_refined,0.9105392156862745,1.0962009803921569,1632,2025-08-08T11:57:36,sweep_sizenew,13,0.1,10000,5000,1.0,0.0,0.0,0.5,[0.5],0.5,1.0,-1.0,0.0,0.8,-0.8,0.0,0.5,score
hard_new,ours_refined,0.9009216589861752,1.1255760368663594,868,2025-08-08T11:57:36,sweep_sizenew,13,0.1,10000,5000,1.0,0.0,0.0,0.5,[0.5],0.5,1.0,-1.0,0.0,0.8,-0.8,0.0,0.5,score
overall,ours_refined,0.9026666666666666,1.082,1500,2025-08-08T11:57:36,sweep_sizenew,11,0.1,10000,3000,1.0,0.0,0.0,0.5,[0.5],0.5,1.0,-1.0,0.0,0.8,-0.8,0.0,0.5,score
easy_new,ours_refined,0.9101449275362319,1.0724637681159421,1035,2025-08-08T11:57:36,sweep_sizenew,11,0.1,10000,3000,1.0,0.0,0.0,0.5,[0.5],0.5,1.0,-1.0,0.0,0.8,-0.8,0.0,0.5,score
hard_new,ours_refined,0.886021505376344,1.103225806451613,465,2025-08-08T11:57:36,sweep_sizenew,11,0.1,10000,3000,1.0,0.0,0.0,0.5,[0.5],0.5,1.0,-1.0,0.0,0.8,-0.8,0.0,0.5,score
overall,ours_refined,0.8984,1.0768,2500,2025-08-08T11:57:36,sweep_sizenew,8,0.1,10000,5000,1.0,0.0,0.0,0.5,[0.5],0.5,1.0,-1.0,0.0,0.8,-0.8,0.0,0.5,score
easy_new,ours_refined,0.8991442542787286,1.0721271393643033,1636,2025-08-08T11:57:36,sweep_sizenew,8,0.1,10000,5000,1.0,0.0,0.0,0.5,[0.5],0.5,1.0,-1.0,0.0,0.8,-0.8,0.0,0.5,score
hard_new,ours_refined,0.8969907407407407,1.0856481481481481,864,2025-08-08T11:57:36,sweep_sizenew,8,0.1,10000,5000,1.0,0.0,0.0,0.5,[0.5],0.5,1.0,-1.0,0.0,0.8,-0.8,0.0,0.5,score
overall,ours_refined,0.8996,1.0984,2500,2025-08-08T11:57:38,sweep_sizenew,9,0.1,10000,5000,1.0,0.0,0.0,0.5,[0.5],0.5,1.0,-1.0,0.0,0.8,-0.8,0.0,0.5,score
easy_new,ours_refined,0.9037172455819622,1.0804387568555758,1641,2025-08-08T11:57:38,sweep_sizenew,9,0.1,10000,5000,1.0,0.0,0.0,0.5,[0.5],0.5,1.0,-1.0,0.0,0.8,-0.8,0.0,0.5,score
hard_new,ours_refined,0.8917345750873108,1.1327124563445867,859,2025-08-08T11:57:38,sweep_sizenew,9,0.1,10000,5000,1.0,0.0,0.0,0.5,[0.5],0.5,1.0,-1.0,0.0,0.8,-0.8,0.0,0.5,score
overall,ours_refined,0.9068,1.0932,2500,2025-08-08T11:57:39,sweep_sizenew,17,0.1,10000,5000,1.0,0.0,0.0,0.5,[0.5],0.5,1.0,-1.0,0.0,0.8,-0.8,0.0,0.5,score
easy_new,ours_refined,0.9043374925727867,1.083184789067142,1683,2025-08-08T11:57:39,sweep_sizenew,17,0.1,10000,5000,1.0,0.0,0.0,0.5,[0.5],0.5,1.0,-1.0,0.0,0.8,-0.8,0.0,0.5,score
hard_new,ours_refined,0.9118727050183598,1.1138310893512853,817,2025-08-08T11:57:39,sweep_sizenew,17,0.1,10000,5000,1.0,0.0,0.0,0.5,[0.5],0.5,1.0,-1.0,0.0,0.8,-0.8,0.0,0.5,score
overall,ours_refined,0.9052,1.0824,2500,2025-08-08T11:57:39,sweep_sizenew,15,0.1,10000,5000,1.0,0.0,0.0,0.5,[0.5],0.5,1.0,-1.0,0.0,0.8,-0.8,0.0,0.5,score
easy_new,ours_refined,0.9097651421508035,1.0766378244746602,1618,2025-08-08T11:57:39,sweep_sizenew,15,0.1,10000,5000,1.0,0.0,0.0,0.5,[0.5],0.5,1.0,-1.0,0.0,0.8,-0.8,0.0,0.5,score
hard_new,ours_refined,0.8968253968253969,1.09297052154195,882,2025-08-08T11:57:39,sweep_sizenew,15,0.1,10000,5000,1.0,0.0,0.0,0.5,[0.5],0.5,1.0,-1.0,0.0,0.8,-0.8,0.0,0.5,score
overall,ours_refined,0.8956,1.0828,2500,2025-08-08T11:57:39,sweep_sizenew,6,0.1,10000,5000,1.0,0.0,0.0,0.5,[0.5],0.5,1.0,-1.0,0.0,0.8,-0.8,0.0,0.5,score
easy_new,ours_refined,0.8978723404255319,1.0747720364741642,1645,2025-08-08T11:57:39,sweep_sizenew,6,0.1,10000,5000,1.0,0.0,0.0,0.5,[0.5],0.5,1.0,-1.0,0.0,0.8,-0.8,0.0,0.5,score
hard_new,ours_refined,0.8912280701754386,1.0982456140350878,855,2025-08-08T11:57:39,sweep_sizenew,6,0.1,10000,5000,1.0,0.0,0.0,0.5,[0.5],0.5,1.0,-1.0,0.0,0.8,-0.8,0.0,0.5,score
overall,ours_refined,0.8964,1.078,2500,2025-08-08T11:57:39,sweep_sizenew,14,0.1,10000,5000,1.0,0.0,0.0,0.5,[0.5],0.5,1.0,-1.0,0.0,0.8,-0.8,0.0,0.5,score
easy_new,ours_refined,0.8957169459962756,1.0726256983240223,1611,2025-08-08T11:57:39,sweep_sizenew,14,0.1,10000,5000,1.0,0.0,0.0,0.5,[0.5],0.5,1.0,-1.0,0.0,0.8,-0.8,0.0,0.5,score
hard_new,ours_refined,0.8976377952755905,1.0877390326209224,889,2025-08-08T11:57:39,sweep_sizenew,14,0.1,10000,5000,1.0,0.0,0.0,0.5,[0.5],0.5,1.0,-1.0,0.0,0.8,-0.8,0.0,0.5,score
overall,ours_refined,0.8976,1.086,2500,2025-08-08T11:57:40,sweep_sizenew,7,0.1,10000,5000,1.0,0.0,0.0,0.5,[0.5],0.5,1.0,-1.0,0.0,0.8,-0.8,0.0,0.5,score
easy_new,ours_refined,0.898418491484185,1.0766423357664234,1644,2025-08-08T11:57:40,sweep_sizenew,7,0.1,10000,5000,1.0,0.0,0.0,0.5,[0.5],0.5,1.0,-1.0,0.0,0.8,-0.8,0.0,0.5,score
hard_new,ours_refined,0.8960280373831776,1.1039719626168225,856,2025-08-08T11:57:40,sweep_sizenew,7,0.1,10000,5000,1.0,0.0,0.0,0.5,[0.5],0.5,1.0,-1.0,0.0,0.8,-0.8,0.0,0.5,score
overall,ours_refined,0.911,1.086,2000,2025-08-08T11:57:40,sweep_sizenew,18,0.1,10000,4000,1.0,0.0,0.0,0.5,[0.5],0.5,1.0,-1.0,0.0,0.8,-0.8,0.0,0.5,score
easy_new,ours_refined,0.9165413533834587,1.0781954887218046,1330,2025-08-08T11:57:40,sweep_sizenew,18,0.1,10000,4000,1.0,0.0,0.0,0.5,[0.5],0.5,1.0,-1.0,0.0,0.8,-0.8,0.0,0.5,score
hard_new,ours_refined,0.9,1.1014925373134328,670,2025-08-08T11:57:40,sweep_sizenew,18,0.1,10000,4000,1.0,0.0,0.0,0.5,[0.5],0.5,1.0,-1.0,0.0,0.8,-0.8,0.0,0.5,score
overall,ours_refined,0.8924,1.0804,2500,2025-08-08T11:57:40,sweep_sizenew,16,0.1,10000,5000,1.0,0.0,0.0,0.5,[0.5],0.5,1.0,-1.0,0.0,0.8,-0.8,0.0,0.5,score
easy_new,ours_refined,0.9015606242496998,1.081032412965186,1666,2025-08-08T11:57:40,sweep_sizenew,16,0.1,10000,5000,1.0,0.0,0.0,0.5,[0.5],0.5,1.0,-1.0,0.0,0.8,-0.8,0.0,0.5,score
hard_new,ours_refined,0.8741007194244604,1.079136690647482,834,2025-08-08T11:57:40,sweep_sizenew,16,0.1,10000,5000,1.0,0.0,0.0,0.5,[0.5],0.5,1.0,-1.0,0.0,0.8,-0.8,0.0,0.5,score
overall,ours_refined,0.9073333333333333,1.0913333333333333,1500,2025-08-08T11:57:40,sweep_sizenew,20,0.1,10000,3000,1.0,0.0,0.0,0.5,[0.5],0.5,1.0,-1.0,0.0,0.8,-0.8,0.0,0.5,score
easy_new,ours_refined,0.9125127161749745,1.0824008138351984,983,2025-08-08T11:57:40,sweep_sizenew,20,0.1,10000,3000,1.0,0.0,0.0,0.5,[0.5],0.5,1.0,-1.0,0.0,0.8,-0.8,0.0,0.5,score
hard_new,ours_refined,0.8974854932301741,1.1083172147001934,517,2025-08-08T11:57:40,sweep_sizenew,20,0.1,10000,3000,1.0,0.0,0.0,0.5,[0.5],0.5,1.0,-1.0,0.0,0.8,-0.8,0.0,0.5,score
overall,ours_refined,0.8966666666666666,1.064,1500,2025-08-08T11:57:40,sweep_sizenew,19,0.1,10000,3000,1.0,0.0,0.0,0.5,[0.5],0.5,1.0,-1.0,0.0,0.8,-0.8,0.0,0.5,score
easy_new,ours_refined,0.9039836567926456,1.0633299284984679,979,2025-08-08T11:57:40,sweep_sizenew,19,0.1,10000,3000,1.0,0.0,0.0,0.5,[0.5],0.5,1.0,-1.0,0.0,0.8,-0.8,0.0,0.5,score
hard_new,ours_refined,0.8829174664107485,1.0652591170825336,521,2025-08-08T11:57:40,sweep_sizenew,19,0.1,10000,3000,1.0,0.0,0.0,0.5,[0.5],0.5,1.0,-1.0,0.0,0.8,-0.8,0.0,0.5,score
overall,ours_refined,0.8835,1.056,2000,2025-08-08T11:57:40,sweep_sizenew,10,0.1,10000,4000,1.0,0.0,0.0,0.5,[0.5],0.5,1.0,-1.0,0.0,0.8,-0.8,0.0,0.5,score
easy_new,ours_refined,0.892991710625471,1.0535041446872646,1327,2025-08-08T11:57:40,sweep_sizenew,10,0.1,10000,4000,1.0,0.0,0.0,0.5,[0.5],0.5,1.0,-1.0,0.0,0.8,-0.8,0.0,0.5,score
hard_new,ours_refined,0.8647845468053492,1.0609212481426449,673,2025-08-08T11:57:40,sweep_sizenew,10,0.1,10000,4000,1.0,0.0,0.0,0.5,[0.5],0.5,1.0,-1.0,0.0,0.8,-0.8,0.0,0.5,score
overall,ours_refined,0.8994,1.0868,5000,2025-08-08T11:57:43,sweep_sizenew,5,0.1,10000,10000,1.0,0.0,0.0,0.5,[0.5],0.5,1.0,-1.0,0.0,0.8,-0.8,0.0,0.5,score
easy_new,ours_refined,0.8973970944309927,1.0789951573849879,3304,2025-08-08T11:57:43,sweep_sizenew,5,0.1,10000,10000,1.0,0.0,0.0,0.5,[0.5],0.5,1.0,-1.0,0.0,0.8,-0.8,0.0,0.5,score
hard_new,ours_refined,0.9033018867924528,1.102004716981132,1696,2025-08-08T11:57:43,sweep_sizenew,5,0.1,10000,10000,1.0,0.0,0.0,0.5,[0.5],0.5,1.0,-1.0,0.0,0.8,-0.8,0.0,0.5,score
overall,ours_refined,0.9085,1.088,2000,2025-08-08T11:57:44,sweep_sizenew,11,0.1,10000,4000,1.0,0.0,0.0,0.5,[0.5],0.5,1.0,-1.0,0.0,0.8,-0.8,0.0,0.5,score
easy_new,ours_refined,0.9088213491475167,1.0756115641215716,1349,2025-08-08T11:57:44,sweep_sizenew,11,0.1,10000,4000,1.0,0.0,0.0,0.5,[0.5],0.5,1.0,-1.0,0.0,0.8,-0.8,0.0,0.5,score
hard_new,ours_refined,0.9078341013824884,1.1136712749615976,651,2025-08-08T11:57:44,sweep_sizenew,11,0.1,10000,4000,1.0,0.0,0.0,0.5,[0.5],0.5,1.0,-1.0,0.0,0.8,-0.8,0.0,0.5,score
overall,ours_refined,0.897,1.073,3000,2025-08-08T11:57:44,sweep_sizenew,12,0.1,10000,6000,1.0,0.0,0.0,0.5,[0.5],0.5,1.0,-1.0,0.0,0.8,-0.8,0.0,0.5,score
easy_new,ours_refined,0.9029367844698856,1.0701841712294673,2009,2025-08-08T11:57:44,sweep_sizenew,12,0.1,10000,6000,1.0,0.0,0.0,0.5,[0.5],0.5,1.0,-1.0,0.0,0.8,-0.8,0.0,0.5,score
hard_new,ours_refined,0.8849646821392533,1.0787083753784057,991,2025-08-08T11:57:44,sweep_sizenew,12,0.1,10000,6000,1.0,0.0,0.0,0.5,[0.5],0.5,1.0,-1.0,0.0,0.8,-0.8,0.0,0.5,score
overall,ours_refined,0.9116,1.0768,2500,2025-08-08T11:57:44,sweep_sizenew,2,0.1,10000,5000,1.0,0.0,0.0,0.5,[0.5],0.5,1.0,-1.0,0.0,0.8,-0.8,0.0,0.5,score
easy_new,ours_refined,0.9071729957805907,1.0663050030138639,1659,2025-08-08T11:57:44,sweep_sizenew,2,0.1,10000,5000,1.0,0.0,0.0,0.5,[0.5],0.5,1.0,-1.0,0.0,0.8,-0.8,0.0,0.5,score
hard_new,ours_refined,0.920332936979786,1.0975029726516052,841,2025-08-08T11:57:44,sweep_sizenew,2,0.1,10000,5000,1.0,0.0,0.0,0.5,[0.5],0.5,1.0,-1.0,0.0,0.8,-0.8,0.0,0.5,score
overall,ours_refined,0.8906666666666667,1.0973333333333333,3000,2025-08-08T11:57:44,sweep_sizenew,13,0.1,10000,6000,1.0,0.0,0.0,0.5,[0.5],0.5,1.0,-1.0,0.0,0.8,-0.8,0.0,0.5,score
easy_new,ours_refined,0.8982528263103803,1.0832476875642343,1946,2025-08-08T11:57:44,sweep_sizenew,13,0.1,10000,6000,1.0,0.0,0.0,0.5,[0.5],0.5,1.0,-1.0,0.0,0.8,-0.8,0.0,0.5,score
hard_new,ours_refined,0.8766603415559773,1.1233396584440227,1054,2025-08-08T11:57:44,sweep_sizenew,13,0.1,10000,6000,1.0,0.0,0.0,0.5,[0.5],0.5,1.0,-1.0,0.0,0.8,-0.8,0.0,0.5,score
overall,ours_refined,0.891,1.0713333333333332,3000,2025-08-08T11:57:45,sweep_sizenew,8,0.1,10000,6000,1.0,0.0,0.0,0.5,[0.5],0.5,1.0,-1.0,0.0,0.8,-0.8,0.0,0.5,score
easy_new,ours_refined,0.89737108190091,1.0626895854398382,1978,2025-08-08T11:57:45,sweep_sizenew,8,0.1,10000,6000,1.0,0.0,0.0,0.5,[0.5],0.5,1.0,-1.0,0.0,0.8,-0.8,0.0,0.5,score
hard_new,ours_refined,0.8786692759295499,1.0880626223091976,1022,2025-08-08T11:57:45,sweep_sizenew,8,0.1,10000,6000,1.0,0.0,0.0,0.5,[0.5],0.5,1.0,-1.0,0.0,0.8,-0.8,0.0,0.5,score
overall,ours_refined,0.907,1.1043333333333334,3000,2025-08-08T11:57:46,sweep_sizenew,9,0.1,10000,6000,1.0,0.0,0.0,0.5,[0.5],0.5,1.0,-1.0,0.0,0.8,-0.8,0.0,0.5,score
easy_new,ours_refined,0.9129327902240326,1.0926680244399185,1964,2025-08-08T11:57:46,sweep_sizenew,9,0.1,10000,6000,1.0,0.0,0.0,0.5,[0.5],0.5,1.0,-1.0,0.0,0.8,-0.8,0.0,0.5,score
hard_new,ours_refined,0.8957528957528957,1.1264478764478765,1036,2025-08-08T11:57:46,sweep_sizenew,9,0.1,10000,6000,1.0,0.0,0.0,0.5,[0.5],0.5,1.0,-1.0,0.0,0.8,-0.8,0.0,0.5,score
overall,ours_refined,0.9003333333333333,1.1046666666666667,3000,2025-08-08T11:57:47,sweep_sizenew,17,0.1,10000,6000,1.0,0.0,0.0,0.5,[0.5],0.5,1.0,-1.0,0.0,0.8,-0.8,0.0,0.5,score
easy_new,ours_refined,0.899849774661993,1.0956434651977967,1997,2025-08-08T11:57:47,sweep_sizenew,17,0.1,10000,6000,1.0,0.0,0.0,0.5,[0.5],0.5,1.0,-1.0,0.0,0.8,-0.8,0.0,0.5,score
hard_new,ours_refined,0.901296111665005,1.1226321036889333,1003,2025-08-08T11:57:47,sweep_sizenew,17,0.1,10000,6000,1.0,0.0,0.0,0.5,[0.5],0.5,1.0,-1.0,0.0,0.8,-0.8,0.0,0.5,score
overall,ours_refined,1.0,1.28,50,2025-08-08T11:57:47,sweep_sizenew,21,0.1,10000,100,1.0,0.0,0.0,0.5,[0.5],0.5,1.0,-1.0,0.0,0.8,-0.8,0.0,0.5,score
easy_new,ours_refined,1.0,1.2121212121212122,33,2025-08-08T11:57:47,sweep_sizenew,21,0.1,10000,100,1.0,0.0,0.0,0.5,[0.5],0.5,1.0,-1.0,0.0,0.8,-0.8,0.0,0.5,score
hard_new,ours_refined,1.0,1.411764705882353,17,2025-08-08T11:57:47,sweep_sizenew,21,0.1,10000,100,1.0,0.0,0.0,0.5,[0.5],0.5,1.0,-1.0,0.0,0.8,-0.8,0.0,0.5,score
overall,ours_refined,0.9008,1.0988,2500,2025-08-08T11:57:47,sweep_sizenew,10,0.1,10000,5000,1.0,0.0,0.0,0.5,[0.5],0.5,1.0,-1.0,0.0,0.8,-0.8,0.0,0.5,score
easy_new,ours_refined,0.90625,1.0839460784313726,1632,2025-08-08T11:57:47,sweep_sizenew,10,0.1,10000,5000,1.0,0.0,0.0,0.5,[0.5],0.5,1.0,-1.0,0.0,0.8,-0.8,0.0,0.5,score
hard_new,ours_refined,0.8905529953917051,1.1267281105990783,868,2025-08-08T11:57:47,sweep_sizenew,10,0.1,10000,5000,1.0,0.0,0.0,0.5,[0.5],0.5,1.0,-1.0,0.0,0.8,-0.8,0.0,0.5,score
overall,ours_refined,0.8996666666666666,1.0796666666666668,3000,2025-08-08T11:57:47,sweep_sizenew,15,0.1,10000,6000,1.0,0.0,0.0,0.5,[0.5],0.5,1.0,-1.0,0.0,0.8,-0.8,0.0,0.5,score
easy_new,ours_refined,0.9021739130434783,1.0703933747412009,1932,2025-08-08T11:57:47,sweep_sizenew,15,0.1,10000,6000,1.0,0.0,0.0,0.5,[0.5],0.5,1.0,-1.0,0.0,0.8,-0.8,0.0,0.5,score
hard_new,ours_refined,0.8951310861423221,1.0964419475655431,1068,2025-08-08T11:57:47,sweep_sizenew,15,0.1,10000,6000,1.0,0.0,0.0,0.5,[0.5],0.5,1.0,-1.0,0.0,0.8,-0.8,0.0,0.5,score
overall,ours_refined,0.8956666666666667,1.0803333333333334,3000,2025-08-08T11:57:47,sweep_sizenew,16,0.1,10000,6000,1.0,0.0,0.0,0.5,[0.5],0.5,1.0,-1.0,0.0,0.8,-0.8,0.0,0.5,score
easy_new,ours_refined,0.905116741182315,1.0750124192747144,2013,2025-08-08T11:57:47,sweep_sizenew,16,0.1,10000,6000,1.0,0.0,0.0,0.5,[0.5],0.5,1.0,-1.0,0.0,0.8,-0.8,0.0,0.5,score
hard_new,ours_refined,0.8763931104356636,1.0911854103343466,987,2025-08-08T11:57:47,sweep_sizenew,16,0.1,10000,6000,1.0,0.0,0.0,0.5,[0.5],0.5,1.0,-1.0,0.0,0.8,-0.8,0.0,0.5,score
overall,ours_refined,0.8973333333333333,1.096,3000,2025-08-08T11:57:47,sweep_sizenew,6,0.1,10000,6000,1.0,0.0,0.0,0.5,[0.5],0.5,1.0,-1.0,0.0,0.8,-0.8,0.0,0.5,score
easy_new,ours_refined,0.8983223182511438,1.0838840874428064,1967,2025-08-08T11:57:47,sweep_sizenew,6,0.1,10000,6000,1.0,0.0,0.0,0.5,[0.5],0.5,1.0,-1.0,0.0,0.8,-0.8,0.0,0.5,score
hard_new,ours_refined,0.8954501452081317,1.1190706679574056,1033,2025-08-08T11:57:47,sweep_sizenew,6,0.1,10000,6000,1.0,0.0,0.0,0.5,[0.5],0.5,1.0,-1.0,0.0,0.8,-0.8,0.0,0.5,score
overall,ours_refined,0.906,1.1096666666666666,3000,2025-08-08T11:57:48,sweep_sizenew,14,0.1,10000,6000,1.0,0.0,0.0,0.5,[0.5],0.5,1.0,-1.0,0.0,0.8,-0.8,0.0,0.5,score
easy_new,ours_refined,0.9065849923430321,1.0964777947932618,1959,2025-08-08T11:57:48,sweep_sizenew,14,0.1,10000,6000,1.0,0.0,0.0,0.5,[0.5],0.5,1.0,-1.0,0.0,0.8,-0.8,0.0,0.5,score
hard_new,ours_refined,0.9048991354466859,1.1344860710854947,1041,2025-08-08T11:57:48,sweep_sizenew,14,0.1,10000,6000,1.0,0.0,0.0,0.5,[0.5],0.5,1.0,-1.0,0.0,0.8,-0.8,0.0,0.5,score
overall,ours_refined,0.8953333333333333,1.076,3000,2025-08-08T11:57:48,sweep_sizenew,7,0.1,10000,6000,1.0,0.0,0.0,0.5,[0.5],0.5,1.0,-1.0,0.0,0.8,-0.8,0.0,0.5,score
easy_new,ours_refined,0.8995,1.0725,2000,2025-08-08T11:57:48,sweep_sizenew,7,0.1,10000,6000,1.0,0.0,0.0,0.5,[0.5],0.5,1.0,-1.0,0.0,0.8,-0.8,0.0,0.5,score
hard_new,ours_refined,0.887,1.083,1000,2025-08-08T11:57:48,sweep_sizenew,7,0.1,10000,6000,1.0,0.0,0.0,0.5,[0.5],0.5,1.0,-1.0,0.0,0.8,-0.8,0.0,0.5,score
overall,ours_refined,0.90225,1.0965,4000,2025-08-08T11:57:49,sweep_sizenew,3,0.1,10000,8000,1.0,0.0,0.0,0.5,[0.5],0.5,1.0,-1.0,0.0,0.8,-0.8,0.0,0.5,score
easy_new,ours_refined,0.9095419847328244,1.0801526717557253,2620,2025-08-08T11:57:49,sweep_sizenew,3,0.1,10000,8000,1.0,0.0,0.0,0.5,[0.5],0.5,1.0,-1.0,0.0,0.8,-0.8,0.0,0.5,score
hard_new,ours_refined,0.8884057971014493,1.127536231884058,1380,2025-08-08T11:57:49,sweep_sizenew,3,0.1,10000,8000,1.0,0.0,0.0,0.5,[0.5],0.5,1.0,-1.0,0.0,0.8,-0.8,0.0,0.5,score
overall,ours_refined,0.903,1.104,2000,2025-08-08T11:57:49,sweep_sizenew,20,0.1,10000,4000,1.0,0.0,0.0,0.5,[0.5],0.5,1.0,-1.0,0.0,0.8,-0.8,0.0,0.5,score
easy_new,ours_refined,0.9020979020979021,1.0792540792540792,1287,2025-08-08T11:57:49,sweep_sizenew,20,0.1,10000,4000,1.0,0.0,0.0,0.5,[0.5],0.5,1.0,-1.0,0.0,0.8,-0.8,0.0,0.5,score
hard_new,ours_refined,0.9046283309957924,1.1486676016830295,713,2025-08-08T11:57:49,sweep_sizenew,20,0.1,10000,4000,1.0,0.0,0.0,0.5,[0.5],0.5,1.0,-1.0,0.0,0.8,-0.8,0.0,0.5,score
overall,ours_refined,0.8945,1.0685,2000,2025-08-08T11:57:49,sweep_sizenew,19,0.1,10000,4000,1.0,0.0,0.0,0.5,[0.5],0.5,1.0,-1.0,0.0,0.8,-0.8,0.0,0.5,score
easy_new,ours_refined,0.889894419306184,1.0663650075414781,1326,2025-08-08T11:57:49,sweep_sizenew,19,0.1,10000,4000,1.0,0.0,0.0,0.5,[0.5],0.5,1.0,-1.0,0.0,0.8,-0.8,0.0,0.5,score
hard_new,ours_refined,0.9035608308605341,1.072700296735905,674,2025-08-08T11:57:49,sweep_sizenew,19,0.1,10000,4000,1.0,0.0,0.0,0.5,[0.5],0.5,1.0,-1.0,0.0,0.8,-0.8,0.0,0.5,score
overall,ours_refined,0.908,1.092,2500,2025-08-08T11:57:49,sweep_sizenew,18,0.1,10000,5000,1.0,0.0,0.0,0.5,[0.5],0.5,1.0,-1.0,0.0,0.8,-0.8,0.0,0.5,score
easy_new,ours_refined,0.9145454545454546,1.08,1650,2025-08-08T11:57:49,sweep_sizenew,18,0.1,10000,5000,1.0,0.0,0.0,0.5,[0.5],0.5,1.0,-1.0,0.0,0.8,-0.8,0.0,0.5,score
hard_new,ours_refined,0.8952941176470588,1.1152941176470588,850,2025-08-08T11:57:49,sweep_sizenew,18,0.1,10000,5000,1.0,0.0,0.0,0.5,[0.5],0.5,1.0,-1.0,0.0,0.8,-0.8,0.0,0.5,score
overall,ours_refined,0.92,1.1092,2500,2025-08-08T11:57:51,sweep_sizenew,11,0.1,10000,5000,1.0,0.0,0.0,0.5,[0.5],0.5,1.0,-1.0,0.0,0.8,-0.8,0.0,0.5,score
easy_new,ours_refined,0.9224343675417661,1.1020286396181385,1676,2025-08-08T11:57:51,sweep_sizenew,11,0.1,10000,5000,1.0,0.0,0.0,0.5,[0.5],0.5,1.0,-1.0,0.0,0.8,-0.8,0.0,0.5,score
hard_new,ours_refined,0.9150485436893204,1.1237864077669903,824,2025-08-08T11:57:51,sweep_sizenew,11,0.1,10000,5000,1.0,0.0,0.0,0.5,[0.5],0.5,1.0,-1.0,0.0,0.8,-0.8,0.0,0.5,score
overall,ours_refined,0.94,1.07,100,2025-08-08T11:57:52,sweep_sizenew,21,0.1,10000,200,1.0,0.0,0.0,0.5,[0.5],0.5,1.0,-1.0,0.0,0.8,-0.8,0.0,0.5,score
easy_new,ours_refined,0.96875,1.046875,64,2025-08-08T11:57:52,sweep_sizenew,21,0.1,10000,200,1.0,0.0,0.0,0.5,[0.5],0.5,1.0,-1.0,0.0,0.8,-0.8,0.0,0.5,score
hard_new,ours_refined,0.8888888888888888,1.1111111111111112,36,2025-08-08T11:57:52,sweep_sizenew,21,0.1,10000,200,1.0,0.0,0.0,0.5,[0.5],0.5,1.0,-1.0,0.0,0.8,-0.8,0.0,0.5,score
overall,ours_refined,0.9034285714285715,1.1082857142857143,3500,2025-08-08T11:57:53,sweep_sizenew,12,0.1,10000,7000,1.0,0.0,0.0,0.5,[0.5],0.5,1.0,-1.0,0.0,0.8,-0.8,0.0,0.5,score
easy_new,ours_refined,0.9133589415279556,1.0990183525394792,2343,2025-08-08T11:57:53,sweep_sizenew,12,0.1,10000,7000,1.0,0.0,0.0,0.5,[0.5],0.5,1.0,-1.0,0.0,0.8,-0.8,0.0,0.5,score
hard_new,ours_refined,0.8833189282627485,1.1270527225583404,1157,2025-08-08T11:57:53,sweep_sizenew,12,0.1,10000,7000,1.0,0.0,0.0,0.5,[0.5],0.5,1.0,-1.0,0.0,0.8,-0.8,0.0,0.5,score
overall,ours_refined,0.9077142857142857,1.1031428571428572,3500,2025-08-08T11:57:53,sweep_sizenew,13,0.1,10000,7000,1.0,0.0,0.0,0.5,[0.5],0.5,1.0,-1.0,0.0,0.8,-0.8,0.0,0.5,score
easy_new,ours_refined,0.9052585832246849,1.0908300738809213,2301,2025-08-08T11:57:53,sweep_sizenew,13,0.1,10000,7000,1.0,0.0,0.0,0.5,[0.5],0.5,1.0,-1.0,0.0,0.8,-0.8,0.0,0.5,score
hard_new,ours_refined,0.9124270225187656,1.1267723102585487,1199,2025-08-08T11:57:53,sweep_sizenew,13,0.1,10000,7000,1.0,0.0,0.0,0.5,[0.5],0.5,1.0,-1.0,0.0,0.8,-0.8,0.0,0.5,score
overall,ours_refined,0.9088571428571428,1.086857142857143,3500,2025-08-08T11:57:53,sweep_sizenew,8,0.1,10000,7000,1.0,0.0,0.0,0.5,[0.5],0.5,1.0,-1.0,0.0,0.8,-0.8,0.0,0.5,score
easy_new,ours_refined,0.9076723016905072,1.0767230169050714,2307,2025-08-08T11:57:53,sweep_sizenew,8,0.1,10000,7000,1.0,0.0,0.0,0.5,[0.5],0.5,1.0,-1.0,0.0,0.8,-0.8,0.0,0.5,score
hard_new,ours_refined,0.9111483654652137,1.1064543168482817,1193,2025-08-08T11:57:53,sweep_sizenew,8,0.1,10000,7000,1.0,0.0,0.0,0.5,[0.5],0.5,1.0,-1.0,0.0,0.8,-0.8,0.0,0.5,score
overall,ours_refined,0.8993333333333333,1.0793333333333333,3000,2025-08-08T11:57:55,sweep_sizenew,10,0.1,10000,6000,1.0,0.0,0.0,0.5,[0.5],0.5,1.0,-1.0,0.0,0.8,-0.8,0.0,0.5,score
easy_new,ours_refined,0.905852417302799,1.0717557251908396,1965,2025-08-08T11:57:55,sweep_sizenew,10,0.1,10000,6000,1.0,0.0,0.0,0.5,[0.5],0.5,1.0,-1.0,0.0,0.8,-0.8,0.0,0.5,score
hard_new,ours_refined,0.8869565217391304,1.093719806763285,1035,2025-08-08T11:57:55,sweep_sizenew,10,0.1,10000,6000,1.0,0.0,0.0,0.5,[0.5],0.5,1.0,-1.0,0.0,0.8,-0.8,0.0,0.5,score
overall,ours_refined,0.9002857142857142,1.086,3500,2025-08-08T11:57:55,sweep_sizenew,17,0.1,10000,7000,1.0,0.0,0.0,0.5,[0.5],0.5,1.0,-1.0,0.0,0.8,-0.8,0.0,0.5,score
easy_new,ours_refined,0.9025974025974026,1.0753246753246752,2310,2025-08-08T11:57:55,sweep_sizenew,17,0.1,10000,7000,1.0,0.0,0.0,0.5,[0.5],0.5,1.0,-1.0,0.0,0.8,-0.8,0.0,0.5,score
hard_new,ours_refined,0.8957983193277311,1.1067226890756303,1190,2025-08-08T11:57:55,sweep_sizenew,17,0.1,10000,7000,1.0,0.0,0.0,0.5,[0.5],0.5,1.0,-1.0,0.0,0.8,-0.8,0.0,0.5,score
overall,ours_refined,0.8951428571428571,1.080857142857143,3500,2025-08-08T11:57:55,sweep_sizenew,9,0.1,10000,7000,1.0,0.0,0.0,0.5,[0.5],0.5,1.0,-1.0,0.0,0.8,-0.8,0.0,0.5,score
easy_new,ours_refined,0.8973233874506362,1.0732777534006144,2279,2025-08-08T11:57:55,sweep_sizenew,9,0.1,10000,7000,1.0,0.0,0.0,0.5,[0.5],0.5,1.0,-1.0,0.0,0.8,-0.8,0.0,0.5,score
hard_new,ours_refined,0.8910728910728911,1.095004095004095,1221,2025-08-08T11:57:55,sweep_sizenew,9,0.1,10000,7000,1.0,0.0,0.0,0.5,[0.5],0.5,1.0,-1.0,0.0,0.8,-0.8,0.0,0.5,score
overall,ours_refined,0.9002857142857142,1.0777142857142856,3500,2025-08-08T11:57:56,sweep_sizenew,16,0.1,10000,7000,1.0,0.0,0.0,0.5,[0.5],0.5,1.0,-1.0,0.0,0.8,-0.8,0.0,0.5,score
easy_new,ours_refined,0.903143585386576,1.0679694137638063,2354,2025-08-08T11:57:56,sweep_sizenew,16,0.1,10000,7000,1.0,0.0,0.0,0.5,[0.5],0.5,1.0,-1.0,0.0,0.8,-0.8,0.0,0.5,score
hard_new,ours_refined,0.8944153577661431,1.0977312390924956,1146,2025-08-08T11:57:56,sweep_sizenew,16,0.1,10000,7000,1.0,0.0,0.0,0.5,[0.5],0.5,1.0,-1.0,0.0,0.8,-0.8,0.0,0.5,score
overall,ours_refined,0.8965714285714286,1.0842857142857143,3500,2025-08-08T11:57:56,sweep_sizenew,15,0.1,10000,7000,1.0,0.0,0.0,0.5,[0.5],0.5,1.0,-1.0,0.0,0.8,-0.8,0.0,0.5,score
easy_new,ours_refined,0.897742363877822,1.0703851261620185,2259,2025-08-08T11:57:56,sweep_sizenew,15,0.1,10000,7000,1.0,0.0,0.0,0.5,[0.5],0.5,1.0,-1.0,0.0,0.8,-0.8,0.0,0.5,score
hard_new,ours_refined,0.8944399677679291,1.1095890410958904,1241,2025-08-08T11:57:56,sweep_sizenew,15,0.1,10000,7000,1.0,0.0,0.0,0.5,[0.5],0.5,1.0,-1.0,0.0,0.8,-0.8,0.0,0.5,score
overall,ours_refined,0.8951428571428571,1.0831428571428572,3500,2025-08-08T11:57:56,sweep_sizenew,6,0.1,10000,7000,1.0,0.0,0.0,0.5,[0.5],0.5,1.0,-1.0,0.0,0.8,-0.8,0.0,0.5,score
easy_new,ours_refined,0.9077317385732593,1.0841520717642033,2341,2025-08-08T11:57:56,sweep_sizenew,6,0.1,10000,7000,1.0,0.0,0.0,0.5,[0.5],0.5,1.0,-1.0,0.0,0.8,-0.8,0.0,0.5,score
hard_new,ours_refined,0.8697152717860225,1.0811044003451251,1159,2025-08-08T11:57:56,sweep_sizenew,6,0.1,10000,7000,1.0,0.0,0.0,0.5,[0.5],0.5,1.0,-1.0,0.0,0.8,-0.8,0.0,0.5,score
overall,ours_refined,0.9045714285714286,1.0985714285714285,3500,2025-08-08T11:57:56,sweep_sizenew,14,0.1,10000,7000,1.0,0.0,0.0,0.5,[0.5],0.5,1.0,-1.0,0.0,0.8,-0.8,0.0,0.5,score
easy_new,ours_refined,0.9046997389033943,1.081810269799826,2298,2025-08-08T11:57:56,sweep_sizenew,14,0.1,10000,7000,1.0,0.0,0.0,0.5,[0.5],0.5,1.0,-1.0,0.0,0.8,-0.8,0.0,0.5,score
hard_new,ours_refined,0.9043261231281198,1.1306156405990018,1202,2025-08-08T11:57:56,sweep_sizenew,14,0.1,10000,7000,1.0,0.0,0.0,0.5,[0.5],0.5,1.0,-1.0,0.0,0.8,-0.8,0.0,0.5,score
overall,ours_refined,0.8951428571428571,1.0794285714285714,3500,2025-08-08T11:57:57,sweep_sizenew,7,0.1,10000,7000,1.0,0.0,0.0,0.5,[0.5],0.5,1.0,-1.0,0.0,0.8,-0.8,0.0,0.5,score
easy_new,ours_refined,0.9053533190578158,1.071948608137045,2335,2025-08-08T11:57:57,sweep_sizenew,7,0.1,10000,7000,1.0,0.0,0.0,0.5,[0.5],0.5,1.0,-1.0,0.0,0.8,-0.8,0.0,0.5,score
hard_new,ours_refined,0.8746781115879828,1.094420600858369,1165,2025-08-08T11:57:57,sweep_sizenew,7,0.1,10000,7000,1.0,0.0,0.0,0.5,[0.5],0.5,1.0,-1.0,0.0,0.8,-0.8,0.0,0.5,score
overall,ours_refined,0.92,1.115,200,2025-08-08T11:57:57,sweep_sizenew,21,0.1,10000,400,1.0,0.0,0.0,0.5,[0.5],0.5,1.0,-1.0,0.0,0.8,-0.8,0.0,0.5,score
easy_new,ours_refined,0.9242424242424242,1.0984848484848484,132,2025-08-08T11:57:57,sweep_sizenew,21,0.1,10000,400,1.0,0.0,0.0,0.5,[0.5],0.5,1.0,-1.0,0.0,0.8,-0.8,0.0,0.5,score
hard_new,ours_refined,0.9117647058823529,1.1470588235294117,68,2025-08-08T11:57:57,sweep_sizenew,21,0.1,10000,400,1.0,0.0,0.0,0.5,[0.5],0.5,1.0,-1.0,0.0,0.8,-0.8,0.0,0.5,score
overall,ours_refined,0.9013333333333333,1.0773333333333333,3000,2025-08-08T11:57:57,sweep_sizenew,2,0.1,10000,6000,1.0,0.0,0.0,0.5,[0.5],0.5,1.0,-1.0,0.0,0.8,-0.8,0.0,0.5,score
easy_new,ours_refined,0.8996990972918756,1.0656970912738215,1994,2025-08-08T11:57:57,sweep_sizenew,2,0.1,10000,6000,1.0,0.0,0.0,0.5,[0.5],0.5,1.0,-1.0,0.0,0.8,-0.8,0.0,0.5,score
hard_new,ours_refined,0.904572564612326,1.1003976143141152,1006,2025-08-08T11:57:57,sweep_sizenew,2,0.1,10000,6000,1.0,0.0,0.0,0.5,[0.5],0.5,1.0,-1.0,0.0,0.8,-0.8,0.0,0.5,score
overall,ours_refined,0.9036,1.1036,2500,2025-08-08T11:57:59,sweep_sizenew,20,0.1,10000,5000,1.0,0.0,0.0,0.5,[0.5],0.5,1.0,-1.0,0.0,0.8,-0.8,0.0,0.5,score
easy_new,ours_refined,0.9103362391033624,1.0921544209215441,1606,2025-08-08T11:57:59,sweep_sizenew,20,0.1,10000,5000,1.0,0.0,0.0,0.5,[0.5],0.5,1.0,-1.0,0.0,0.8,-0.8,0.0,0.5,score
hard_new,ours_refined,0.8914988814317674,1.1241610738255035,894,2025-08-08T11:57:59,sweep_sizenew,20,0.1,10000,5000,1.0,0.0,0.0,0.5,[0.5],0.5,1.0,-1.0,0.0,0.8,-0.8,0.0,0.5,score
overall,ours_refined,0.8988,1.0836,2500,2025-08-08T11:57:59,sweep_sizenew,19,0.1,10000,5000,1.0,0.0,0.0,0.5,[0.5],0.5,1.0,-1.0,0.0,0.8,-0.8,0.0,0.5,score
easy_new,ours_refined,0.9034021871202916,1.0741190765492101,1646,2025-08-08T11:57:59,sweep_sizenew,19,0.1,10000,5000,1.0,0.0,0.0,0.5,[0.5],0.5,1.0,-1.0,0.0,0.8,-0.8,0.0,0.5,score
hard_new,ours_refined,0.8899297423887588,1.1018735362997658,854,2025-08-08T11:57:59,sweep_sizenew,19,0.1,10000,5000,1.0,0.0,0.0,0.5,[0.5],0.5,1.0,-1.0,0.0,0.8,-0.8,0.0,0.5,score
overall,ours_refined,0.8906666666666667,1.064,3000,2025-08-08T11:57:59,sweep_sizenew,18,0.1,10000,6000,1.0,0.0,0.0,0.5,[0.5],0.5,1.0,-1.0,0.0,0.8,-0.8,0.0,0.5,score
easy_new,ours_refined,0.8917705735660848,1.057356608478803,2005,2025-08-08T11:57:59,sweep_sizenew,18,0.1,10000,6000,1.0,0.0,0.0,0.5,[0.5],0.5,1.0,-1.0,0.0,0.8,-0.8,0.0,0.5,score
hard_new,ours_refined,0.8884422110552764,1.0773869346733669,995,2025-08-08T11:57:59,sweep_sizenew,18,0.1,10000,6000,1.0,0.0,0.0,0.5,[0.5],0.5,1.0,-1.0,0.0,0.8,-0.8,0.0,0.5,score
overall,ours_refined,0.9103333333333333,1.118,3000,2025-08-08T11:58:00,sweep_sizenew,11,0.1,10000,6000,1.0,0.0,0.0,0.5,[0.5],0.5,1.0,-1.0,0.0,0.8,-0.8,0.0,0.5,score
easy_new,ours_refined,0.9121588089330025,1.1096774193548387,2015,2025-08-08T11:58:00,sweep_sizenew,11,0.1,10000,6000,1.0,0.0,0.0,0.5,[0.5],0.5,1.0,-1.0,0.0,0.8,-0.8,0.0,0.5,score
hard_new,ours_refined,0.9065989847715736,1.1350253807106598,985,2025-08-08T11:58:00,sweep_sizenew,11,0.1,10000,6000,1.0,0.0,0.0,0.5,[0.5],0.5,1.0,-1.0,0.0,0.8,-0.8,0.0,0.5,score
overall,ours_refined,0.8933333333333333,1.0866666666666667,300,2025-08-08T11:58:02,sweep_sizenew,21,0.1,10000,600,1.0,0.0,0.0,0.5,[0.5],0.5,1.0,-1.0,0.0,0.8,-0.8,0.0,0.5,score
easy_new,ours_refined,0.8926829268292683,1.0682926829268293,205,2025-08-08T11:58:02,sweep_sizenew,21,0.1,10000,600,1.0,0.0,0.0,0.5,[0.5],0.5,1.0,-1.0,0.0,0.8,-0.8,0.0,0.5,score
hard_new,ours_refined,0.8947368421052632,1.1263157894736842,95,2025-08-08T11:58:02,sweep_sizenew,21,0.1,10000,600,1.0,0.0,0.0,0.5,[0.5],0.5,1.0,-1.0,0.0,0.8,-0.8,0.0,0.5,score
overall,ours_refined,0.90125,1.089,4000,2025-08-08T11:58:02,sweep_sizenew,13,0.1,10000,8000,1.0,0.0,0.0,0.5,[0.5],0.5,1.0,-1.0,0.0,0.8,-0.8,0.0,0.5,score
easy_new,ours_refined,0.9012158054711246,1.0672492401215805,2632,2025-08-08T11:58:02,sweep_sizenew,13,0.1,10000,8000,1.0,0.0,0.0,0.5,[0.5],0.5,1.0,-1.0,0.0,0.8,-0.8,0.0,0.5,score
hard_new,ours_refined,0.9013157894736842,1.1308479532163742,1368,2025-08-08T11:58:02,sweep_sizenew,13,0.1,10000,8000,1.0,0.0,0.0,0.5,[0.5],0.5,1.0,-1.0,0.0,0.8,-0.8,0.0,0.5,score
overall,ours_refined,0.897,1.09,4000,2025-08-08T11:58:02,sweep_sizenew,8,0.1,10000,8000,1.0,0.0,0.0,0.5,[0.5],0.5,1.0,-1.0,0.0,0.8,-0.8,0.0,0.5,score
easy_new,ours_refined,0.9,1.0803030303030303,2640,2025-08-08T11:58:02,sweep_sizenew,8,0.1,10000,8000,1.0,0.0,0.0,0.5,[0.5],0.5,1.0,-1.0,0.0,0.8,-0.8,0.0,0.5,score
hard_new,ours_refined,0.8911764705882353,1.1088235294117648,1360,2025-08-08T11:58:02,sweep_sizenew,8,0.1,10000,8000,1.0,0.0,0.0,0.5,[0.5],0.5,1.0,-1.0,0.0,0.8,-0.8,0.0,0.5,score
overall,ours_refined,0.90325,1.108,4000,2025-08-08T11:58:02,sweep_sizenew,12,0.1,10000,8000,1.0,0.0,0.0,0.5,[0.5],0.5,1.0,-1.0,0.0,0.8,-0.8,0.0,0.5,score
easy_new,ours_refined,0.9071969696969697,1.0962121212121212,2640,2025-08-08T11:58:02,sweep_sizenew,12,0.1,10000,8000,1.0,0.0,0.0,0.5,[0.5],0.5,1.0,-1.0,0.0,0.8,-0.8,0.0,0.5,score
hard_new,ours_refined,0.8955882352941177,1.1308823529411764,1360,2025-08-08T11:58:02,sweep_sizenew,12,0.1,10000,8000,1.0,0.0,0.0,0.5,[0.5],0.5,1.0,-1.0,0.0,0.8,-0.8,0.0,0.5,score
overall,ours_refined,0.8845714285714286,1.0645714285714285,3500,2025-08-08T11:58:03,sweep_sizenew,10,0.1,10000,7000,1.0,0.0,0.0,0.5,[0.5],0.5,1.0,-1.0,0.0,0.8,-0.8,0.0,0.5,score
easy_new,ours_refined,0.8872212692967409,1.0553173241852487,2332,2025-08-08T11:58:03,sweep_sizenew,10,0.1,10000,7000,1.0,0.0,0.0,0.5,[0.5],0.5,1.0,-1.0,0.0,0.8,-0.8,0.0,0.5,score
hard_new,ours_refined,0.8792808219178082,1.0830479452054795,1168,2025-08-08T11:58:03,sweep_sizenew,10,0.1,10000,7000,1.0,0.0,0.0,0.5,[0.5],0.5,1.0,-1.0,0.0,0.8,-0.8,0.0,0.5,score
overall,ours_refined,0.90375,1.0945,4000,2025-08-08T11:58:04,sweep_sizenew,17,0.1,10000,8000,1.0,0.0,0.0,0.5,[0.5],0.5,1.0,-1.0,0.0,0.8,-0.8,0.0,0.5,score
easy_new,ours_refined,0.9051593323216995,1.0849772382397571,2636,2025-08-08T11:58:04,sweep_sizenew,17,0.1,10000,8000,1.0,0.0,0.0,0.5,[0.5],0.5,1.0,-1.0,0.0,0.8,-0.8,0.0,0.5,score
hard_new,ours_refined,0.9010263929618768,1.1129032258064515,1364,2025-08-08T11:58:04,sweep_sizenew,17,0.1,10000,8000,1.0,0.0,0.0,0.5,[0.5],0.5,1.0,-1.0,0.0,0.8,-0.8,0.0,0.5,score
overall,ours_refined,0.9005,1.06775,4000,2025-08-08T11:58:05,sweep_sizenew,16,0.1,10000,8000,1.0,0.0,0.0,0.5,[0.5],0.5,1.0,-1.0,0.0,0.8,-0.8,0.0,0.5,score
easy_new,ours_refined,0.901953556948028,1.0611868779948397,2713,2025-08-08T11:58:05,sweep_sizenew,16,0.1,10000,8000,1.0,0.0,0.0,0.5,[0.5],0.5,1.0,-1.0,0.0,0.8,-0.8,0.0,0.5,score
hard_new,ours_refined,0.8974358974358975,1.0815850815850816,1287,2025-08-08T11:58:05,sweep_sizenew,16,0.1,10000,8000,1.0,0.0,0.0,0.5,[0.5],0.5,1.0,-1.0,0.0,0.8,-0.8,0.0,0.5,score
overall,ours_refined,0.8905,1.09925,4000,2025-08-08T11:58:05,sweep_sizenew,9,0.1,10000,8000,1.0,0.0,0.0,0.5,[0.5],0.5,1.0,-1.0,0.0,0.8,-0.8,0.0,0.5,score
easy_new,ours_refined,0.8925968546221711,1.0859225163022632,2607,2025-08-08T11:58:05,sweep_sizenew,9,0.1,10000,8000,1.0,0.0,0.0,0.5,[0.5],0.5,1.0,-1.0,0.0,0.8,-0.8,0.0,0.5,score
hard_new,ours_refined,0.886575735821967,1.1241923905240487,1393,2025-08-08T11:58:05,sweep_sizenew,9,0.1,10000,8000,1.0,0.0,0.0,0.5,[0.5],0.5,1.0,-1.0,0.0,0.8,-0.8,0.0,0.5,score
overall,ours_refined,0.8928888888888888,1.0775555555555556,4500,2025-08-08T11:58:05,sweep_sizenew,3,0.1,10000,9000,1.0,0.0,0.0,0.5,[0.5],0.5,1.0,-1.0,0.0,0.8,-0.8,0.0,0.5,score
easy_new,ours_refined,0.8952509262377905,1.0707308858201414,2969,2025-08-08T11:58:05,sweep_sizenew,3,0.1,10000,9000,1.0,0.0,0.0,0.5,[0.5],0.5,1.0,-1.0,0.0,0.8,-0.8,0.0,0.5,score
hard_new,ours_refined,0.8883082952318746,1.0907903331156108,1531,2025-08-08T11:58:05,sweep_sizenew,3,0.1,10000,9000,1.0,0.0,0.0,0.5,[0.5],0.5,1.0,-1.0,0.0,0.8,-0.8,0.0,0.5,score
overall,ours_refined,0.9145,1.09,4000,2025-08-08T11:58:06,sweep_sizenew,15,0.1,10000,8000,1.0,0.0,0.0,0.5,[0.5],0.5,1.0,-1.0,0.0,0.8,-0.8,0.0,0.5,score
easy_new,ours_refined,0.9230177059276367,1.0800615858352578,2598,2025-08-08T11:58:06,sweep_sizenew,15,0.1,10000,8000,1.0,0.0,0.0,0.5,[0.5],0.5,1.0,-1.0,0.0,0.8,-0.8,0.0,0.5,score
hard_new,ours_refined,0.8987161198288159,1.108416547788873,1402,2025-08-08T11:58:06,sweep_sizenew,15,0.1,10000,8000,1.0,0.0,0.0,0.5,[0.5],0.5,1.0,-1.0,0.0,0.8,-0.8,0.0,0.5,score
overall,ours_refined,0.90075,1.084,4000,2025-08-08T11:58:06,sweep_sizenew,6,0.1,10000,8000,1.0,0.0,0.0,0.5,[0.5],0.5,1.0,-1.0,0.0,0.8,-0.8,0.0,0.5,score
easy_new,ours_refined,0.9090909090909091,1.0804339693228582,2673,2025-08-08T11:58:06,sweep_sizenew,6,0.1,10000,8000,1.0,0.0,0.0,0.5,[0.5],0.5,1.0,-1.0,0.0,0.8,-0.8,0.0,0.5,score
hard_new,ours_refined,0.8839487565938207,1.0911831198191408,1327,2025-08-08T11:58:06,sweep_sizenew,6,0.1,10000,8000,1.0,0.0,0.0,0.5,[0.5],0.5,1.0,-1.0,0.0,0.8,-0.8,0.0,0.5,score
overall,ours_refined,0.8975,1.08075,4000,2025-08-08T11:58:06,sweep_sizenew,14,0.1,10000,8000,1.0,0.0,0.0,0.5,[0.5],0.5,1.0,-1.0,0.0,0.8,-0.8,0.0,0.5,score
easy_new,ours_refined,0.8973484848484848,1.0799242424242423,2640,2025-08-08T11:58:06,sweep_sizenew,14,0.1,10000,8000,1.0,0.0,0.0,0.5,[0.5],0.5,1.0,-1.0,0.0,0.8,-0.8,0.0,0.5,score
hard_new,ours_refined,0.8977941176470589,1.0823529411764705,1360,2025-08-08T11:58:06,sweep_sizenew,14,0.1,10000,8000,1.0,0.0,0.0,0.5,[0.5],0.5,1.0,-1.0,0.0,0.8,-0.8,0.0,0.5,score
overall,ours_refined,0.89625,1.096,4000,2025-08-08T11:58:06,sweep_sizenew,7,0.1,10000,8000,1.0,0.0,0.0,0.5,[0.5],0.5,1.0,-1.0,0.0,0.8,-0.8,0.0,0.5,score
easy_new,ours_refined,0.8906897851488881,1.0885789672069355,2653,2025-08-08T11:58:06,sweep_sizenew,7,0.1,10000,8000,1.0,0.0,0.0,0.5,[0.5],0.5,1.0,-1.0,0.0,0.8,-0.8,0.0,0.5,score
hard_new,ours_refined,0.9072011878247959,1.1106161841128435,1347,2025-08-08T11:58:06,sweep_sizenew,7,0.1,10000,8000,1.0,0.0,0.0,0.5,[0.5],0.5,1.0,-1.0,0.0,0.8,-0.8,0.0,0.5,score
overall,ours_refined,0.8525,1.0,400,2025-08-08T11:58:07,sweep_sizenew,21,0.1,10000,800,1.0,0.0,0.0,0.5,[0.5],0.5,1.0,-1.0,0.0,0.8,-0.8,0.0,0.5,score
easy_new,ours_refined,0.8505747126436781,1.0,261,2025-08-08T11:58:07,sweep_sizenew,21,0.1,10000,800,1.0,0.0,0.0,0.5,[0.5],0.5,1.0,-1.0,0.0,0.8,-0.8,0.0,0.5,score
hard_new,ours_refined,0.8561151079136691,1.0,139,2025-08-08T11:58:07,sweep_sizenew,21,0.1,10000,800,1.0,0.0,0.0,0.5,[0.5],0.5,1.0,-1.0,0.0,0.8,-0.8,0.0,0.5,score
overall,ours_refined,0.9065714285714286,1.0997142857142856,3500,2025-08-08T11:58:08,sweep_sizenew,11,0.1,10000,7000,1.0,0.0,0.0,0.5,[0.5],0.5,1.0,-1.0,0.0,0.8,-0.8,0.0,0.5,score
easy_new,ours_refined,0.9095177123346138,1.0909090909090908,2343,2025-08-08T11:58:08,sweep_sizenew,11,0.1,10000,7000,1.0,0.0,0.0,0.5,[0.5],0.5,1.0,-1.0,0.0,0.8,-0.8,0.0,0.5,score
hard_new,ours_refined,0.9006050129645635,1.1175453759723422,1157,2025-08-08T11:58:08,sweep_sizenew,11,0.1,10000,7000,1.0,0.0,0.0,0.5,[0.5],0.5,1.0,-1.0,0.0,0.8,-0.8,0.0,0.5,score
overall,ours_refined,0.9002857142857142,1.0817142857142856,3500,2025-08-08T11:58:09,sweep_sizenew,18,0.1,10000,7000,1.0,0.0,0.0,0.5,[0.5],0.5,1.0,-1.0,0.0,0.8,-0.8,0.0,0.5,score
easy_new,ours_refined,0.9034334763948498,1.0742489270386266,2330,2025-08-08T11:58:09,sweep_sizenew,18,0.1,10000,7000,1.0,0.0,0.0,0.5,[0.5],0.5,1.0,-1.0,0.0,0.8,-0.8,0.0,0.5,score
hard_new,ours_refined,0.8940170940170941,1.0965811965811967,1170,2025-08-08T11:58:09,sweep_sizenew,18,0.1,10000,7000,1.0,0.0,0.0,0.5,[0.5],0.5,1.0,-1.0,0.0,0.8,-0.8,0.0,0.5,score
overall,ours_refined,0.883,1.062,3000,2025-08-08T11:58:09,sweep_sizenew,19,0.1,10000,6000,1.0,0.0,0.0,0.5,[0.5],0.5,1.0,-1.0,0.0,0.8,-0.8,0.0,0.5,score
easy_new,ours_refined,0.8882235528942116,1.0543912175648702,2004,2025-08-08T11:58:09,sweep_sizenew,19,0.1,10000,6000,1.0,0.0,0.0,0.5,[0.5],0.5,1.0,-1.0,0.0,0.8,-0.8,0.0,0.5,score
hard_new,ours_refined,0.8724899598393574,1.0773092369477912,996,2025-08-08T11:58:09,sweep_sizenew,19,0.1,10000,6000,1.0,0.0,0.0,0.5,[0.5],0.5,1.0,-1.0,0.0,0.8,-0.8,0.0,0.5,score
overall,ours_refined,0.9123333333333333,1.1143333333333334,3000,2025-08-08T11:58:09,sweep_sizenew,20,0.1,10000,6000,1.0,0.0,0.0,0.5,[0.5],0.5,1.0,-1.0,0.0,0.8,-0.8,0.0,0.5,score
easy_new,ours_refined,0.9168753129694541,1.0956434651977967,1997,2025-08-08T11:58:09,sweep_sizenew,20,0.1,10000,6000,1.0,0.0,0.0,0.5,[0.5],0.5,1.0,-1.0,0.0,0.8,-0.8,0.0,0.5,score
hard_new,ours_refined,0.9032901296111665,1.151545363908275,1003,2025-08-08T11:58:09,sweep_sizenew,20,0.1,10000,6000,1.0,0.0,0.0,0.5,[0.5],0.5,1.0,-1.0,0.0,0.8,-0.8,0.0,0.5,score
overall,ours_refined,0.9057142857142857,1.078857142857143,3500,2025-08-08T11:58:12,sweep_sizenew,2,0.1,10000,7000,1.0,0.0,0.0,0.5,[0.5],0.5,1.0,-1.0,0.0,0.8,-0.8,0.0,0.5,score
easy_new,ours_refined,0.9096385542168675,1.0718588640275388,2324,2025-08-08T11:58:12,sweep_sizenew,2,0.1,10000,7000,1.0,0.0,0.0,0.5,[0.5],0.5,1.0,-1.0,0.0,0.8,-0.8,0.0,0.5,score
hard_new,ours_refined,0.8979591836734694,1.092687074829932,1176,2025-08-08T11:58:12,sweep_sizenew,2,0.1,10000,7000,1.0,0.0,0.0,0.5,[0.5],0.5,1.0,-1.0,0.0,0.8,-0.8,0.0,0.5,score
overall,ours_refined,0.916,1.074,500,2025-08-08T11:58:12,sweep_sizenew,21,0.1,10000,1000,1.0,0.0,0.0,0.5,[0.5],0.5,1.0,-1.0,0.0,0.8,-0.8,0.0,0.5,score
easy_new,ours_refined,0.9305993690851735,1.0662460567823344,317,2025-08-08T11:58:12,sweep_sizenew,21,0.1,10000,1000,1.0,0.0,0.0,0.5,[0.5],0.5,1.0,-1.0,0.0,0.8,-0.8,0.0,0.5,score
hard_new,ours_refined,0.8907103825136612,1.0874316939890711,183,2025-08-08T11:58:12,sweep_sizenew,21,0.1,10000,1000,1.0,0.0,0.0,0.5,[0.5],0.5,1.0,-1.0,0.0,0.8,-0.8,0.0,0.5,score
overall,ours_refined,0.8986666666666666,1.0895555555555556,4500,2025-08-08T11:58:12,sweep_sizenew,13,0.1,10000,9000,1.0,0.0,0.0,0.5,[0.5],0.5,1.0,-1.0,0.0,0.8,-0.8,0.0,0.5,score
easy_new,ours_refined,0.9015561569688768,1.08085250338295,2956,2025-08-08T11:58:12,sweep_sizenew,13,0.1,10000,9000,1.0,0.0,0.0,0.5,[0.5],0.5,1.0,-1.0,0.0,0.8,-0.8,0.0,0.5,score
hard_new,ours_refined,0.8931347150259067,1.1062176165803108,1544,2025-08-08T11:58:12,sweep_sizenew,13,0.1,10000,9000,1.0,0.0,0.0,0.5,[0.5],0.5,1.0,-1.0,0.0,0.8,-0.8,0.0,0.5,score
overall,ours_refined,0.898,1.0848888888888888,4500,2025-08-08T11:58:12,sweep_sizenew,8,0.1,10000,9000,1.0,0.0,0.0,0.5,[0.5],0.5,1.0,-1.0,0.0,0.8,-0.8,0.0,0.5,score
easy_new,ours_refined,0.9005376344086021,1.072244623655914,2976,2025-08-08T11:58:12,sweep_sizenew,8,0.1,10000,9000,1.0,0.0,0.0,0.5,[0.5],0.5,1.0,-1.0,0.0,0.8,-0.8,0.0,0.5,score
hard_new,ours_refined,0.8930446194225722,1.1095800524934383,1524,2025-08-08T11:58:12,sweep_sizenew,8,0.1,10000,9000,1.0,0.0,0.0,0.5,[0.5],0.5,1.0,-1.0,0.0,0.8,-0.8,0.0,0.5,score
overall,ours_refined,0.8966666666666666,1.0731111111111111,4500,2025-08-08T11:58:12,sweep_sizenew,12,0.1,10000,9000,1.0,0.0,0.0,0.5,[0.5],0.5,1.0,-1.0,0.0,0.8,-0.8,0.0,0.5,score
easy_new,ours_refined,0.8978837756130332,1.0658380920389654,2977,2025-08-08T11:58:12,sweep_sizenew,12,0.1,10000,9000,1.0,0.0,0.0,0.5,[0.5],0.5,1.0,-1.0,0.0,0.8,-0.8,0.0,0.5,score
hard_new,ours_refined,0.8942875902823375,1.087327642810243,1523,2025-08-08T11:58:12,sweep_sizenew,12,0.1,10000,9000,1.0,0.0,0.0,0.5,[0.5],0.5,1.0,-1.0,0.0,0.8,-0.8,0.0,0.5,score
overall,ours_refined,0.90625,1.0995,4000,2025-08-08T11:58:13,sweep_sizenew,10,0.1,10000,8000,1.0,0.0,0.0,0.5,[0.5],0.5,1.0,-1.0,0.0,0.8,-0.8,0.0,0.5,score
easy_new,ours_refined,0.906390977443609,1.0849624060150376,2660,2025-08-08T11:58:13,sweep_sizenew,10,0.1,10000,8000,1.0,0.0,0.0,0.5,[0.5],0.5,1.0,-1.0,0.0,0.8,-0.8,0.0,0.5,score
hard_new,ours_refined,0.9059701492537313,1.128358208955224,1340,2025-08-08T11:58:13,sweep_sizenew,10,0.1,10000,8000,1.0,0.0,0.0,0.5,[0.5],0.5,1.0,-1.0,0.0,0.8,-0.8,0.0,0.5,score
overall,ours_refined,0.8995555555555556,1.078,4500,2025-08-08T11:58:14,sweep_sizenew,17,0.1,10000,9000,1.0,0.0,0.0,0.5,[0.5],0.5,1.0,-1.0,0.0,0.8,-0.8,0.0,0.5,score
easy_new,ours_refined,0.9063342318059299,1.0768194070080863,2968,2025-08-08T11:58:14,sweep_sizenew,17,0.1,10000,9000,1.0,0.0,0.0,0.5,[0.5],0.5,1.0,-1.0,0.0,0.8,-0.8,0.0,0.5,score
hard_new,ours_refined,0.8864229765013055,1.0802872062663185,1532,2025-08-08T11:58:14,sweep_sizenew,17,0.1,10000,9000,1.0,0.0,0.0,0.5,[0.5],0.5,1.0,-1.0,0.0,0.8,-0.8,0.0,0.5,score
overall,ours_refined,0.898,1.0642222222222222,4500,2025-08-08T11:58:15,sweep_sizenew,16,0.1,10000,9000,1.0,0.0,0.0,0.5,[0.5],0.5,1.0,-1.0,0.0,0.8,-0.8,0.0,0.5,score
easy_new,ours_refined,0.900198281559815,1.0634500991407798,3026,2025-08-08T11:58:15,sweep_sizenew,16,0.1,10000,9000,1.0,0.0,0.0,0.5,[0.5],0.5,1.0,-1.0,0.0,0.8,-0.8,0.0,0.5,score
hard_new,ours_refined,0.8934871099050203,1.0658073270013568,1474,2025-08-08T11:58:15,sweep_sizenew,16,0.1,10000,9000,1.0,0.0,0.0,0.5,[0.5],0.5,1.0,-1.0,0.0,0.8,-0.8,0.0,0.5,score
overall,ours_refined,0.894,1.0784444444444445,4500,2025-08-08T11:58:15,sweep_sizenew,9,0.1,10000,9000,1.0,0.0,0.0,0.5,[0.5],0.5,1.0,-1.0,0.0,0.8,-0.8,0.0,0.5,score
easy_new,ours_refined,0.8942731277533039,1.0657404269739073,2951,2025-08-08T11:58:15,sweep_sizenew,9,0.1,10000,9000,1.0,0.0,0.0,0.5,[0.5],0.5,1.0,-1.0,0.0,0.8,-0.8,0.0,0.5,score
hard_new,ours_refined,0.8934796642995481,1.1026468689477082,1549,2025-08-08T11:58:15,sweep_sizenew,9,0.1,10000,9000,1.0,0.0,0.0,0.5,[0.5],0.5,1.0,-1.0,0.0,0.8,-0.8,0.0,0.5,score
overall,ours_refined,0.9062222222222223,1.0986666666666667,4500,2025-08-08T11:58:16,sweep_sizenew,6,0.1,10000,9000,1.0,0.0,0.0,0.5,[0.5],0.5,1.0,-1.0,0.0,0.8,-0.8,0.0,0.5,score
easy_new,ours_refined,0.9105084745762712,1.0888135593220338,2950,2025-08-08T11:58:16,sweep_sizenew,6,0.1,10000,9000,1.0,0.0,0.0,0.5,[0.5],0.5,1.0,-1.0,0.0,0.8,-0.8,0.0,0.5,score
hard_new,ours_refined,0.8980645161290323,1.1174193548387097,1550,2025-08-08T11:58:16,sweep_sizenew,6,0.1,10000,9000,1.0,0.0,0.0,0.5,[0.5],0.5,1.0,-1.0,0.0,0.8,-0.8,0.0,0.5,score
overall,ours_refined,0.8933333333333333,1.0797777777777777,4500,2025-08-08T11:58:16,sweep_sizenew,15,0.1,10000,9000,1.0,0.0,0.0,0.5,[0.5],0.5,1.0,-1.0,0.0,0.8,-0.8,0.0,0.5,score
easy_new,ours_refined,0.8963268108479231,1.071060762100927,2913,2025-08-08T11:58:16,sweep_sizenew,15,0.1,10000,9000,1.0,0.0,0.0,0.5,[0.5],0.5,1.0,-1.0,0.0,0.8,-0.8,0.0,0.5,score
hard_new,ours_refined,0.8878386893509767,1.095778197857593,1587,2025-08-08T11:58:16,sweep_sizenew,15,0.1,10000,9000,1.0,0.0,0.0,0.5,[0.5],0.5,1.0,-1.0,0.0,0.8,-0.8,0.0,0.5,score
overall,ours_refined,0.902,1.0808888888888888,4500,2025-08-08T11:58:16,sweep_sizenew,14,0.1,10000,9000,1.0,0.0,0.0,0.5,[0.5],0.5,1.0,-1.0,0.0,0.8,-0.8,0.0,0.5,score
easy_new,ours_refined,0.9007352941176471,1.0711898395721926,2992,2025-08-08T11:58:16,sweep_sizenew,14,0.1,10000,9000,1.0,0.0,0.0,0.5,[0.5],0.5,1.0,-1.0,0.0,0.8,-0.8,0.0,0.5,score
hard_new,ours_refined,0.9045092838196287,1.1001326259946949,1508,2025-08-08T11:58:16,sweep_sizenew,14,0.1,10000,9000,1.0,0.0,0.0,0.5,[0.5],0.5,1.0,-1.0,0.0,0.8,-0.8,0.0,0.5,score
overall,ours_refined,0.8977777777777778,1.0931111111111111,4500,2025-08-08T11:58:16,sweep_sizenew,7,0.1,10000,9000,1.0,0.0,0.0,0.5,[0.5],0.5,1.0,-1.0,0.0,0.8,-0.8,0.0,0.5,score
easy_new,ours_refined,0.9035821894877804,1.088048208905256,2987,2025-08-08T11:58:16,sweep_sizenew,7,0.1,10000,9000,1.0,0.0,0.0,0.5,[0.5],0.5,1.0,-1.0,0.0,0.8,-0.8,0.0,0.5,score
hard_new,ours_refined,0.8863185723727693,1.1031064111037674,1513,2025-08-08T11:58:16,sweep_sizenew,7,0.1,10000,9000,1.0,0.0,0.0,0.5,[0.5],0.5,1.0,-1.0,0.0,0.8,-0.8,0.0,0.5,score
overall,ours_refined,0.919,1.097,1000,2025-08-08T11:58:17,sweep_sizenew,21,0.1,10000,2000,1.0,0.0,0.0,0.5,[0.5],0.5,1.0,-1.0,0.0,0.8,-0.8,0.0,0.5,score
easy_new,ours_refined,0.9207317073170732,1.079268292682927,656,2025-08-08T11:58:17,sweep_sizenew,21,0.1,10000,2000,1.0,0.0,0.0,0.5,[0.5],0.5,1.0,-1.0,0.0,0.8,-0.8,0.0,0.5,score
hard_new,ours_refined,0.9156976744186046,1.130813953488372,344,2025-08-08T11:58:17,sweep_sizenew,21,0.1,10000,2000,1.0,0.0,0.0,0.5,[0.5],0.5,1.0,-1.0,0.0,0.8,-0.8,0.0,0.5,score
overall,ours_refined,0.8955,1.0745,4000,2025-08-08T11:58:18,sweep_sizenew,11,0.1,10000,8000,1.0,0.0,0.0,0.5,[0.5],0.5,1.0,-1.0,0.0,0.8,-0.8,0.0,0.5,score
easy_new,ours_refined,0.9029235382308846,1.0715892053973013,2668,2025-08-08T11:58:18,sweep_sizenew,11,0.1,10000,8000,1.0,0.0,0.0,0.5,[0.5],0.5,1.0,-1.0,0.0,0.8,-0.8,0.0,0.5,score
hard_new,ours_refined,0.8806306306306306,1.0803303303303304,1332,2025-08-08T11:58:18,sweep_sizenew,11,0.1,10000,8000,1.0,0.0,0.0,0.5,[0.5],0.5,1.0,-1.0,0.0,0.8,-0.8,0.0,0.5,score
overall,ours_refined,0.9128571428571428,1.1,3500,2025-08-08T11:58:20,sweep_sizenew,20,0.1,10000,7000,1.0,0.0,0.0,0.5,[0.5],0.5,1.0,-1.0,0.0,0.8,-0.8,0.0,0.5,score
easy_new,ours_refined,0.9196857267568748,1.0859886512439982,2291,2025-08-08T11:58:20,sweep_sizenew,20,0.1,10000,7000,1.0,0.0,0.0,0.5,[0.5],0.5,1.0,-1.0,0.0,0.8,-0.8,0.0,0.5,score
hard_new,ours_refined,0.8999172870140613,1.1265508684863523,1209,2025-08-08T11:58:20,sweep_sizenew,20,0.1,10000,7000,1.0,0.0,0.0,0.5,[0.5],0.5,1.0,-1.0,0.0,0.8,-0.8,0.0,0.5,score
overall,ours_refined,0.9035,1.0915,4000,2025-08-08T11:58:20,sweep_sizenew,18,0.1,10000,8000,1.0,0.0,0.0,0.5,[0.5],0.5,1.0,-1.0,0.0,0.8,-0.8,0.0,0.5,score
easy_new,ours_refined,0.9071588366890381,1.0794183445190157,2682,2025-08-08T11:58:20,sweep_sizenew,18,0.1,10000,8000,1.0,0.0,0.0,0.5,[0.5],0.5,1.0,-1.0,0.0,0.8,-0.8,0.0,0.5,score
hard_new,ours_refined,0.8960546282245827,1.1160849772382397,1318,2025-08-08T11:58:20,sweep_sizenew,18,0.1,10000,8000,1.0,0.0,0.0,0.5,[0.5],0.5,1.0,-1.0,0.0,0.8,-0.8,0.0,0.5,score
overall,ours_refined,0.9022857142857142,1.0811428571428572,3500,2025-08-08T11:58:20,sweep_sizenew,19,0.1,10000,7000,1.0,0.0,0.0,0.5,[0.5],0.5,1.0,-1.0,0.0,0.8,-0.8,0.0,0.5,score
easy_new,ours_refined,0.9043704024231934,1.0670705322371268,2311,2025-08-08T11:58:20,sweep_sizenew,19,0.1,10000,7000,1.0,0.0,0.0,0.5,[0.5],0.5,1.0,-1.0,0.0,0.8,-0.8,0.0,0.5,score
hard_new,ours_refined,0.8982338099243061,1.1084945332211942,1189,2025-08-08T11:58:20,sweep_sizenew,19,0.1,10000,7000,1.0,0.0,0.0,0.5,[0.5],0.5,1.0,-1.0,0.0,0.8,-0.8,0.0,0.5,score
overall,ours_refined,0.904,1.1098,5000,2025-08-08T11:58:22,sweep_sizenew,8,0.1,10000,10000,1.0,0.0,0.0,0.5,[0.5],0.5,1.0,-1.0,0.0,0.8,-0.8,0.0,0.5,score
easy_new,ours_refined,0.9057861254165405,1.099363829142684,3301,2025-08-08T11:58:22,sweep_sizenew,8,0.1,10000,10000,1.0,0.0,0.0,0.5,[0.5],0.5,1.0,-1.0,0.0,0.8,-0.8,0.0,0.5,score
hard_new,ours_refined,0.9005297233666862,1.1300765155974102,1699,2025-08-08T11:58:22,sweep_sizenew,8,0.1,10000,10000,1.0,0.0,0.0,0.5,[0.5],0.5,1.0,-1.0,0.0,0.8,-0.8,0.0,0.5,score
overall,ours_refined,0.9084444444444445,1.1011111111111112,4500,2025-08-08T11:58:22,sweep_sizenew,10,0.1,10000,9000,1.0,0.0,0.0,0.5,[0.5],0.5,1.0,-1.0,0.0,0.8,-0.8,0.0,0.5,score
easy_new,ours_refined,0.9027498323272971,1.0938967136150235,2982,2025-08-08T11:58:22,sweep_sizenew,10,0.1,10000,9000,1.0,0.0,0.0,0.5,[0.5],0.5,1.0,-1.0,0.0,0.8,-0.8,0.0,0.5,score
hard_new,ours_refined,0.919631093544137,1.1152832674571804,1518,2025-08-08T11:58:22,sweep_sizenew,10,0.1,10000,9000,1.0,0.0,0.0,0.5,[0.5],0.5,1.0,-1.0,0.0,0.8,-0.8,0.0,0.5,score
overall,ours_refined,0.9026,1.097,5000,2025-08-08T11:58:23,sweep_sizenew,13,0.1,10000,10000,1.0,0.0,0.0,0.5,[0.5],0.5,1.0,-1.0,0.0,0.8,-0.8,0.0,0.5,score
easy_new,ours_refined,0.907175572519084,1.0806106870229009,3275,2025-08-08T11:58:23,sweep_sizenew,13,0.1,10000,10000,1.0,0.0,0.0,0.5,[0.5],0.5,1.0,-1.0,0.0,0.8,-0.8,0.0,0.5,score
hard_new,ours_refined,0.8939130434782608,1.1281159420289855,1725,2025-08-08T11:58:23,sweep_sizenew,13,0.1,10000,10000,1.0,0.0,0.0,0.5,[0.5],0.5,1.0,-1.0,0.0,0.8,-0.8,0.0,0.5,score
overall,ours_refined,0.9016,1.0862,5000,2025-08-08T11:58:23,sweep_sizenew,3,0.1,10000,10000,1.0,0.0,0.0,0.5,[0.5],0.5,1.0,-1.0,0.0,0.8,-0.8,0.0,0.5,score
easy_new,ours_refined,0.909808685089584,1.077436987549347,3293,2025-08-08T11:58:23,sweep_sizenew,3,0.1,10000,10000,1.0,0.0,0.0,0.5,[0.5],0.5,1.0,-1.0,0.0,0.8,-0.8,0.0,0.5,score
hard_new,ours_refined,0.8857644991212654,1.1031048623315758,1707,2025-08-08T11:58:23,sweep_sizenew,3,0.1,10000,10000,1.0,0.0,0.0,0.5,[0.5],0.5,1.0,-1.0,0.0,0.8,-0.8,0.0,0.5,score
overall,ours_refined,0.9022,1.103,5000,2025-08-08T11:58:23,sweep_sizenew,12,0.1,10000,10000,1.0,0.0,0.0,0.5,[0.5],0.5,1.0,-1.0,0.0,0.8,-0.8,0.0,0.5,score
easy_new,ours_refined,0.9115419569827325,1.0945168130869434,3301,2025-08-08T11:58:23,sweep_sizenew,12,0.1,10000,10000,1.0,0.0,0.0,0.5,[0.5],0.5,1.0,-1.0,0.0,0.8,-0.8,0.0,0.5,score
hard_new,ours_refined,0.8840494408475574,1.1194820482636845,1699,2025-08-08T11:58:23,sweep_sizenew,12,0.1,10000,10000,1.0,0.0,0.0,0.5,[0.5],0.5,1.0,-1.0,0.0,0.8,-0.8,0.0,0.5,score
overall,ours_refined,0.8853333333333333,1.0446666666666666,1500,2025-08-08T11:58:24,sweep_sizenew,21,0.1,10000,3000,1.0,0.0,0.0,0.5,[0.5],0.5,1.0,-1.0,0.0,0.8,-0.8,0.0,0.5,score
easy_new,ours_refined,0.8862461220268872,1.046535677352637,967,2025-08-08T11:58:24,sweep_sizenew,21,0.1,10000,3000,1.0,0.0,0.0,0.5,[0.5],0.5,1.0,-1.0,0.0,0.8,-0.8,0.0,0.5,score
hard_new,ours_refined,0.8836772983114447,1.0412757973733584,533,2025-08-08T11:58:24,sweep_sizenew,21,0.1,10000,3000,1.0,0.0,0.0,0.5,[0.5],0.5,1.0,-1.0,0.0,0.8,-0.8,0.0,0.5,score
overall,ours_refined,0.8,1.12,50,2025-08-08T11:58:25,sweep_sizenew,22,0.1,10000,100,1.0,0.0,0.0,0.5,[0.5],0.5,1.0,-1.0,0.0,0.8,-0.8,0.0,0.5,score
easy_new,ours_refined,0.8333333333333334,1.1111111111111112,36,2025-08-08T11:58:25,sweep_sizenew,22,0.1,10000,100,1.0,0.0,0.0,0.5,[0.5],0.5,1.0,-1.0,0.0,0.8,-0.8,0.0,0.5,score
hard_new,ours_refined,0.7142857142857143,1.1428571428571428,14,2025-08-08T11:58:25,sweep_sizenew,22,0.1,10000,100,1.0,0.0,0.0,0.5,[0.5],0.5,1.0,-1.0,0.0,0.8,-0.8,0.0,0.5,score
overall,ours_refined,0.88,0.9,50,2025-08-08T11:58:25,sweep_sizenew,23,0.1,10000,100,1.0,0.0,0.0,0.5,[0.5],0.5,1.0,-1.0,0.0,0.8,-0.8,0.0,0.5,score
easy_new,ours_refined,0.8536585365853658,0.8780487804878049,41,2025-08-08T11:58:25,sweep_sizenew,23,0.1,10000,100,1.0,0.0,0.0,0.5,[0.5],0.5,1.0,-1.0,0.0,0.8,-0.8,0.0,0.5,score
hard_new,ours_refined,1.0,1.0,9,2025-08-08T11:58:25,sweep_sizenew,23,0.1,10000,100,1.0,0.0,0.0,0.5,[0.5],0.5,1.0,-1.0,0.0,0.8,-0.8,0.0,0.5,score
overall,ours_refined,0.904,1.113,5000,2025-08-08T11:58:25,sweep_sizenew,17,0.1,10000,10000,1.0,0.0,0.0,0.5,[0.5],0.5,1.0,-1.0,0.0,0.8,-0.8,0.0,0.5,score
easy_new,ours_refined,0.9056376243593609,1.0964727163099186,3317,2025-08-08T11:58:25,sweep_sizenew,17,0.1,10000,10000,1.0,0.0,0.0,0.5,[0.5],0.5,1.0,-1.0,0.0,0.8,-0.8,0.0,0.5,score
hard_new,ours_refined,0.9007724301841948,1.1455733808674986,1683,2025-08-08T11:58:25,sweep_sizenew,17,0.1,10000,10000,1.0,0.0,0.0,0.5,[0.5],0.5,1.0,-1.0,0.0,0.8,-0.8,0.0,0.5,score
overall,ours_refined,0.8944,1.0732,5000,2025-08-08T11:58:25,sweep_sizenew,16,0.1,10000,10000,1.0,0.0,0.0,0.5,[0.5],0.5,1.0,-1.0,0.0,0.8,-0.8,0.0,0.5,score
easy_new,ours_refined,0.8973897389738974,1.0657065706570656,3333,2025-08-08T11:58:25,sweep_sizenew,16,0.1,10000,10000,1.0,0.0,0.0,0.5,[0.5],0.5,1.0,-1.0,0.0,0.8,-0.8,0.0,0.5,score
hard_new,ours_refined,0.8884223155368927,1.0881823635272945,1667,2025-08-08T11:58:25,sweep_sizenew,16,0.1,10000,10000,1.0,0.0,0.0,0.5,[0.5],0.5,1.0,-1.0,0.0,0.8,-0.8,0.0,0.5,score
overall,ours_refined,0.9002,1.0962,5000,2025-08-08T11:58:26,sweep_sizenew,9,0.1,10000,10000,1.0,0.0,0.0,0.5,[0.5],0.5,1.0,-1.0,0.0,0.8,-0.8,0.0,0.5,score
easy_new,ours_refined,0.9085889570552147,1.0812883435582823,3260,2025-08-08T11:58:26,sweep_sizenew,9,0.1,10000,10000,1.0,0.0,0.0,0.5,[0.5],0.5,1.0,-1.0,0.0,0.8,-0.8,0.0,0.5,score
hard_new,ours_refined,0.8844827586206897,1.1241379310344828,1740,2025-08-08T11:58:26,sweep_sizenew,9,0.1,10000,10000,1.0,0.0,0.0,0.5,[0.5],0.5,1.0,-1.0,0.0,0.8,-0.8,0.0,0.5,score
overall,ours_refined,0.9066,1.0892,5000,2025-08-08T11:58:27,sweep_sizenew,15,0.1,10000,10000,1.0,0.0,0.0,0.5,[0.5],0.5,1.0,-1.0,0.0,0.8,-0.8,0.0,0.5,score
easy_new,ours_refined,0.907305095150399,1.0758133824432168,3258,2025-08-08T11:58:27,sweep_sizenew,15,0.1,10000,10000,1.0,0.0,0.0,0.5,[0.5],0.5,1.0,-1.0,0.0,0.8,-0.8,0.0,0.5,score
hard_new,ours_refined,0.9052812858783008,1.1142365097588978,1742,2025-08-08T11:58:27,sweep_sizenew,15,0.1,10000,10000,1.0,0.0,0.0,0.5,[0.5],0.5,1.0,-1.0,0.0,0.8,-0.8,0.0,0.5,score
overall,ours_refined,0.9024,1.0978,5000,2025-08-08T11:58:27,sweep_sizenew,6,0.1,10000,10000,1.0,0.0,0.0,0.5,[0.5],0.5,1.0,-1.0,0.0,0.8,-0.8,0.0,0.5,score
easy_new,ours_refined,0.907250755287009,1.0854984894259818,3310,2025-08-08T11:58:27,sweep_sizenew,6,0.1,10000,10000,1.0,0.0,0.0,0.5,[0.5],0.5,1.0,-1.0,0.0,0.8,-0.8,0.0,0.5,score
hard_new,ours_refined,0.8928994082840237,1.1218934911242604,1690,2025-08-08T11:58:27,sweep_sizenew,6,0.1,10000,10000,1.0,0.0,0.0,0.5,[0.5],0.5,1.0,-1.0,0.0,0.8,-0.8,0.0,0.5,score
overall,ours_refined,0.8876,1.0666,5000,2025-08-08T11:58:27,sweep_sizenew,7,0.1,10000,10000,1.0,0.0,0.0,0.5,[0.5],0.5,1.0,-1.0,0.0,0.8,-0.8,0.0,0.5,score
easy_new,ours_refined,0.8957831325301204,1.0599397590361446,3320,2025-08-08T11:58:27,sweep_sizenew,7,0.1,10000,10000,1.0,0.0,0.0,0.5,[0.5],0.5,1.0,-1.0,0.0,0.8,-0.8,0.0,0.5,score
hard_new,ours_refined,0.8714285714285714,1.0797619047619047,1680,2025-08-08T11:58:27,sweep_sizenew,7,0.1,10000,10000,1.0,0.0,0.0,0.5,[0.5],0.5,1.0,-1.0,0.0,0.8,-0.8,0.0,0.5,score
overall,ours_refined,0.8998,1.09,5000,2025-08-08T11:58:27,sweep_sizenew,14,0.1,10000,10000,1.0,0.0,0.0,0.5,[0.5],0.5,1.0,-1.0,0.0,0.8,-0.8,0.0,0.5,score
easy_new,ours_refined,0.9067592033796017,1.079963789981895,3314,2025-08-08T11:58:27,sweep_sizenew,14,0.1,10000,10000,1.0,0.0,0.0,0.5,[0.5],0.5,1.0,-1.0,0.0,0.8,-0.8,0.0,0.5,score
hard_new,ours_refined,0.8861209964412812,1.1097271648873073,1686,2025-08-08T11:58:27,sweep_sizenew,14,0.1,10000,10000,1.0,0.0,0.0,0.5,[0.5],0.5,1.0,-1.0,0.0,0.8,-0.8,0.0,0.5,score
overall,ours_refined,0.899,1.09375,4000,2025-08-08T11:58:27,sweep_sizenew,2,0.1,10000,8000,1.0,0.0,0.0,0.5,[0.5],0.5,1.0,-1.0,0.0,0.8,-0.8,0.0,0.5,score
easy_new,ours_refined,0.8936574249905052,1.0862134447398404,2633,2025-08-08T11:58:27,sweep_sizenew,2,0.1,10000,8000,1.0,0.0,0.0,0.5,[0.5],0.5,1.0,-1.0,0.0,0.8,-0.8,0.0,0.5,score
hard_new,ours_refined,0.9092904169714704,1.1082662765179225,1367,2025-08-08T11:58:27,sweep_sizenew,2,0.1,10000,8000,1.0,0.0,0.0,0.5,[0.5],0.5,1.0,-1.0,0.0,0.8,-0.8,0.0,0.5,score
overall,ours_refined,0.9088888888888889,1.1068888888888888,4500,2025-08-08T11:58:28,sweep_sizenew,11,0.1,10000,9000,1.0,0.0,0.0,0.5,[0.5],0.5,1.0,-1.0,0.0,0.8,-0.8,0.0,0.5,score
easy_new,ours_refined,0.9099399599733156,1.0943962641761174,2998,2025-08-08T11:58:28,sweep_sizenew,11,0.1,10000,9000,1.0,0.0,0.0,0.5,[0.5],0.5,1.0,-1.0,0.0,0.8,-0.8,0.0,0.5,score
hard_new,ours_refined,0.9067909454061251,1.1318242343541944,1502,2025-08-08T11:58:28,sweep_sizenew,11,0.1,10000,9000,1.0,0.0,0.0,0.5,[0.5],0.5,1.0,-1.0,0.0,0.8,-0.8,0.0,0.5,score
overall,ours_refined,0.8935,1.0685,2000,2025-08-08T11:58:30,sweep_sizenew,21,0.1,10000,4000,1.0,0.0,0.0,0.5,[0.5],0.5,1.0,-1.0,0.0,0.8,-0.8,0.0,0.5,score
easy_new,ours_refined,0.89117199391172,1.0616438356164384,1314,2025-08-08T11:58:30,sweep_sizenew,21,0.1,10000,4000,1.0,0.0,0.0,0.5,[0.5],0.5,1.0,-1.0,0.0,0.8,-0.8,0.0,0.5,score
hard_new,ours_refined,0.8979591836734694,1.0816326530612246,686,2025-08-08T11:58:30,sweep_sizenew,21,0.1,10000,4000,1.0,0.0,0.0,0.5,[0.5],0.5,1.0,-1.0,0.0,0.8,-0.8,0.0,0.5,score
overall,ours_refined,0.9,1.12,100,2025-08-08T11:58:32,sweep_sizenew,22,0.1,10000,200,1.0,0.0,0.0,0.5,[0.5],0.5,1.0,-1.0,0.0,0.8,-0.8,0.0,0.5,score
easy_new,ours_refined,0.9117647058823529,1.1029411764705883,68,2025-08-08T11:58:32,sweep_sizenew,22,0.1,10000,200,1.0,0.0,0.0,0.5,[0.5],0.5,1.0,-1.0,0.0,0.8,-0.8,0.0,0.5,score
hard_new,ours_refined,0.875,1.15625,32,2025-08-08T11:58:32,sweep_sizenew,22,0.1,10000,200,1.0,0.0,0.0,0.5,[0.5],0.5,1.0,-1.0,0.0,0.8,-0.8,0.0,0.5,score
overall,ours_refined,0.91,1.17,100,2025-08-08T11:58:32,sweep_sizenew,23,0.1,10000,200,1.0,0.0,0.0,0.5,[0.5],0.5,1.0,-1.0,0.0,0.8,-0.8,0.0,0.5,score
easy_new,ours_refined,0.935064935064935,1.12987012987013,77,2025-08-08T11:58:32,sweep_sizenew,23,0.1,10000,200,1.0,0.0,0.0,0.5,[0.5],0.5,1.0,-1.0,0.0,0.8,-0.8,0.0,0.5,score
hard_new,ours_refined,0.8260869565217391,1.3043478260869565,23,2025-08-08T11:58:32,sweep_sizenew,23,0.1,10000,200,1.0,0.0,0.0,0.5,[0.5],0.5,1.0,-1.0,0.0,0.8,-0.8,0.0,0.5,score
overall,ours_refined,0.88425,1.0515,4000,2025-08-08T11:58:33,sweep_sizenew,20,0.1,10000,8000,1.0,0.0,0.0,0.5,[0.5],0.5,1.0,-1.0,0.0,0.8,-0.8,0.0,0.5,score
easy_new,ours_refined,0.8830231674895557,1.0459551842005317,2633,2025-08-08T11:58:33,sweep_sizenew,20,0.1,10000,8000,1.0,0.0,0.0,0.5,[0.5],0.5,1.0,-1.0,0.0,0.8,-0.8,0.0,0.5,score
hard_new,ours_refined,0.8866130212143379,1.0621799561082663,1367,2025-08-08T11:58:33,sweep_sizenew,20,0.1,10000,8000,1.0,0.0,0.0,0.5,[0.5],0.5,1.0,-1.0,0.0,0.8,-0.8,0.0,0.5,score
overall,ours_refined,0.912,1.112,4000,2025-08-08T11:58:33,sweep_sizenew,19,0.1,10000,8000,1.0,0.0,0.0,0.5,[0.5],0.5,1.0,-1.0,0.0,0.8,-0.8,0.0,0.5,score
easy_new,ours_refined,0.9138972809667674,1.095166163141994,2648,2025-08-08T11:58:33,sweep_sizenew,19,0.1,10000,8000,1.0,0.0,0.0,0.5,[0.5],0.5,1.0,-1.0,0.0,0.8,-0.8,0.0,0.5,score
hard_new,ours_refined,0.908284023668639,1.1449704142011834,1352,2025-08-08T11:58:33,sweep_sizenew,19,0.1,10000,8000,1.0,0.0,0.0,0.5,[0.5],0.5,1.0,-1.0,0.0,0.8,-0.8,0.0,0.5,score
overall,ours_refined,0.8977777777777778,1.0884444444444445,4500,2025-08-08T11:58:33,sweep_sizenew,18,0.1,10000,9000,1.0,0.0,0.0,0.5,[0.5],0.5,1.0,-1.0,0.0,0.8,-0.8,0.0,0.5,score
easy_new,ours_refined,0.9035498995311454,1.0820495646349633,2986,2025-08-08T11:58:33,sweep_sizenew,18,0.1,10000,9000,1.0,0.0,0.0,0.5,[0.5],0.5,1.0,-1.0,0.0,0.8,-0.8,0.0,0.5,score
hard_new,ours_refined,0.8863936591809776,1.1010568031704095,1514,2025-08-08T11:58:33,sweep_sizenew,18,0.1,10000,9000,1.0,0.0,0.0,0.5,[0.5],0.5,1.0,-1.0,0.0,0.8,-0.8,0.0,0.5,score
overall,ours_refined,0.8956,1.0858,5000,2025-08-08T11:58:33,sweep_sizenew,10,0.1,10000,10000,1.0,0.0,0.0,0.5,[0.5],0.5,1.0,-1.0,0.0,0.8,-0.8,0.0,0.5,score
easy_new,ours_refined,0.8952031775129851,1.0763825236785824,3273,2025-08-08T11:58:33,sweep_sizenew,10,0.1,10000,10000,1.0,0.0,0.0,0.5,[0.5],0.5,1.0,-1.0,0.0,0.8,-0.8,0.0,0.5,score
hard_new,ours_refined,0.8963520555877244,1.1036479444122755,1727,2025-08-08T11:58:33,sweep_sizenew,10,0.1,10000,10000,1.0,0.0,0.0,0.5,[0.5],0.5,1.0,-1.0,0.0,0.8,-0.8,0.0,0.5,score
overall,ours_refined,0.9032,1.1068,2500,2025-08-08T11:58:38,sweep_sizenew,21,0.1,10000,5000,1.0,0.0,0.0,0.5,[0.5],0.5,1.0,-1.0,0.0,0.8,-0.8,0.0,0.5,score
easy_new,ours_refined,0.9113539769277474,1.0904675166970248,1647,2025-08-08T11:58:38,sweep_sizenew,21,0.1,10000,5000,1.0,0.0,0.0,0.5,[0.5],0.5,1.0,-1.0,0.0,0.8,-0.8,0.0,0.5,score
hard_new,ours_refined,0.8874560375146542,1.1383352872215708,853,2025-08-08T11:58:38,sweep_sizenew,21,0.1,10000,5000,1.0,0.0,0.0,0.5,[0.5],0.5,1.0,-1.0,0.0,0.8,-0.8,0.0,0.5,score
overall,ours_refined,0.875,1.03,200,2025-08-08T11:58:38,sweep_sizenew,22,0.1,10000,400,1.0,0.0,0.0,0.5,[0.5],0.5,1.0,-1.0,0.0,0.8,-0.8,0.0,0.5,score
easy_new,ours_refined,0.8740740740740741,1.0222222222222221,135,2025-08-08T11:58:38,sweep_sizenew,22,0.1,10000,400,1.0,0.0,0.0,0.5,[0.5],0.5,1.0,-1.0,0.0,0.8,-0.8,0.0,0.5,score
hard_new,ours_refined,0.8769230769230769,1.0461538461538462,65,2025-08-08T11:58:38,sweep_sizenew,22,0.1,10000,400,1.0,0.0,0.0,0.5,[0.5],0.5,1.0,-1.0,0.0,0.8,-0.8,0.0,0.5,score
overall,ours_refined,0.9,1.125,200,2025-08-08T11:58:39,sweep_sizenew,23,0.1,10000,400,1.0,0.0,0.0,0.5,[0.5],0.5,1.0,-1.0,0.0,0.8,-0.8,0.0,0.5,score
easy_new,ours_refined,0.8865248226950354,1.1063829787234043,141,2025-08-08T11:58:39,sweep_sizenew,23,0.1,10000,400,1.0,0.0,0.0,0.5,[0.5],0.5,1.0,-1.0,0.0,0.8,-0.8,0.0,0.5,score
hard_new,ours_refined,0.9322033898305084,1.1694915254237288,59,2025-08-08T11:58:39,sweep_sizenew,23,0.1,10000,400,1.0,0.0,0.0,0.5,[0.5],0.5,1.0,-1.0,0.0,0.8,-0.8,0.0,0.5,score
overall,ours_refined,0.8956,1.0792,5000,2025-08-08T11:58:39,sweep_sizenew,11,0.1,10000,10000,1.0,0.0,0.0,0.5,[0.5],0.5,1.0,-1.0,0.0,0.8,-0.8,0.0,0.5,score
easy_new,ours_refined,0.9009960760639903,1.073649260488983,3313,2025-08-08T11:58:39,sweep_sizenew,11,0.1,10000,10000,1.0,0.0,0.0,0.5,[0.5],0.5,1.0,-1.0,0.0,0.8,-0.8,0.0,0.5,score
hard_new,ours_refined,0.8850029638411381,1.0901007705986958,1687,2025-08-08T11:58:39,sweep_sizenew,11,0.1,10000,10000,1.0,0.0,0.0,0.5,[0.5],0.5,1.0,-1.0,0.0,0.8,-0.8,0.0,0.5,score
overall,ours_refined,0.9062222222222223,1.0977777777777777,4500,2025-08-08T11:58:44,sweep_sizenew,2,0.1,10000,9000,1.0,0.0,0.0,0.5,[0.5],0.5,1.0,-1.0,0.0,0.8,-0.8,0.0,0.5,score
easy_new,ours_refined,0.9143344709897611,1.0897610921501706,2930,2025-08-08T11:58:44,sweep_sizenew,2,0.1,10000,9000,1.0,0.0,0.0,0.5,[0.5],0.5,1.0,-1.0,0.0,0.8,-0.8,0.0,0.5,score
hard_new,ours_refined,0.8910828025477707,1.1127388535031848,1570,2025-08-08T11:58:44,sweep_sizenew,2,0.1,10000,9000,1.0,0.0,0.0,0.5,[0.5],0.5,1.0,-1.0,0.0,0.8,-0.8,0.0,0.5,score
overall,ours_refined,0.8333333333333334,1.0333333333333334,300,2025-08-08T11:58:45,sweep_sizenew,22,0.1,10000,600,1.0,0.0,0.0,0.5,[0.5],0.5,1.0,-1.0,0.0,0.8,-0.8,0.0,0.5,score
easy_new,ours_refined,0.8520408163265306,1.0357142857142858,196,2025-08-08T11:58:45,sweep_sizenew,22,0.1,10000,600,1.0,0.0,0.0,0.5,[0.5],0.5,1.0,-1.0,0.0,0.8,-0.8,0.0,0.5,score
hard_new,ours_refined,0.7980769230769231,1.0288461538461537,104,2025-08-08T11:58:45,sweep_sizenew,22,0.1,10000,600,1.0,0.0,0.0,0.5,[0.5],0.5,1.0,-1.0,0.0,0.8,-0.8,0.0,0.5,score
overall,ours_refined,0.8533333333333334,0.9866666666666667,300,2025-08-08T11:58:45,sweep_sizenew,23,0.1,10000,600,1.0,0.0,0.0,0.5,[0.5],0.5,1.0,-1.0,0.0,0.8,-0.8,0.0,0.5,score
easy_new,ours_refined,0.8439024390243902,0.9902439024390244,205,2025-08-08T11:58:45,sweep_sizenew,23,0.1,10000,600,1.0,0.0,0.0,0.5,[0.5],0.5,1.0,-1.0,0.0,0.8,-0.8,0.0,0.5,score
hard_new,ours_refined,0.8736842105263158,0.9789473684210527,95,2025-08-08T11:58:45,sweep_sizenew,23,0.1,10000,600,1.0,0.0,0.0,0.5,[0.5],0.5,1.0,-1.0,0.0,0.8,-0.8,0.0,0.5,score
overall,ours_refined,0.899,1.084,3000,2025-08-08T11:58:46,sweep_sizenew,21,0.1,10000,6000,1.0,0.0,0.0,0.5,[0.5],0.5,1.0,-1.0,0.0,0.8,-0.8,0.0,0.5,score
easy_new,ours_refined,0.9036206017338093,1.072921978582356,1961,2025-08-08T11:58:46,sweep_sizenew,21,0.1,10000,6000,1.0,0.0,0.0,0.5,[0.5],0.5,1.0,-1.0,0.0,0.8,-0.8,0.0,0.5,score
hard_new,ours_refined,0.890279114533205,1.1049085659287776,1039,2025-08-08T11:58:46,sweep_sizenew,21,0.1,10000,6000,1.0,0.0,0.0,0.5,[0.5],0.5,1.0,-1.0,0.0,0.8,-0.8,0.0,0.5,score
overall,ours_refined,0.8895555555555555,1.0764444444444445,4500,2025-08-08T11:58:46,sweep_sizenew,20,0.1,10000,9000,1.0,0.0,0.0,0.5,[0.5],0.5,1.0,-1.0,0.0,0.8,-0.8,0.0,0.5,score
easy_new,ours_refined,0.8853567805207981,1.0669597565099764,2957,2025-08-08T11:58:46,sweep_sizenew,20,0.1,10000,9000,1.0,0.0,0.0,0.5,[0.5],0.5,1.0,-1.0,0.0,0.8,-0.8,0.0,0.5,score
hard_new,ours_refined,0.8976020738820479,1.0946208684381076,1543,2025-08-08T11:58:46,sweep_sizenew,20,0.1,10000,9000,1.0,0.0,0.0,0.5,[0.5],0.5,1.0,-1.0,0.0,0.8,-0.8,0.0,0.5,score
overall,ours_refined,0.9071111111111111,1.1048888888888888,4500,2025-08-08T11:58:46,sweep_sizenew,19,0.1,10000,9000,1.0,0.0,0.0,0.5,[0.5],0.5,1.0,-1.0,0.0,0.8,-0.8,0.0,0.5,score
easy_new,ours_refined,0.9078636517043537,1.0944988187647655,2963,2025-08-08T11:58:46,sweep_sizenew,19,0.1,10000,9000,1.0,0.0,0.0,0.5,[0.5],0.5,1.0,-1.0,0.0,0.8,-0.8,0.0,0.5,score
hard_new,ours_refined,0.9056603773584906,1.124918672739102,1537,2025-08-08T11:58:46,sweep_sizenew,19,0.1,10000,9000,1.0,0.0,0.0,0.5,[0.5],0.5,1.0,-1.0,0.0,0.8,-0.8,0.0,0.5,score
overall,ours_refined,0.9032,1.0858,5000,2025-08-08T11:58:46,sweep_sizenew,18,0.1,10000,10000,1.0,0.0,0.0,0.5,[0.5],0.5,1.0,-1.0,0.0,0.8,-0.8,0.0,0.5,score
easy_new,ours_refined,0.9051620648259304,1.075330132052821,3332,2025-08-08T11:58:46,sweep_sizenew,18,0.1,10000,10000,1.0,0.0,0.0,0.5,[0.5],0.5,1.0,-1.0,0.0,0.8,-0.8,0.0,0.5,score
hard_new,ours_refined,0.8992805755395683,1.1067146282973621,1668,2025-08-08T11:58:46,sweep_sizenew,18,0.1,10000,10000,1.0,0.0,0.0,0.5,[0.5],0.5,1.0,-1.0,0.0,0.8,-0.8,0.0,0.5,score
overall,ours_refined,0.915,1.14,400,2025-08-08T11:58:51,sweep_sizenew,22,0.1,10000,800,1.0,0.0,0.0,0.5,[0.5],0.5,1.0,-1.0,0.0,0.8,-0.8,0.0,0.5,score
easy_new,ours_refined,0.9176029962546817,1.1123595505617978,267,2025-08-08T11:58:51,sweep_sizenew,22,0.1,10000,800,1.0,0.0,0.0,0.5,[0.5],0.5,1.0,-1.0,0.0,0.8,-0.8,0.0,0.5,score
hard_new,ours_refined,0.9097744360902256,1.1954887218045114,133,2025-08-08T11:58:51,sweep_sizenew,22,0.1,10000,800,1.0,0.0,0.0,0.5,[0.5],0.5,1.0,-1.0,0.0,0.8,-0.8,0.0,0.5,score
overall,ours_refined,0.8775,1.0575,400,2025-08-08T11:58:52,sweep_sizenew,23,0.1,10000,800,1.0,0.0,0.0,0.5,[0.5],0.5,1.0,-1.0,0.0,0.8,-0.8,0.0,0.5,score
easy_new,ours_refined,0.8726591760299626,1.0524344569288389,267,2025-08-08T11:58:52,sweep_sizenew,23,0.1,10000,800,1.0,0.0,0.0,0.5,[0.5],0.5,1.0,-1.0,0.0,0.8,-0.8,0.0,0.5,score
hard_new,ours_refined,0.8872180451127819,1.0676691729323309,133,2025-08-08T11:58:52,sweep_sizenew,23,0.1,10000,800,1.0,0.0,0.0,0.5,[0.5],0.5,1.0,-1.0,0.0,0.8,-0.8,0.0,0.5,score
overall,ours_refined,0.74,0.9,50,2025-08-08T11:58:52,sweep_sizenew,27,0.1,10000,100,1.0,0.0,0.0,0.5,[0.5],0.5,1.0,-1.0,0.0,0.8,-0.8,0.0,0.5,score
easy_new,ours_refined,0.78125,0.9375,32,2025-08-08T11:58:52,sweep_sizenew,27,0.1,10000,100,1.0,0.0,0.0,0.5,[0.5],0.5,1.0,-1.0,0.0,0.8,-0.8,0.0,0.5,score
hard_new,ours_refined,0.6666666666666666,0.8333333333333334,18,2025-08-08T11:58:52,sweep_sizenew,27,0.1,10000,100,1.0,0.0,0.0,0.5,[0.5],0.5,1.0,-1.0,0.0,0.8,-0.8,0.0,0.5,score
overall,ours_refined,0.8,0.9,50,2025-08-08T11:58:52,sweep_sizenew,24,0.1,10000,100,1.0,0.0,0.0,0.5,[0.5],0.5,1.0,-1.0,0.0,0.8,-0.8,0.0,0.5,score
easy_new,ours_refined,0.7674418604651163,0.8837209302325582,43,2025-08-08T11:58:52,sweep_sizenew,24,0.1,10000,100,1.0,0.0,0.0,0.5,[0.5],0.5,1.0,-1.0,0.0,0.8,-0.8,0.0,0.5,score
hard_new,ours_refined,1.0,1.0,7,2025-08-08T11:58:52,sweep_sizenew,24,0.1,10000,100,1.0,0.0,0.0,0.5,[0.5],0.5,1.0,-1.0,0.0,0.8,-0.8,0.0,0.5,score
overall,ours_refined,0.82,0.88,50,2025-08-08T11:58:52,sweep_sizenew,28,0.1,10000,100,1.0,0.0,0.0,0.5,[0.5],0.5,1.0,-1.0,0.0,0.8,-0.8,0.0,0.5,score
easy_new,ours_refined,0.9354838709677419,0.967741935483871,31,2025-08-08T11:58:52,sweep_sizenew,28,0.1,10000,100,1.0,0.0,0.0,0.5,[0.5],0.5,1.0,-1.0,0.0,0.8,-0.8,0.0,0.5,score
hard_new,ours_refined,0.631578947368421,0.7368421052631579,19,2025-08-08T11:58:52,sweep_sizenew,28,0.1,10000,100,1.0,0.0,0.0,0.5,[0.5],0.5,1.0,-1.0,0.0,0.8,-0.8,0.0,0.5,score
overall,ours_refined,0.94,1.16,50,2025-08-08T11:58:52,sweep_sizenew,35,0.1,10000,100,1.0,0.0,0.0,0.5,[0.5],0.5,1.0,-1.0,0.0,0.8,-0.8,0.0,0.5,score
easy_new,ours_refined,0.9428571428571428,1.0857142857142856,35,2025-08-08T11:58:52,sweep_sizenew,35,0.1,10000,100,1.0,0.0,0.0,0.5,[0.5],0.5,1.0,-1.0,0.0,0.8,-0.8,0.0,0.5,score
hard_new,ours_refined,0.9333333333333333,1.3333333333333333,15,2025-08-08T11:58:52,sweep_sizenew,35,0.1,10000,100,1.0,0.0,0.0,0.5,[0.5],0.5,1.0,-1.0,0.0,0.8,-0.8,0.0,0.5,score
overall,ours_refined,0.86,1.08,50,2025-08-08T11:58:52,sweep_sizenew,30,0.1,10000,100,1.0,0.0,0.0,0.5,[0.5],0.5,1.0,-1.0,0.0,0.8,-0.8,0.0,0.5,score
easy_new,ours_refined,0.8285714285714286,1.0285714285714285,35,2025-08-08T11:58:52,sweep_sizenew,30,0.1,10000,100,1.0,0.0,0.0,0.5,[0.5],0.5,1.0,-1.0,0.0,0.8,-0.8,0.0,0.5,score
hard_new,ours_refined,0.9333333333333333,1.2,15,2025-08-08T11:58:52,sweep_sizenew,30,0.1,10000,100,1.0,0.0,0.0,0.5,[0.5],0.5,1.0,-1.0,0.0,0.8,-0.8,0.0,0.5,score
overall,ours_refined,0.84,1.0,50,2025-08-08T11:58:52,sweep_sizenew,29,0.1,10000,100,1.0,0.0,0.0,0.5,[0.5],0.5,1.0,-1.0,0.0,0.8,-0.8,0.0,0.5,score
easy_new,ours_refined,0.85,1.0,40,2025-08-08T11:58:52,sweep_sizenew,29,0.1,10000,100,1.0,0.0,0.0,0.5,[0.5],0.5,1.0,-1.0,0.0,0.8,-0.8,0.0,0.5,score
hard_new,ours_refined,0.8,1.0,10,2025-08-08T11:58:52,sweep_sizenew,29,0.1,10000,100,1.0,0.0,0.0,0.5,[0.5],0.5,1.0,-1.0,0.0,0.8,-0.8,0.0,0.5,score
overall,ours_refined,0.9,1.08,50,2025-08-08T11:58:52,sweep_sizenew,34,0.1,10000,100,1.0,0.0,0.0,0.5,[0.5],0.5,1.0,-1.0,0.0,0.8,-0.8,0.0,0.5,score
easy_new,ours_refined,0.8888888888888888,1.1111111111111112,36,2025-08-08T11:58:52,sweep_sizenew,34,0.1,10000,100,1.0,0.0,0.0,0.5,[0.5],0.5,1.0,-1.0,0.0,0.8,-0.8,0.0,0.5,score
hard_new,ours_refined,0.9285714285714286,1.0,14,2025-08-08T11:58:52,sweep_sizenew,34,0.1,10000,100,1.0,0.0,0.0,0.5,[0.5],0.5,1.0,-1.0,0.0,0.8,-0.8,0.0,0.5,score
overall,ours_refined,0.96,1.04,50,2025-08-08T11:58:52,sweep_sizenew,25,0.1,10000,100,1.0,0.0,0.0,0.5,[0.5],0.5,1.0,-1.0,0.0,0.8,-0.8,0.0,0.5,score
easy_new,ours_refined,0.9375,1.0,32,2025-08-08T11:58:52,sweep_sizenew,25,0.1,10000,100,1.0,0.0,0.0,0.5,[0.5],0.5,1.0,-1.0,0.0,0.8,-0.8,0.0,0.5,score
hard_new,ours_refined,1.0,1.1111111111111112,18,2025-08-08T11:58:52,sweep_sizenew,25,0.1,10000,100,1.0,0.0,0.0,0.5,[0.5],0.5,1.0,-1.0,0.0,0.8,-0.8,0.0,0.5,score
overall,ours_refined,0.92,1.06,50,2025-08-08T11:58:52,sweep_sizenew,32,0.1,10000,100,1.0,0.0,0.0,0.5,[0.5],0.5,1.0,-1.0,0.0,0.8,-0.8,0.0,0.5,score
easy_new,ours_refined,0.9166666666666666,1.0833333333333333,36,2025-08-08T11:58:52,sweep_sizenew,32,0.1,10000,100,1.0,0.0,0.0,0.5,[0.5],0.5,1.0,-1.0,0.0,0.8,-0.8,0.0,0.5,score
hard_new,ours_refined,0.9285714285714286,1.0,14,2025-08-08T11:58:52,sweep_sizenew,32,0.1,10000,100,1.0,0.0,0.0,0.5,[0.5],0.5,1.0,-1.0,0.0,0.8,-0.8,0.0,0.5,score
overall,ours_refined,0.82,1.04,50,2025-08-08T11:58:52,sweep_sizenew,31,0.1,10000,100,1.0,0.0,0.0,0.5,[0.5],0.5,1.0,-1.0,0.0,0.8,-0.8,0.0,0.5,score
easy_new,ours_refined,0.8285714285714286,1.0,35,2025-08-08T11:58:52,sweep_sizenew,31,0.1,10000,100,1.0,0.0,0.0,0.5,[0.5],0.5,1.0,-1.0,0.0,0.8,-0.8,0.0,0.5,score
hard_new,ours_refined,0.8,1.1333333333333333,15,2025-08-08T11:58:52,sweep_sizenew,31,0.1,10000,100,1.0,0.0,0.0,0.5,[0.5],0.5,1.0,-1.0,0.0,0.8,-0.8,0.0,0.5,score
overall,ours_refined,0.96,1.36,50,2025-08-08T11:58:53,sweep_sizenew,40,0.1,10000,100,1.0,0.0,0.0,0.5,[0.5],0.5,1.0,-1.0,0.0,0.8,-0.8,0.0,0.5,score
easy_new,ours_refined,0.9459459459459459,1.2702702702702702,37,2025-08-08T11:58:53,sweep_sizenew,40,0.1,10000,100,1.0,0.0,0.0,0.5,[0.5],0.5,1.0,-1.0,0.0,0.8,-0.8,0.0,0.5,score
hard_new,ours_refined,1.0,1.6153846153846154,13,2025-08-08T11:58:53,sweep_sizenew,40,0.1,10000,100,1.0,0.0,0.0,0.5,[0.5],0.5,1.0,-1.0,0.0,0.8,-0.8,0.0,0.5,score
overall,ours_refined,0.82,0.96,50,2025-08-08T11:58:53,sweep_sizenew,39,0.1,10000,100,1.0,0.0,0.0,0.5,[0.5],0.5,1.0,-1.0,0.0,0.8,-0.8,0.0,0.5,score
easy_new,ours_refined,0.8461538461538461,0.9743589743589743,39,2025-08-08T11:58:53,sweep_sizenew,39,0.1,10000,100,1.0,0.0,0.0,0.5,[0.5],0.5,1.0,-1.0,0.0,0.8,-0.8,0.0,0.5,score
hard_new,ours_refined,0.7272727272727273,0.9090909090909091,11,2025-08-08T11:58:53,sweep_sizenew,39,0.1,10000,100,1.0,0.0,0.0,0.5,[0.5],0.5,1.0,-1.0,0.0,0.8,-0.8,0.0,0.5,score
overall,ours_refined,0.8894285714285715,1.0642857142857143,3500,2025-08-08T11:58:55,sweep_sizenew,21,0.1,10000,7000,1.0,0.0,0.0,0.5,[0.5],0.5,1.0,-1.0,0.0,0.8,-0.8,0.0,0.5,score
easy_new,ours_refined,0.8891304347826087,1.0608695652173914,2300,2025-08-08T11:58:55,sweep_sizenew,21,0.1,10000,7000,1.0,0.0,0.0,0.5,[0.5],0.5,1.0,-1.0,0.0,0.8,-0.8,0.0,0.5,score
hard_new,ours_refined,0.89,1.0708333333333333,1200,2025-08-08T11:58:55,sweep_sizenew,21,0.1,10000,7000,1.0,0.0,0.0,0.5,[0.5],0.5,1.0,-1.0,0.0,0.8,-0.8,0.0,0.5,score
overall,ours_refined,0.9,1.12,50,2025-08-08T11:58:56,sweep_sizenew,33,0.1,10000,100,1.0,0.0,0.0,0.5,[0.5],0.5,1.0,-1.0,0.0,0.8,-0.8,0.0,0.5,score
easy_new,ours_refined,0.8888888888888888,1.1388888888888888,36,2025-08-08T11:58:56,sweep_sizenew,33,0.1,10000,100,1.0,0.0,0.0,0.5,[0.5],0.5,1.0,-1.0,0.0,0.8,-0.8,0.0,0.5,score
hard_new,ours_refined,0.9285714285714286,1.0714285714285714,14,2025-08-08T11:58:56,sweep_sizenew,33,0.1,10000,100,1.0,0.0,0.0,0.5,[0.5],0.5,1.0,-1.0,0.0,0.8,-0.8,0.0,0.5,score
overall,ours_refined,0.88,1.08,100,2025-08-08T11:58:56,sweep_sizenew,27,0.1,10000,200,1.0,0.0,0.0,0.5,[0.5],0.5,1.0,-1.0,0.0,0.8,-0.8,0.0,0.5,score
easy_new,ours_refined,0.847457627118644,1.0508474576271187,59,2025-08-08T11:58:56,sweep_sizenew,27,0.1,10000,200,1.0,0.0,0.0,0.5,[0.5],0.5,1.0,-1.0,0.0,0.8,-0.8,0.0,0.5,score
hard_new,ours_refined,0.926829268292683,1.1219512195121952,41,2025-08-08T11:58:56,sweep_sizenew,27,0.1,10000,200,1.0,0.0,0.0,0.5,[0.5],0.5,1.0,-1.0,0.0,0.8,-0.8,0.0,0.5,score
overall,ours_refined,0.96,1.2,100,2025-08-08T11:58:56,sweep_sizenew,24,0.1,10000,200,1.0,0.0,0.0,0.5,[0.5],0.5,1.0,-1.0,0.0,0.8,-0.8,0.0,0.5,score
easy_new,ours_refined,0.9605263157894737,1.1973684210526316,76,2025-08-08T11:58:56,sweep_sizenew,24,0.1,10000,200,1.0,0.0,0.0,0.5,[0.5],0.5,1.0,-1.0,0.0,0.8,-0.8,0.0,0.5,score
hard_new,ours_refined,0.9583333333333334,1.2083333333333333,24,2025-08-08T11:58:56,sweep_sizenew,24,0.1,10000,200,1.0,0.0,0.0,0.5,[0.5],0.5,1.0,-1.0,0.0,0.8,-0.8,0.0,0.5,score
overall,ours_refined,0.9,1.07,100,2025-08-08T11:58:56,sweep_sizenew,35,0.1,10000,200,1.0,0.0,0.0,0.5,[0.5],0.5,1.0,-1.0,0.0,0.8,-0.8,0.0,0.5,score
easy_new,ours_refined,0.8888888888888888,1.0476190476190477,63,2025-08-08T11:58:56,sweep_sizenew,35,0.1,10000,200,1.0,0.0,0.0,0.5,[0.5],0.5,1.0,-1.0,0.0,0.8,-0.8,0.0,0.5,score
hard_new,ours_refined,0.918918918918919,1.1081081081081081,37,2025-08-08T11:58:56,sweep_sizenew,35,0.1,10000,200,1.0,0.0,0.0,0.5,[0.5],0.5,1.0,-1.0,0.0,0.8,-0.8,0.0,0.5,score
overall,ours_refined,0.9,1.09,100,2025-08-08T11:58:57,sweep_sizenew,30,0.1,10000,200,1.0,0.0,0.0,0.5,[0.5],0.5,1.0,-1.0,0.0,0.8,-0.8,0.0,0.5,score
easy_new,ours_refined,0.953125,1.078125,64,2025-08-08T11:58:57,sweep_sizenew,30,0.1,10000,200,1.0,0.0,0.0,0.5,[0.5],0.5,1.0,-1.0,0.0,0.8,-0.8,0.0,0.5,score
hard_new,ours_refined,0.8055555555555556,1.1111111111111112,36,2025-08-08T11:58:57,sweep_sizenew,30,0.1,10000,200,1.0,0.0,0.0,0.5,[0.5],0.5,1.0,-1.0,0.0,0.8,-0.8,0.0,0.5,score
overall,ours_refined,0.89,1.25,100,2025-08-08T11:58:57,sweep_sizenew,29,0.1,10000,200,1.0,0.0,0.0,0.5,[0.5],0.5,1.0,-1.0,0.0,0.8,-0.8,0.0,0.5,score
easy_new,ours_refined,0.875,1.1527777777777777,72,2025-08-08T11:58:57,sweep_sizenew,29,0.1,10000,200,1.0,0.0,0.0,0.5,[0.5],0.5,1.0,-1.0,0.0,0.8,-0.8,0.0,0.5,score
hard_new,ours_refined,0.9285714285714286,1.5,28,2025-08-08T11:58:57,sweep_sizenew,29,0.1,10000,200,1.0,0.0,0.0,0.5,[0.5],0.5,1.0,-1.0,0.0,0.8,-0.8,0.0,0.5,score
overall,ours_refined,0.85,1.03,100,2025-08-08T11:58:57,sweep_sizenew,25,0.1,10000,200,1.0,0.0,0.0,0.5,[0.5],0.5,1.0,-1.0,0.0,0.8,-0.8,0.0,0.5,score
easy_new,ours_refined,0.8095238095238095,1.0317460317460319,63,2025-08-08T11:58:57,sweep_sizenew,25,0.1,10000,200,1.0,0.0,0.0,0.5,[0.5],0.5,1.0,-1.0,0.0,0.8,-0.8,0.0,0.5,score
hard_new,ours_refined,0.918918918918919,1.027027027027027,37,2025-08-08T11:58:57,sweep_sizenew,25,0.1,10000,200,1.0,0.0,0.0,0.5,[0.5],0.5,1.0,-1.0,0.0,0.8,-0.8,0.0,0.5,score
overall,ours_refined,0.92,1.06,100,2025-08-08T11:58:57,sweep_sizenew,28,0.1,10000,200,1.0,0.0,0.0,0.5,[0.5],0.5,1.0,-1.0,0.0,0.8,-0.8,0.0,0.5,score
easy_new,ours_refined,0.890625,1.015625,64,2025-08-08T11:58:57,sweep_sizenew,28,0.1,10000,200,1.0,0.0,0.0,0.5,[0.5],0.5,1.0,-1.0,0.0,0.8,-0.8,0.0,0.5,score
hard_new,ours_refined,0.9722222222222222,1.1388888888888888,36,2025-08-08T11:58:57,sweep_sizenew,28,0.1,10000,200,1.0,0.0,0.0,0.5,[0.5],0.5,1.0,-1.0,0.0,0.8,-0.8,0.0,0.5,score
overall,ours_refined,0.89,1.11,100,2025-08-08T11:58:57,sweep_sizenew,34,0.1,10000,200,1.0,0.0,0.0,0.5,[0.5],0.5,1.0,-1.0,0.0,0.8,-0.8,0.0,0.5,score
easy_new,ours_refined,0.9041095890410958,1.1095890410958904,73,2025-08-08T11:58:57,sweep_sizenew,34,0.1,10000,200,1.0,0.0,0.0,0.5,[0.5],0.5,1.0,-1.0,0.0,0.8,-0.8,0.0,0.5,score
hard_new,ours_refined,0.8518518518518519,1.1111111111111112,27,2025-08-08T11:58:57,sweep_sizenew,34,0.1,10000,200,1.0,0.0,0.0,0.5,[0.5],0.5,1.0,-1.0,0.0,0.8,-0.8,0.0,0.5,score
overall,ours_refined,0.92,1.12,100,2025-08-08T11:58:57,sweep_sizenew,31,0.1,10000,200,1.0,0.0,0.0,0.5,[0.5],0.5,1.0,-1.0,0.0,0.8,-0.8,0.0,0.5,score
easy_new,ours_refined,0.8985507246376812,1.0724637681159421,69,2025-08-08T11:58:57,sweep_sizenew,31,0.1,10000,200,1.0,0.0,0.0,0.5,[0.5],0.5,1.0,-1.0,0.0,0.8,-0.8,0.0,0.5,score
hard_new,ours_refined,0.967741935483871,1.2258064516129032,31,2025-08-08T11:58:57,sweep_sizenew,31,0.1,10000,200,1.0,0.0,0.0,0.5,[0.5],0.5,1.0,-1.0,0.0,0.8,-0.8,0.0,0.5,score
overall,ours_refined,0.95,1.13,100,2025-08-08T11:58:57,sweep_sizenew,32,0.1,10000,200,1.0,0.0,0.0,0.5,[0.5],0.5,1.0,-1.0,0.0,0.8,-0.8,0.0,0.5,score
easy_new,ours_refined,0.9594594594594594,1.1486486486486487,74,2025-08-08T11:58:57,sweep_sizenew,32,0.1,10000,200,1.0,0.0,0.0,0.5,[0.5],0.5,1.0,-1.0,0.0,0.8,-0.8,0.0,0.5,score
hard_new,ours_refined,0.9230769230769231,1.0769230769230769,26,2025-08-08T11:58:57,sweep_sizenew,32,0.1,10000,200,1.0,0.0,0.0,0.5,[0.5],0.5,1.0,-1.0,0.0,0.8,-0.8,0.0,0.5,score
overall,ours_refined,0.9,1.098,500,2025-08-08T11:58:57,sweep_sizenew,22,0.1,10000,1000,1.0,0.0,0.0,0.5,[0.5],0.5,1.0,-1.0,0.0,0.8,-0.8,0.0,0.5,score
easy_new,ours_refined,0.913946587537092,1.0979228486646884,337,2025-08-08T11:58:57,sweep_sizenew,22,0.1,10000,1000,1.0,0.0,0.0,0.5,[0.5],0.5,1.0,-1.0,0.0,0.8,-0.8,0.0,0.5,score
hard_new,ours_refined,0.8711656441717791,1.098159509202454,163,2025-08-08T11:58:57,sweep_sizenew,22,0.1,10000,1000,1.0,0.0,0.0,0.5,[0.5],0.5,1.0,-1.0,0.0,0.8,-0.8,0.0,0.5,score
overall,ours_refined,0.94,1.08,50,2025-08-08T11:58:58,sweep_sizenew,37,0.1,10000,100,1.0,0.0,0.0,0.5,[0.5],0.5,1.0,-1.0,0.0,0.8,-0.8,0.0,0.5,score
easy_new,ours_refined,0.9428571428571428,1.0571428571428572,35,2025-08-08T11:58:58,sweep_sizenew,37,0.1,10000,100,1.0,0.0,0.0,0.5,[0.5],0.5,1.0,-1.0,0.0,0.8,-0.8,0.0,0.5,score
hard_new,ours_refined,0.9333333333333333,1.1333333333333333,15,2025-08-08T11:58:58,sweep_sizenew,37,0.1,10000,100,1.0,0.0,0.0,0.5,[0.5],0.5,1.0,-1.0,0.0,0.8,-0.8,0.0,0.5,score
overall,ours_refined,0.9,1.02,50,2025-08-08T11:58:58,sweep_sizenew,36,0.1,10000,100,1.0,0.0,0.0,0.5,[0.5],0.5,1.0,-1.0,0.0,0.8,-0.8,0.0,0.5,score
easy_new,ours_refined,0.92,1.0,25,2025-08-08T11:58:58,sweep_sizenew,36,0.1,10000,100,1.0,0.0,0.0,0.5,[0.5],0.5,1.0,-1.0,0.0,0.8,-0.8,0.0,0.5,score
hard_new,ours_refined,0.88,1.04,25,2025-08-08T11:58:58,sweep_sizenew,36,0.1,10000,100,1.0,0.0,0.0,0.5,[0.5],0.5,1.0,-1.0,0.0,0.8,-0.8,0.0,0.5,score
overall,ours_refined,0.94,1.12,50,2025-08-08T11:58:58,sweep_sizenew,38,0.1,10000,100,1.0,0.0,0.0,0.5,[0.5],0.5,1.0,-1.0,0.0,0.8,-0.8,0.0,0.5,score
easy_new,ours_refined,0.9333333333333333,1.1,30,2025-08-08T11:58:58,sweep_sizenew,38,0.1,10000,100,1.0,0.0,0.0,0.5,[0.5],0.5,1.0,-1.0,0.0,0.8,-0.8,0.0,0.5,score
hard_new,ours_refined,0.95,1.15,20,2025-08-08T11:58:58,sweep_sizenew,38,0.1,10000,100,1.0,0.0,0.0,0.5,[0.5],0.5,1.0,-1.0,0.0,0.8,-0.8,0.0,0.5,score
overall,ours_refined,0.862,1.048,500,2025-08-08T11:58:58,sweep_sizenew,23,0.1,10000,1000,1.0,0.0,0.0,0.5,[0.5],0.5,1.0,-1.0,0.0,0.8,-0.8,0.0,0.5,score
easy_new,ours_refined,0.8537313432835821,1.0477611940298508,335,2025-08-08T11:58:58,sweep_sizenew,23,0.1,10000,1000,1.0,0.0,0.0,0.5,[0.5],0.5,1.0,-1.0,0.0,0.8,-0.8,0.0,0.5,score
hard_new,ours_refined,0.8787878787878788,1.0484848484848486,165,2025-08-08T11:58:58,sweep_sizenew,23,0.1,10000,1000,1.0,0.0,0.0,0.5,[0.5],0.5,1.0,-1.0,0.0,0.8,-0.8,0.0,0.5,score
overall,ours_refined,0.95,1.15,100,2025-08-08T11:58:59,sweep_sizenew,40,0.1,10000,200,1.0,0.0,0.0,0.5,[0.5],0.5,1.0,-1.0,0.0,0.8,-0.8,0.0,0.5,score
easy_new,ours_refined,0.9552238805970149,1.1194029850746268,67,2025-08-08T11:58:59,sweep_sizenew,40,0.1,10000,200,1.0,0.0,0.0,0.5,[0.5],0.5,1.0,-1.0,0.0,0.8,-0.8,0.0,0.5,score
hard_new,ours_refined,0.9393939393939394,1.2121212121212122,33,2025-08-08T11:58:59,sweep_sizenew,40,0.1,10000,200,1.0,0.0,0.0,0.5,[0.5],0.5,1.0,-1.0,0.0,0.8,-0.8,0.0,0.5,score
overall,ours_refined,0.94,1.25,100,2025-08-08T11:58:59,sweep_sizenew,39,0.1,10000,200,1.0,0.0,0.0,0.5,[0.5],0.5,1.0,-1.0,0.0,0.8,-0.8,0.0,0.5,score
easy_new,ours_refined,0.9333333333333333,1.24,75,2025-08-08T11:58:59,sweep_sizenew,39,0.1,10000,200,1.0,0.0,0.0,0.5,[0.5],0.5,1.0,-1.0,0.0,0.8,-0.8,0.0,0.5,score
hard_new,ours_refined,0.96,1.28,25,2025-08-08T11:58:59,sweep_sizenew,39,0.1,10000,200,1.0,0.0,0.0,0.5,[0.5],0.5,1.0,-1.0,0.0,0.8,-0.8,0.0,0.5,score
overall,ours_refined,0.9044,1.099,5000,2025-08-08T11:59:00,sweep_sizenew,20,0.1,10000,10000,1.0,0.0,0.0,0.5,[0.5],0.5,1.0,-1.0,0.0,0.8,-0.8,0.0,0.5,score
easy_new,ours_refined,0.9052823315118397,1.0846994535519126,3294,2025-08-08T11:59:00,sweep_sizenew,20,0.1,10000,10000,1.0,0.0,0.0,0.5,[0.5],0.5,1.0,-1.0,0.0,0.8,-0.8,0.0,0.5,score
hard_new,ours_refined,0.902696365767878,1.126611957796014,1706,2025-08-08T11:59:00,sweep_sizenew,20,0.1,10000,10000,1.0,0.0,0.0,0.5,[0.5],0.5,1.0,-1.0,0.0,0.8,-0.8,0.0,0.5,score
overall,ours_refined,0.9,1.215,200,2025-08-08T11:59:01,sweep_sizenew,27,0.1,10000,400,1.0,0.0,0.0,0.5,[0.5],0.5,1.0,-1.0,0.0,0.8,-0.8,0.0,0.5,score
easy_new,ours_refined,0.890625,1.203125,128,2025-08-08T11:59:01,sweep_sizenew,27,0.1,10000,400,1.0,0.0,0.0,0.5,[0.5],0.5,1.0,-1.0,0.0,0.8,-0.8,0.0,0.5,score
hard_new,ours_refined,0.9166666666666666,1.2361111111111112,72,2025-08-08T11:59:01,sweep_sizenew,27,0.1,10000,400,1.0,0.0,0.0,0.5,[0.5],0.5,1.0,-1.0,0.0,0.8,-0.8,0.0,0.5,score
overall,ours_refined,0.93,1.07,200,2025-08-08T11:59:01,sweep_sizenew,35,0.1,10000,400,1.0,0.0,0.0,0.5,[0.5],0.5,1.0,-1.0,0.0,0.8,-0.8,0.0,0.5,score
easy_new,ours_refined,0.9407407407407408,1.0666666666666667,135,2025-08-08T11:59:01,sweep_sizenew,35,0.1,10000,400,1.0,0.0,0.0,0.5,[0.5],0.5,1.0,-1.0,0.0,0.8,-0.8,0.0,0.5,score
hard_new,ours_refined,0.9076923076923077,1.0769230769230769,65,2025-08-08T11:59:01,sweep_sizenew,35,0.1,10000,400,1.0,0.0,0.0,0.5,[0.5],0.5,1.0,-1.0,0.0,0.8,-0.8,0.0,0.5,score
overall,ours_refined,0.925,1.11,200,2025-08-08T11:59:01,sweep_sizenew,24,0.1,10000,400,1.0,0.0,0.0,0.5,[0.5],0.5,1.0,-1.0,0.0,0.8,-0.8,0.0,0.5,score
easy_new,ours_refined,0.9144736842105263,1.118421052631579,152,2025-08-08T11:59:01,sweep_sizenew,24,0.1,10000,400,1.0,0.0,0.0,0.5,[0.5],0.5,1.0,-1.0,0.0,0.8,-0.8,0.0,0.5,score
hard_new,ours_refined,0.9583333333333334,1.0833333333333333,48,2025-08-08T11:59:01,sweep_sizenew,24,0.1,10000,400,1.0,0.0,0.0,0.5,[0.5],0.5,1.0,-1.0,0.0,0.8,-0.8,0.0,0.5,score
overall,ours_refined,0.8908,1.0748,5000,2025-08-08T11:59:01,sweep_sizenew,2,0.1,10000,10000,1.0,0.0,0.0,0.5,[0.5],0.5,1.0,-1.0,0.0,0.8,-0.8,0.0,0.5,score
easy_new,ours_refined,0.8913109294580684,1.0626702997275204,3303,2025-08-08T11:59:01,sweep_sizenew,2,0.1,10000,10000,1.0,0.0,0.0,0.5,[0.5],0.5,1.0,-1.0,0.0,0.8,-0.8,0.0,0.5,score
hard_new,ours_refined,0.8898055391868003,1.098408956982911,1697,2025-08-08T11:59:01,sweep_sizenew,2,0.1,10000,10000,1.0,0.0,0.0,0.5,[0.5],0.5,1.0,-1.0,0.0,0.8,-0.8,0.0,0.5,score
overall,ours_refined,0.945,1.195,200,2025-08-08T11:59:01,sweep_sizenew,29,0.1,10000,400,1.0,0.0,0.0,0.5,[0.5],0.5,1.0,-1.0,0.0,0.8,-0.8,0.0,0.5,score
easy_new,ours_refined,0.9448275862068966,1.103448275862069,145,2025-08-08T11:59:01,sweep_sizenew,29,0.1,10000,400,1.0,0.0,0.0,0.5,[0.5],0.5,1.0,-1.0,0.0,0.8,-0.8,0.0,0.5,score
hard_new,ours_refined,0.9454545454545454,1.4363636363636363,55,2025-08-08T11:59:01,sweep_sizenew,29,0.1,10000,400,1.0,0.0,0.0,0.5,[0.5],0.5,1.0,-1.0,0.0,0.8,-0.8,0.0,0.5,score
overall,ours_refined,0.895,1.14,200,2025-08-08T11:59:01,sweep_sizenew,30,0.1,10000,400,1.0,0.0,0.0,0.5,[0.5],0.5,1.0,-1.0,0.0,0.8,-0.8,0.0,0.5,score
easy_new,ours_refined,0.9173553719008265,1.0991735537190082,121,2025-08-08T11:59:01,sweep_sizenew,30,0.1,10000,400,1.0,0.0,0.0,0.5,[0.5],0.5,1.0,-1.0,0.0,0.8,-0.8,0.0,0.5,score
hard_new,ours_refined,0.8607594936708861,1.2025316455696202,79,2025-08-08T11:59:01,sweep_sizenew,30,0.1,10000,400,1.0,0.0,0.0,0.5,[0.5],0.5,1.0,-1.0,0.0,0.8,-0.8,0.0,0.5,score
overall,ours_refined,0.93,1.07,200,2025-08-08T11:59:01,sweep_sizenew,25,0.1,10000,400,1.0,0.0,0.0,0.5,[0.5],0.5,1.0,-1.0,0.0,0.8,-0.8,0.0,0.5,score
easy_new,ours_refined,0.9357142857142857,1.0714285714285714,140,2025-08-08T11:59:01,sweep_sizenew,25,0.1,10000,400,1.0,0.0,0.0,0.5,[0.5],0.5,1.0,-1.0,0.0,0.8,-0.8,0.0,0.5,score
hard_new,ours_refined,0.9166666666666666,1.0666666666666667,60,2025-08-08T11:59:01,sweep_sizenew,25,0.1,10000,400,1.0,0.0,0.0,0.5,[0.5],0.5,1.0,-1.0,0.0,0.8,-0.8,0.0,0.5,score
overall,ours_refined,0.8974,1.0926,5000,2025-08-08T11:59:02,sweep_sizenew,19,0.1,10000,10000,1.0,0.0,0.0,0.5,[0.5],0.5,1.0,-1.0,0.0,0.8,-0.8,0.0,0.5,score
easy_new,ours_refined,0.898159509202454,1.0874233128834356,3260,2025-08-08T11:59:02,sweep_sizenew,19,0.1,10000,10000,1.0,0.0,0.0,0.5,[0.5],0.5,1.0,-1.0,0.0,0.8,-0.8,0.0,0.5,score
hard_new,ours_refined,0.8959770114942529,1.1022988505747127,1740,2025-08-08T11:59:02,sweep_sizenew,19,0.1,10000,10000,1.0,0.0,0.0,0.5,[0.5],0.5,1.0,-1.0,0.0,0.8,-0.8,0.0,0.5,score
overall,ours_refined,0.93,1.15,200,2025-08-08T11:59:02,sweep_sizenew,28,0.1,10000,400,1.0,0.0,0.0,0.5,[0.5],0.5,1.0,-1.0,0.0,0.8,-0.8,0.0,0.5,score
easy_new,ours_refined,0.9389312977099237,1.0916030534351144,131,2025-08-08T11:59:02,sweep_sizenew,28,0.1,10000,400,1.0,0.0,0.0,0.5,[0.5],0.5,1.0,-1.0,0.0,0.8,-0.8,0.0,0.5,score
hard_new,ours_refined,0.9130434782608695,1.2608695652173914,69,2025-08-08T11:59:02,sweep_sizenew,28,0.1,10000,400,1.0,0.0,0.0,0.5,[0.5],0.5,1.0,-1.0,0.0,0.8,-0.8,0.0,0.5,score
overall,ours_refined,0.905,1.09,200,2025-08-08T11:59:02,sweep_sizenew,31,0.1,10000,400,1.0,0.0,0.0,0.5,[0.5],0.5,1.0,-1.0,0.0,0.8,-0.8,0.0,0.5,score
easy_new,ours_refined,0.8888888888888888,1.0740740740740742,135,2025-08-08T11:59:02,sweep_sizenew,31,0.1,10000,400,1.0,0.0,0.0,0.5,[0.5],0.5,1.0,-1.0,0.0,0.8,-0.8,0.0,0.5,score
hard_new,ours_refined,0.9384615384615385,1.123076923076923,65,2025-08-08T11:59:02,sweep_sizenew,31,0.1,10000,400,1.0,0.0,0.0,0.5,[0.5],0.5,1.0,-1.0,0.0,0.8,-0.8,0.0,0.5,score
overall,ours_refined,0.91,1.075,200,2025-08-08T11:59:02,sweep_sizenew,34,0.1,10000,400,1.0,0.0,0.0,0.5,[0.5],0.5,1.0,-1.0,0.0,0.8,-0.8,0.0,0.5,score
easy_new,ours_refined,0.9029850746268657,1.0671641791044777,134,2025-08-08T11:59:02,sweep_sizenew,34,0.1,10000,400,1.0,0.0,0.0,0.5,[0.5],0.5,1.0,-1.0,0.0,0.8,-0.8,0.0,0.5,score
hard_new,ours_refined,0.9242424242424242,1.0909090909090908,66,2025-08-08T11:59:02,sweep_sizenew,34,0.1,10000,400,1.0,0.0,0.0,0.5,[0.5],0.5,1.0,-1.0,0.0,0.8,-0.8,0.0,0.5,score
overall,ours_refined,0.89,1.15,200,2025-08-08T11:59:02,sweep_sizenew,32,0.1,10000,400,1.0,0.0,0.0,0.5,[0.5],0.5,1.0,-1.0,0.0,0.8,-0.8,0.0,0.5,score
easy_new,ours_refined,0.8951048951048951,1.1398601398601398,143,2025-08-08T11:59:02,sweep_sizenew,32,0.1,10000,400,1.0,0.0,0.0,0.5,[0.5],0.5,1.0,-1.0,0.0,0.8,-0.8,0.0,0.5,score
hard_new,ours_refined,0.8771929824561403,1.1754385964912282,57,2025-08-08T11:59:02,sweep_sizenew,32,0.1,10000,400,1.0,0.0,0.0,0.5,[0.5],0.5,1.0,-1.0,0.0,0.8,-0.8,0.0,0.5,score
overall,ours_refined,0.93,1.09,100,2025-08-08T11:59:03,sweep_sizenew,33,0.1,10000,200,1.0,0.0,0.0,0.5,[0.5],0.5,1.0,-1.0,0.0,0.8,-0.8,0.0,0.5,score
easy_new,ours_refined,0.9285714285714286,1.0714285714285714,70,2025-08-08T11:59:03,sweep_sizenew,33,0.1,10000,200,1.0,0.0,0.0,0.5,[0.5],0.5,1.0,-1.0,0.0,0.8,-0.8,0.0,0.5,score
hard_new,ours_refined,0.9333333333333333,1.1333333333333333,30,2025-08-08T11:59:03,sweep_sizenew,33,0.1,10000,200,1.0,0.0,0.0,0.5,[0.5],0.5,1.0,-1.0,0.0,0.8,-0.8,0.0,0.5,score
overall,ours_refined,0.904,1.122,1000,2025-08-08T11:59:04,sweep_sizenew,22,0.1,10000,2000,1.0,0.0,0.0,0.5,[0.5],0.5,1.0,-1.0,0.0,0.8,-0.8,0.0,0.5,score
easy_new,ours_refined,0.9044006069802731,1.1138088012139606,659,2025-08-08T11:59:04,sweep_sizenew,22,0.1,10000,2000,1.0,0.0,0.0,0.5,[0.5],0.5,1.0,-1.0,0.0,0.8,-0.8,0.0,0.5,score
hard_new,ours_refined,0.9032258064516129,1.1378299120234605,341,2025-08-08T11:59:04,sweep_sizenew,22,0.1,10000,2000,1.0,0.0,0.0,0.5,[0.5],0.5,1.0,-1.0,0.0,0.8,-0.8,0.0,0.5,score
overall,ours_refined,0.89675,1.07375,4000,2025-08-08T11:59:04,sweep_sizenew,21,0.1,10000,8000,1.0,0.0,0.0,0.5,[0.5],0.5,1.0,-1.0,0.0,0.8,-0.8,0.0,0.5,score
easy_new,ours_refined,0.8990015360983102,1.0629800307219661,2604,2025-08-08T11:59:04,sweep_sizenew,21,0.1,10000,8000,1.0,0.0,0.0,0.5,[0.5],0.5,1.0,-1.0,0.0,0.8,-0.8,0.0,0.5,score
hard_new,ours_refined,0.8925501432664756,1.093839541547278,1396,2025-08-08T11:59:04,sweep_sizenew,21,0.1,10000,8000,1.0,0.0,0.0,0.5,[0.5],0.5,1.0,-1.0,0.0,0.8,-0.8,0.0,0.5,score
overall,ours_refined,0.92,1.1,200,2025-08-08T11:59:05,sweep_sizenew,40,0.1,10000,400,1.0,0.0,0.0,0.5,[0.5],0.5,1.0,-1.0,0.0,0.8,-0.8,0.0,0.5,score
easy_new,ours_refined,0.917910447761194,1.0970149253731343,134,2025-08-08T11:59:05,sweep_sizenew,40,0.1,10000,400,1.0,0.0,0.0,0.5,[0.5],0.5,1.0,-1.0,0.0,0.8,-0.8,0.0,0.5,score
hard_new,ours_refined,0.9242424242424242,1.106060606060606,66,2025-08-08T11:59:05,sweep_sizenew,40,0.1,10000,400,1.0,0.0,0.0,0.5,[0.5],0.5,1.0,-1.0,0.0,0.8,-0.8,0.0,0.5,score
overall,ours_refined,0.87,1.05,200,2025-08-08T11:59:05,sweep_sizenew,39,0.1,10000,400,1.0,0.0,0.0,0.5,[0.5],0.5,1.0,-1.0,0.0,0.8,-0.8,0.0,0.5,score
easy_new,ours_refined,0.85,1.042857142857143,140,2025-08-08T11:59:05,sweep_sizenew,39,0.1,10000,400,1.0,0.0,0.0,0.5,[0.5],0.5,1.0,-1.0,0.0,0.8,-0.8,0.0,0.5,score
hard_new,ours_refined,0.9166666666666666,1.0666666666666667,60,2025-08-08T11:59:05,sweep_sizenew,39,0.1,10000,400,1.0,0.0,0.0,0.5,[0.5],0.5,1.0,-1.0,0.0,0.8,-0.8,0.0,0.5,score
overall,ours_refined,0.95,1.32,100,2025-08-08T11:59:05,sweep_sizenew,37,0.1,10000,200,1.0,0.0,0.0,0.5,[0.5],0.5,1.0,-1.0,0.0,0.8,-0.8,0.0,0.5,score
easy_new,ours_refined,0.9420289855072463,1.2318840579710144,69,2025-08-08T11:59:05,sweep_sizenew,37,0.1,10000,200,1.0,0.0,0.0,0.5,[0.5],0.5,1.0,-1.0,0.0,0.8,-0.8,0.0,0.5,score
hard_new,ours_refined,0.967741935483871,1.5161290322580645,31,2025-08-08T11:59:05,sweep_sizenew,37,0.1,10000,200,1.0,0.0,0.0,0.5,[0.5],0.5,1.0,-1.0,0.0,0.8,-0.8,0.0,0.5,score
overall,ours_refined,0.91,1.17,100,2025-08-08T11:59:05,sweep_sizenew,36,0.1,10000,200,1.0,0.0,0.0,0.5,[0.5],0.5,1.0,-1.0,0.0,0.8,-0.8,0.0,0.5,score
easy_new,ours_refined,0.9305555555555556,1.1388888888888888,72,2025-08-08T11:59:05,sweep_sizenew,36,0.1,10000,200,1.0,0.0,0.0,0.5,[0.5],0.5,1.0,-1.0,0.0,0.8,-0.8,0.0,0.5,score
hard_new,ours_refined,0.8571428571428571,1.25,28,2025-08-08T11:59:05,sweep_sizenew,36,0.1,10000,200,1.0,0.0,0.0,0.5,[0.5],0.5,1.0,-1.0,0.0,0.8,-0.8,0.0,0.5,score
overall,ours_refined,0.9,1.06,100,2025-08-08T11:59:05,sweep_sizenew,38,0.1,10000,200,1.0,0.0,0.0,0.5,[0.5],0.5,1.0,-1.0,0.0,0.8,-0.8,0.0,0.5,score
easy_new,ours_refined,0.9375,1.046875,64,2025-08-08T11:59:05,sweep_sizenew,38,0.1,10000,200,1.0,0.0,0.0,0.5,[0.5],0.5,1.0,-1.0,0.0,0.8,-0.8,0.0,0.5,score
hard_new,ours_refined,0.8333333333333334,1.0833333333333333,36,2025-08-08T11:59:05,sweep_sizenew,38,0.1,10000,200,1.0,0.0,0.0,0.5,[0.5],0.5,1.0,-1.0,0.0,0.8,-0.8,0.0,0.5,score
overall,ours_refined,0.917,1.104,1000,2025-08-08T11:59:05,sweep_sizenew,23,0.1,10000,2000,1.0,0.0,0.0,0.5,[0.5],0.5,1.0,-1.0,0.0,0.8,-0.8,0.0,0.5,score
easy_new,ours_refined,0.9222395023328149,1.0933125972006221,643,2025-08-08T11:59:05,sweep_sizenew,23,0.1,10000,2000,1.0,0.0,0.0,0.5,[0.5],0.5,1.0,-1.0,0.0,0.8,-0.8,0.0,0.5,score
hard_new,ours_refined,0.907563025210084,1.123249299719888,357,2025-08-08T11:59:05,sweep_sizenew,23,0.1,10000,2000,1.0,0.0,0.0,0.5,[0.5],0.5,1.0,-1.0,0.0,0.8,-0.8,0.0,0.5,score
overall,ours_refined,0.8666666666666667,1.0,300,2025-08-08T11:59:06,sweep_sizenew,27,0.1,10000,600,1.0,0.0,0.0,0.5,[0.5],0.5,1.0,-1.0,0.0,0.8,-0.8,0.0,0.5,score
easy_new,ours_refined,0.8516483516483516,1.0,182,2025-08-08T11:59:06,sweep_sizenew,27,0.1,10000,600,1.0,0.0,0.0,0.5,[0.5],0.5,1.0,-1.0,0.0,0.8,-0.8,0.0,0.5,score
hard_new,ours_refined,0.8898305084745762,1.0,118,2025-08-08T11:59:06,sweep_sizenew,27,0.1,10000,600,1.0,0.0,0.0,0.5,[0.5],0.5,1.0,-1.0,0.0,0.8,-0.8,0.0,0.5,score
overall,ours_refined,0.8633333333333333,1.0466666666666666,300,2025-08-08T11:59:06,sweep_sizenew,24,0.1,10000,600,1.0,0.0,0.0,0.5,[0.5],0.5,1.0,-1.0,0.0,0.8,-0.8,0.0,0.5,score
easy_new,ours_refined,0.8955223880597015,1.0398009950248757,201,2025-08-08T11:59:06,sweep_sizenew,24,0.1,10000,600,1.0,0.0,0.0,0.5,[0.5],0.5,1.0,-1.0,0.0,0.8,-0.8,0.0,0.5,score
hard_new,ours_refined,0.797979797979798,1.0606060606060606,99,2025-08-08T11:59:06,sweep_sizenew,24,0.1,10000,600,1.0,0.0,0.0,0.5,[0.5],0.5,1.0,-1.0,0.0,0.8,-0.8,0.0,0.5,score
overall,ours_refined,0.88,0.9933333333333333,300,2025-08-08T11:59:06,sweep_sizenew,35,0.1,10000,600,1.0,0.0,0.0,0.5,[0.5],0.5,1.0,-1.0,0.0,0.8,-0.8,0.0,0.5,score
easy_new,ours_refined,0.8769230769230769,1.0,195,2025-08-08T11:59:06,sweep_sizenew,35,0.1,10000,600,1.0,0.0,0.0,0.5,[0.5],0.5,1.0,-1.0,0.0,0.8,-0.8,0.0,0.5,score
hard_new,ours_refined,0.8857142857142857,0.9809523809523809,105,2025-08-08T11:59:06,sweep_sizenew,35,0.1,10000,600,1.0,0.0,0.0,0.5,[0.5],0.5,1.0,-1.0,0.0,0.8,-0.8,0.0,0.5,score
overall,ours_refined,0.9066666666666666,1.11,300,2025-08-08T11:59:06,sweep_sizenew,30,0.1,10000,600,1.0,0.0,0.0,0.5,[0.5],0.5,1.0,-1.0,0.0,0.8,-0.8,0.0,0.5,score
easy_new,ours_refined,0.9408602150537635,1.10752688172043,186,2025-08-08T11:59:06,sweep_sizenew,30,0.1,10000,600,1.0,0.0,0.0,0.5,[0.5],0.5,1.0,-1.0,0.0,0.8,-0.8,0.0,0.5,score
hard_new,ours_refined,0.8508771929824561,1.1140350877192982,114,2025-08-08T11:59:06,sweep_sizenew,30,0.1,10000,600,1.0,0.0,0.0,0.5,[0.5],0.5,1.0,-1.0,0.0,0.8,-0.8,0.0,0.5,score
overall,ours_refined,0.8933333333333333,1.1,300,2025-08-08T11:59:06,sweep_sizenew,29,0.1,10000,600,1.0,0.0,0.0,0.5,[0.5],0.5,1.0,-1.0,0.0,0.8,-0.8,0.0,0.5,score
easy_new,ours_refined,0.8872549019607843,1.0686274509803921,204,2025-08-08T11:59:06,sweep_sizenew,29,0.1,10000,600,1.0,0.0,0.0,0.5,[0.5],0.5,1.0,-1.0,0.0,0.8,-0.8,0.0,0.5,score
hard_new,ours_refined,0.90625,1.1666666666666667,96,2025-08-08T11:59:06,sweep_sizenew,29,0.1,10000,600,1.0,0.0,0.0,0.5,[0.5],0.5,1.0,-1.0,0.0,0.8,-0.8,0.0,0.5,score
overall,ours_refined,0.9166666666666666,1.0966666666666667,300,2025-08-08T11:59:06,sweep_sizenew,25,0.1,10000,600,1.0,0.0,0.0,0.5,[0.5],0.5,1.0,-1.0,0.0,0.8,-0.8,0.0,0.5,score
easy_new,ours_refined,0.9421052631578948,1.0894736842105264,190,2025-08-08T11:59:06,sweep_sizenew,25,0.1,10000,600,1.0,0.0,0.0,0.5,[0.5],0.5,1.0,-1.0,0.0,0.8,-0.8,0.0,0.5,score
hard_new,ours_refined,0.8727272727272727,1.1090909090909091,110,2025-08-08T11:59:06,sweep_sizenew,25,0.1,10000,600,1.0,0.0,0.0,0.5,[0.5],0.5,1.0,-1.0,0.0,0.8,-0.8,0.0,0.5,score
overall,ours_refined,0.8666666666666667,1.03,300,2025-08-08T11:59:07,sweep_sizenew,28,0.1,10000,600,1.0,0.0,0.0,0.5,[0.5],0.5,1.0,-1.0,0.0,0.8,-0.8,0.0,0.5,score
easy_new,ours_refined,0.8599033816425121,1.0096618357487923,207,2025-08-08T11:59:07,sweep_sizenew,28,0.1,10000,600,1.0,0.0,0.0,0.5,[0.5],0.5,1.0,-1.0,0.0,0.8,-0.8,0.0,0.5,score
hard_new,ours_refined,0.8817204301075269,1.075268817204301,93,2025-08-08T11:59:07,sweep_sizenew,28,0.1,10000,600,1.0,0.0,0.0,0.5,[0.5],0.5,1.0,-1.0,0.0,0.8,-0.8,0.0,0.5,score
overall,ours_refined,0.9166666666666666,1.15,300,2025-08-08T11:59:07,sweep_sizenew,31,0.1,10000,600,1.0,0.0,0.0,0.5,[0.5],0.5,1.0,-1.0,0.0,0.8,-0.8,0.0,0.5,score
easy_new,ours_refined,0.925,1.14,200,2025-08-08T11:59:07,sweep_sizenew,31,0.1,10000,600,1.0,0.0,0.0,0.5,[0.5],0.5,1.0,-1.0,0.0,0.8,-0.8,0.0,0.5,score
hard_new,ours_refined,0.9,1.17,100,2025-08-08T11:59:07,sweep_sizenew,31,0.1,10000,600,1.0,0.0,0.0,0.5,[0.5],0.5,1.0,-1.0,0.0,0.8,-0.8,0.0,0.5,score
overall,ours_refined,0.9466666666666667,1.18,300,2025-08-08T11:59:07,sweep_sizenew,34,0.1,10000,600,1.0,0.0,0.0,0.5,[0.5],0.5,1.0,-1.0,0.0,0.8,-0.8,0.0,0.5,score
easy_new,ours_refined,0.9623655913978495,1.1505376344086022,186,2025-08-08T11:59:07,sweep_sizenew,34,0.1,10000,600,1.0,0.0,0.0,0.5,[0.5],0.5,1.0,-1.0,0.0,0.8,-0.8,0.0,0.5,score
hard_new,ours_refined,0.9210526315789473,1.2280701754385965,114,2025-08-08T11:59:07,sweep_sizenew,34,0.1,10000,600,1.0,0.0,0.0,0.5,[0.5],0.5,1.0,-1.0,0.0,0.8,-0.8,0.0,0.5,score
overall,ours_refined,0.9,1.0966666666666667,300,2025-08-08T11:59:08,sweep_sizenew,32,0.1,10000,600,1.0,0.0,0.0,0.5,[0.5],0.5,1.0,-1.0,0.0,0.8,-0.8,0.0,0.5,score
easy_new,ours_refined,0.9178743961352657,1.0966183574879227,207,2025-08-08T11:59:08,sweep_sizenew,32,0.1,10000,600,1.0,0.0,0.0,0.5,[0.5],0.5,1.0,-1.0,0.0,0.8,-0.8,0.0,0.5,score
hard_new,ours_refined,0.8602150537634409,1.096774193548387,93,2025-08-08T11:59:08,sweep_sizenew,32,0.1,10000,600,1.0,0.0,0.0,0.5,[0.5],0.5,1.0,-1.0,0.0,0.8,-0.8,0.0,0.5,score
overall,ours_refined,0.9133333333333333,1.09,300,2025-08-08T11:59:11,sweep_sizenew,40,0.1,10000,600,1.0,0.0,0.0,0.5,[0.5],0.5,1.0,-1.0,0.0,0.8,-0.8,0.0,0.5,score
easy_new,ours_refined,0.9137055837563451,1.0659898477157361,197,2025-08-08T11:59:11,sweep_sizenew,40,0.1,10000,600,1.0,0.0,0.0,0.5,[0.5],0.5,1.0,-1.0,0.0,0.8,-0.8,0.0,0.5,score
hard_new,ours_refined,0.912621359223301,1.1359223300970873,103,2025-08-08T11:59:11,sweep_sizenew,40,0.1,10000,600,1.0,0.0,0.0,0.5,[0.5],0.5,1.0,-1.0,0.0,0.8,-0.8,0.0,0.5,score
overall,ours_refined,0.8675,1.0575,400,2025-08-08T11:59:11,sweep_sizenew,27,0.1,10000,800,1.0,0.0,0.0,0.5,[0.5],0.5,1.0,-1.0,0.0,0.8,-0.8,0.0,0.5,score
easy_new,ours_refined,0.8943089430894309,1.0447154471544715,246,2025-08-08T11:59:11,sweep_sizenew,27,0.1,10000,800,1.0,0.0,0.0,0.5,[0.5],0.5,1.0,-1.0,0.0,0.8,-0.8,0.0,0.5,score
hard_new,ours_refined,0.8246753246753247,1.077922077922078,154,2025-08-08T11:59:11,sweep_sizenew,27,0.1,10000,800,1.0,0.0,0.0,0.5,[0.5],0.5,1.0,-1.0,0.0,0.8,-0.8,0.0,0.5,score
overall,ours_refined,0.9,1.1275,400,2025-08-08T11:59:11,sweep_sizenew,35,0.1,10000,800,1.0,0.0,0.0,0.5,[0.5],0.5,1.0,-1.0,0.0,0.8,-0.8,0.0,0.5,score
easy_new,ours_refined,0.9032258064516129,1.114695340501792,279,2025-08-08T11:59:11,sweep_sizenew,35,0.1,10000,800,1.0,0.0,0.0,0.5,[0.5],0.5,1.0,-1.0,0.0,0.8,-0.8,0.0,0.5,score
hard_new,ours_refined,0.8925619834710744,1.1570247933884297,121,2025-08-08T11:59:11,sweep_sizenew,35,0.1,10000,800,1.0,0.0,0.0,0.5,[0.5],0.5,1.0,-1.0,0.0,0.8,-0.8,0.0,0.5,score
overall,ours_refined,0.8966666666666666,1.1633333333333333,300,2025-08-08T11:59:11,sweep_sizenew,39,0.1,10000,600,1.0,0.0,0.0,0.5,[0.5],0.5,1.0,-1.0,0.0,0.8,-0.8,0.0,0.5,score
easy_new,ours_refined,0.8840579710144928,1.1304347826086956,207,2025-08-08T11:59:11,sweep_sizenew,39,0.1,10000,600,1.0,0.0,0.0,0.5,[0.5],0.5,1.0,-1.0,0.0,0.8,-0.8,0.0,0.5,score
hard_new,ours_refined,0.9247311827956989,1.2365591397849462,93,2025-08-08T11:59:11,sweep_sizenew,39,0.1,10000,600,1.0,0.0,0.0,0.5,[0.5],0.5,1.0,-1.0,0.0,0.8,-0.8,0.0,0.5,score
overall,ours_refined,0.875,1.075,400,2025-08-08T11:59:11,sweep_sizenew,24,0.1,10000,800,1.0,0.0,0.0,0.5,[0.5],0.5,1.0,-1.0,0.0,0.8,-0.8,0.0,0.5,score
easy_new,ours_refined,0.875,1.0625,272,2025-08-08T11:59:11,sweep_sizenew,24,0.1,10000,800,1.0,0.0,0.0,0.5,[0.5],0.5,1.0,-1.0,0.0,0.8,-0.8,0.0,0.5,score
hard_new,ours_refined,0.875,1.1015625,128,2025-08-08T11:59:11,sweep_sizenew,24,0.1,10000,800,1.0,0.0,0.0,0.5,[0.5],0.5,1.0,-1.0,0.0,0.8,-0.8,0.0,0.5,score
overall,ours_refined,0.935,1.19,200,2025-08-08T11:59:11,sweep_sizenew,33,0.1,10000,400,1.0,0.0,0.0,0.5,[0.5],0.5,1.0,-1.0,0.0,0.8,-0.8,0.0,0.5,score
easy_new,ours_refined,0.924812030075188,1.1879699248120301,133,2025-08-08T11:59:11,sweep_sizenew,33,0.1,10000,400,1.0,0.0,0.0,0.5,[0.5],0.5,1.0,-1.0,0.0,0.8,-0.8,0.0,0.5,score
hard_new,ours_refined,0.9552238805970149,1.1940298507462686,67,2025-08-08T11:59:11,sweep_sizenew,33,0.1,10000,400,1.0,0.0,0.0,0.5,[0.5],0.5,1.0,-1.0,0.0,0.8,-0.8,0.0,0.5,score
overall,ours_refined,0.885,1.06,200,2025-08-08T11:59:11,sweep_sizenew,37,0.1,10000,400,1.0,0.0,0.0,0.5,[0.5],0.5,1.0,-1.0,0.0,0.8,-0.8,0.0,0.5,score
easy_new,ours_refined,0.8846153846153846,1.0384615384615385,130,2025-08-08T11:59:11,sweep_sizenew,37,0.1,10000,400,1.0,0.0,0.0,0.5,[0.5],0.5,1.0,-1.0,0.0,0.8,-0.8,0.0,0.5,score
hard_new,ours_refined,0.8857142857142857,1.1,70,2025-08-08T11:59:11,sweep_sizenew,37,0.1,10000,400,1.0,0.0,0.0,0.5,[0.5],0.5,1.0,-1.0,0.0,0.8,-0.8,0.0,0.5,score
overall,ours_refined,0.935,1.06,200,2025-08-08T11:59:11,sweep_sizenew,36,0.1,10000,400,1.0,0.0,0.0,0.5,[0.5],0.5,1.0,-1.0,0.0,0.8,-0.8,0.0,0.5,score
easy_new,ours_refined,0.9305555555555556,1.0555555555555556,144,2025-08-08T11:59:11,sweep_sizenew,36,0.1,10000,400,1.0,0.0,0.0,0.5,[0.5],0.5,1.0,-1.0,0.0,0.8,-0.8,0.0,0.5,score
hard_new,ours_refined,0.9464285714285714,1.0714285714285714,56,2025-08-08T11:59:11,sweep_sizenew,36,0.1,10000,400,1.0,0.0,0.0,0.5,[0.5],0.5,1.0,-1.0,0.0,0.8,-0.8,0.0,0.5,score
overall,ours_refined,0.915,1.125,200,2025-08-08T11:59:11,sweep_sizenew,38,0.1,10000,400,1.0,0.0,0.0,0.5,[0.5],0.5,1.0,-1.0,0.0,0.8,-0.8,0.0,0.5,score
easy_new,ours_refined,0.9224806201550387,1.0775193798449612,129,2025-08-08T11:59:11,sweep_sizenew,38,0.1,10000,400,1.0,0.0,0.0,0.5,[0.5],0.5,1.0,-1.0,0.0,0.8,-0.8,0.0,0.5,score
hard_new,ours_refined,0.9014084507042254,1.2112676056338028,71,2025-08-08T11:59:11,sweep_sizenew,38,0.1,10000,400,1.0,0.0,0.0,0.5,[0.5],0.5,1.0,-1.0,0.0,0.8,-0.8,0.0,0.5,score
overall,ours_refined,0.9075,1.0975,400,2025-08-08T11:59:11,sweep_sizenew,30,0.1,10000,800,1.0,0.0,0.0,0.5,[0.5],0.5,1.0,-1.0,0.0,0.8,-0.8,0.0,0.5,score
easy_new,ours_refined,0.9163346613545816,1.0756972111553784,251,2025-08-08T11:59:11,sweep_sizenew,30,0.1,10000,800,1.0,0.0,0.0,0.5,[0.5],0.5,1.0,-1.0,0.0,0.8,-0.8,0.0,0.5,score
hard_new,ours_refined,0.8926174496644296,1.1342281879194631,149,2025-08-08T11:59:11,sweep_sizenew,30,0.1,10000,800,1.0,0.0,0.0,0.5,[0.5],0.5,1.0,-1.0,0.0,0.8,-0.8,0.0,0.5,score
overall,ours_refined,0.915,1.1,400,2025-08-08T11:59:11,sweep_sizenew,29,0.1,10000,800,1.0,0.0,0.0,0.5,[0.5],0.5,1.0,-1.0,0.0,0.8,-0.8,0.0,0.5,score
easy_new,ours_refined,0.890625,1.1015625,256,2025-08-08T11:59:11,sweep_sizenew,29,0.1,10000,800,1.0,0.0,0.0,0.5,[0.5],0.5,1.0,-1.0,0.0,0.8,-0.8,0.0,0.5,score
hard_new,ours_refined,0.9583333333333334,1.0972222222222223,144,2025-08-08T11:59:11,sweep_sizenew,29,0.1,10000,800,1.0,0.0,0.0,0.5,[0.5],0.5,1.0,-1.0,0.0,0.8,-0.8,0.0,0.5,score
overall,ours_refined,0.88,1.0625,400,2025-08-08T11:59:11,sweep_sizenew,25,0.1,10000,800,1.0,0.0,0.0,0.5,[0.5],0.5,1.0,-1.0,0.0,0.8,-0.8,0.0,0.5,score
easy_new,ours_refined,0.8625954198473282,1.049618320610687,262,2025-08-08T11:59:11,sweep_sizenew,25,0.1,10000,800,1.0,0.0,0.0,0.5,[0.5],0.5,1.0,-1.0,0.0,0.8,-0.8,0.0,0.5,score
hard_new,ours_refined,0.9130434782608695,1.0869565217391304,138,2025-08-08T11:59:11,sweep_sizenew,25,0.1,10000,800,1.0,0.0,0.0,0.5,[0.5],0.5,1.0,-1.0,0.0,0.8,-0.8,0.0,0.5,score
overall,ours_refined,0.925,1.13,400,2025-08-08T11:59:12,sweep_sizenew,28,0.1,10000,800,1.0,0.0,0.0,0.5,[0.5],0.5,1.0,-1.0,0.0,0.8,-0.8,0.0,0.5,score
easy_new,ours_refined,0.9368029739776952,1.096654275092937,269,2025-08-08T11:59:12,sweep_sizenew,28,0.1,10000,800,1.0,0.0,0.0,0.5,[0.5],0.5,1.0,-1.0,0.0,0.8,-0.8,0.0,0.5,score
hard_new,ours_refined,0.9007633587786259,1.1984732824427482,131,2025-08-08T11:59:12,sweep_sizenew,28,0.1,10000,800,1.0,0.0,0.0,0.5,[0.5],0.5,1.0,-1.0,0.0,0.8,-0.8,0.0,0.5,score
overall,ours_refined,0.9025,1.0975,400,2025-08-08T11:59:12,sweep_sizenew,34,0.1,10000,800,1.0,0.0,0.0,0.5,[0.5],0.5,1.0,-1.0,0.0,0.8,-0.8,0.0,0.5,score
easy_new,ours_refined,0.8991935483870968,1.0766129032258065,248,2025-08-08T11:59:12,sweep_sizenew,34,0.1,10000,800,1.0,0.0,0.0,0.5,[0.5],0.5,1.0,-1.0,0.0,0.8,-0.8,0.0,0.5,score
hard_new,ours_refined,0.9078947368421053,1.131578947368421,152,2025-08-08T11:59:12,sweep_sizenew,34,0.1,10000,800,1.0,0.0,0.0,0.5,[0.5],0.5,1.0,-1.0,0.0,0.8,-0.8,0.0,0.5,score
overall,ours_refined,0.8873333333333333,1.0693333333333332,1500,2025-08-08T11:59:12,sweep_sizenew,22,0.1,10000,3000,1.0,0.0,0.0,0.5,[0.5],0.5,1.0,-1.0,0.0,0.8,-0.8,0.0,0.5,score
easy_new,ours_refined,0.9082474226804124,1.056701030927835,970,2025-08-08T11:59:12,sweep_sizenew,22,0.1,10000,3000,1.0,0.0,0.0,0.5,[0.5],0.5,1.0,-1.0,0.0,0.8,-0.8,0.0,0.5,score
hard_new,ours_refined,0.8490566037735849,1.0924528301886793,530,2025-08-08T11:59:12,sweep_sizenew,22,0.1,10000,3000,1.0,0.0,0.0,0.5,[0.5],0.5,1.0,-1.0,0.0,0.8,-0.8,0.0,0.5,score
overall,ours_refined,0.91,1.0575,400,2025-08-08T11:59:12,sweep_sizenew,31,0.1,10000,800,1.0,0.0,0.0,0.5,[0.5],0.5,1.0,-1.0,0.0,0.8,-0.8,0.0,0.5,score
easy_new,ours_refined,0.9117647058823529,1.0588235294117647,272,2025-08-08T11:59:12,sweep_sizenew,31,0.1,10000,800,1.0,0.0,0.0,0.5,[0.5],0.5,1.0,-1.0,0.0,0.8,-0.8,0.0,0.5,score
hard_new,ours_refined,0.90625,1.0546875,128,2025-08-08T11:59:12,sweep_sizenew,31,0.1,10000,800,1.0,0.0,0.0,0.5,[0.5],0.5,1.0,-1.0,0.0,0.8,-0.8,0.0,0.5,score
overall,ours_refined,0.8675,1.0325,400,2025-08-08T11:59:13,sweep_sizenew,32,0.1,10000,800,1.0,0.0,0.0,0.5,[0.5],0.5,1.0,-1.0,0.0,0.8,-0.8,0.0,0.5,score
easy_new,ours_refined,0.8961538461538462,1.023076923076923,260,2025-08-08T11:59:13,sweep_sizenew,32,0.1,10000,800,1.0,0.0,0.0,0.5,[0.5],0.5,1.0,-1.0,0.0,0.8,-0.8,0.0,0.5,score
hard_new,ours_refined,0.8142857142857143,1.05,140,2025-08-08T11:59:13,sweep_sizenew,32,0.1,10000,800,1.0,0.0,0.0,0.5,[0.5],0.5,1.0,-1.0,0.0,0.8,-0.8,0.0,0.5,score
overall,ours_refined,0.8933333333333333,1.108,1500,2025-08-08T11:59:13,sweep_sizenew,23,0.1,10000,3000,1.0,0.0,0.0,0.5,[0.5],0.5,1.0,-1.0,0.0,0.8,-0.8,0.0,0.5,score
easy_new,ours_refined,0.9064748201438849,1.0996916752312436,973,2025-08-08T11:59:13,sweep_sizenew,23,0.1,10000,3000,1.0,0.0,0.0,0.5,[0.5],0.5,1.0,-1.0,0.0,0.8,-0.8,0.0,0.5,score
hard_new,ours_refined,0.8690702087286527,1.1233396584440227,527,2025-08-08T11:59:13,sweep_sizenew,23,0.1,10000,3000,1.0,0.0,0.0,0.5,[0.5],0.5,1.0,-1.0,0.0,0.8,-0.8,0.0,0.5,score
overall,ours_refined,0.8946666666666667,1.0755555555555556,4500,2025-08-08T11:59:14,sweep_sizenew,21,0.1,10000,9000,1.0,0.0,0.0,0.5,[0.5],0.5,1.0,-1.0,0.0,0.8,-0.8,0.0,0.5,score
easy_new,ours_refined,0.8968824940047961,1.0664611168208291,2919,2025-08-08T11:59:14,sweep_sizenew,21,0.1,10000,9000,1.0,0.0,0.0,0.5,[0.5],0.5,1.0,-1.0,0.0,0.8,-0.8,0.0,0.5,score
hard_new,ours_refined,0.8905755850727388,1.092346616065781,1581,2025-08-08T11:59:14,sweep_sizenew,21,0.1,10000,9000,1.0,0.0,0.0,0.5,[0.5],0.5,1.0,-1.0,0.0,0.8,-0.8,0.0,0.5,score
overall,ours_refined,0.92,1.144,500,2025-08-08T11:59:16,sweep_sizenew,27,0.1,10000,1000,1.0,0.0,0.0,0.5,[0.5],0.5,1.0,-1.0,0.0,0.8,-0.8,0.0,0.5,score
easy_new,ours_refined,0.9115853658536586,1.1402439024390243,328,2025-08-08T11:59:16,sweep_sizenew,27,0.1,10000,1000,1.0,0.0,0.0,0.5,[0.5],0.5,1.0,-1.0,0.0,0.8,-0.8,0.0,0.5,score
hard_new,ours_refined,0.936046511627907,1.1511627906976745,172,2025-08-08T11:59:16,sweep_sizenew,27,0.1,10000,1000,1.0,0.0,0.0,0.5,[0.5],0.5,1.0,-1.0,0.0,0.8,-0.8,0.0,0.5,score
overall,ours_refined,0.878,1.04,500,2025-08-08T11:59:16,sweep_sizenew,24,0.1,10000,1000,1.0,0.0,0.0,0.5,[0.5],0.5,1.0,-1.0,0.0,0.8,-0.8,0.0,0.5,score
easy_new,ours_refined,0.8605341246290801,1.0385756676557865,337,2025-08-08T11:59:16,sweep_sizenew,24,0.1,10000,1000,1.0,0.0,0.0,0.5,[0.5],0.5,1.0,-1.0,0.0,0.8,-0.8,0.0,0.5,score
hard_new,ours_refined,0.9141104294478528,1.0429447852760736,163,2025-08-08T11:59:16,sweep_sizenew,24,0.1,10000,1000,1.0,0.0,0.0,0.5,[0.5],0.5,1.0,-1.0,0.0,0.8,-0.8,0.0,0.5,score
overall,ours_refined,0.882,1.082,500,2025-08-08T11:59:16,sweep_sizenew,35,0.1,10000,1000,1.0,0.0,0.0,0.5,[0.5],0.5,1.0,-1.0,0.0,0.8,-0.8,0.0,0.5,score
easy_new,ours_refined,0.8956521739130435,1.0898550724637681,345,2025-08-08T11:59:16,sweep_sizenew,35,0.1,10000,1000,1.0,0.0,0.0,0.5,[0.5],0.5,1.0,-1.0,0.0,0.8,-0.8,0.0,0.5,score
hard_new,ours_refined,0.8516129032258064,1.064516129032258,155,2025-08-08T11:59:16,sweep_sizenew,35,0.1,10000,1000,1.0,0.0,0.0,0.5,[0.5],0.5,1.0,-1.0,0.0,0.8,-0.8,0.0,0.5,score
overall,ours_refined,0.916,1.102,500,2025-08-08T11:59:16,sweep_sizenew,30,0.1,10000,1000,1.0,0.0,0.0,0.5,[0.5],0.5,1.0,-1.0,0.0,0.8,-0.8,0.0,0.5,score
easy_new,ours_refined,0.9151515151515152,1.096969696969697,330,2025-08-08T11:59:16,sweep_sizenew,30,0.1,10000,1000,1.0,0.0,0.0,0.5,[0.5],0.5,1.0,-1.0,0.0,0.8,-0.8,0.0,0.5,score
hard_new,ours_refined,0.9176470588235294,1.111764705882353,170,2025-08-08T11:59:16,sweep_sizenew,30,0.1,10000,1000,1.0,0.0,0.0,0.5,[0.5],0.5,1.0,-1.0,0.0,0.8,-0.8,0.0,0.5,score
overall,ours_refined,0.896,1.06,500,2025-08-08T11:59:16,sweep_sizenew,29,0.1,10000,1000,1.0,0.0,0.0,0.5,[0.5],0.5,1.0,-1.0,0.0,0.8,-0.8,0.0,0.5,score
easy_new,ours_refined,0.8875739644970414,1.0591715976331362,338,2025-08-08T11:59:16,sweep_sizenew,29,0.1,10000,1000,1.0,0.0,0.0,0.5,[0.5],0.5,1.0,-1.0,0.0,0.8,-0.8,0.0,0.5,score
hard_new,ours_refined,0.9135802469135802,1.0617283950617284,162,2025-08-08T11:59:16,sweep_sizenew,29,0.1,10000,1000,1.0,0.0,0.0,0.5,[0.5],0.5,1.0,-1.0,0.0,0.8,-0.8,0.0,0.5,score
overall,ours_refined,0.888,1.04,500,2025-08-08T11:59:17,sweep_sizenew,25,0.1,10000,1000,1.0,0.0,0.0,0.5,[0.5],0.5,1.0,-1.0,0.0,0.8,-0.8,0.0,0.5,score
easy_new,ours_refined,0.8892215568862275,1.032934131736527,334,2025-08-08T11:59:17,sweep_sizenew,25,0.1,10000,1000,1.0,0.0,0.0,0.5,[0.5],0.5,1.0,-1.0,0.0,0.8,-0.8,0.0,0.5,score
hard_new,ours_refined,0.8855421686746988,1.0542168674698795,166,2025-08-08T11:59:17,sweep_sizenew,25,0.1,10000,1000,1.0,0.0,0.0,0.5,[0.5],0.5,1.0,-1.0,0.0,0.8,-0.8,0.0,0.5,score
overall,ours_refined,0.915,1.1075,400,2025-08-08T11:59:17,sweep_sizenew,40,0.1,10000,800,1.0,0.0,0.0,0.5,[0.5],0.5,1.0,-1.0,0.0,0.8,-0.8,0.0,0.5,score
easy_new,ours_refined,0.9272030651340997,1.0996168582375478,261,2025-08-08T11:59:17,sweep_sizenew,40,0.1,10000,800,1.0,0.0,0.0,0.5,[0.5],0.5,1.0,-1.0,0.0,0.8,-0.8,0.0,0.5,score
hard_new,ours_refined,0.8920863309352518,1.1223021582733812,139,2025-08-08T11:59:17,sweep_sizenew,40,0.1,10000,800,1.0,0.0,0.0,0.5,[0.5],0.5,1.0,-1.0,0.0,0.8,-0.8,0.0,0.5,score
overall,ours_refined,0.912,1.098,500,2025-08-08T11:59:17,sweep_sizenew,34,0.1,10000,1000,1.0,0.0,0.0,0.5,[0.5],0.5,1.0,-1.0,0.0,0.8,-0.8,0.0,0.5,score
easy_new,ours_refined,0.9099378881987578,1.0807453416149069,322,2025-08-08T11:59:17,sweep_sizenew,34,0.1,10000,1000,1.0,0.0,0.0,0.5,[0.5],0.5,1.0,-1.0,0.0,0.8,-0.8,0.0,0.5,score
hard_new,ours_refined,0.9157303370786517,1.1292134831460674,178,2025-08-08T11:59:17,sweep_sizenew,34,0.1,10000,1000,1.0,0.0,0.0,0.5,[0.5],0.5,1.0,-1.0,0.0,0.8,-0.8,0.0,0.5,score
overall,ours_refined,0.9125,1.0875,400,2025-08-08T11:59:17,sweep_sizenew,39,0.1,10000,800,1.0,0.0,0.0,0.5,[0.5],0.5,1.0,-1.0,0.0,0.8,-0.8,0.0,0.5,score
easy_new,ours_refined,0.9188191881918819,1.081180811808118,271,2025-08-08T11:59:17,sweep_sizenew,39,0.1,10000,800,1.0,0.0,0.0,0.5,[0.5],0.5,1.0,-1.0,0.0,0.8,-0.8,0.0,0.5,score
hard_new,ours_refined,0.8992248062015504,1.1007751937984496,129,2025-08-08T11:59:17,sweep_sizenew,39,0.1,10000,800,1.0,0.0,0.0,0.5,[0.5],0.5,1.0,-1.0,0.0,0.8,-0.8,0.0,0.5,score
overall,ours_refined,0.91,1.09,500,2025-08-08T11:59:17,sweep_sizenew,31,0.1,10000,1000,1.0,0.0,0.0,0.5,[0.5],0.5,1.0,-1.0,0.0,0.8,-0.8,0.0,0.5,score
easy_new,ours_refined,0.9150943396226415,1.0754716981132075,318,2025-08-08T11:59:17,sweep_sizenew,31,0.1,10000,1000,1.0,0.0,0.0,0.5,[0.5],0.5,1.0,-1.0,0.0,0.8,-0.8,0.0,0.5,score
hard_new,ours_refined,0.9010989010989011,1.1153846153846154,182,2025-08-08T11:59:17,sweep_sizenew,31,0.1,10000,1000,1.0,0.0,0.0,0.5,[0.5],0.5,1.0,-1.0,0.0,0.8,-0.8,0.0,0.5,score
overall,ours_refined,0.9,1.072,500,2025-08-08T11:59:17,sweep_sizenew,28,0.1,10000,1000,1.0,0.0,0.0,0.5,[0.5],0.5,1.0,-1.0,0.0,0.8,-0.8,0.0,0.5,score
easy_new,ours_refined,0.9112426035502958,1.0680473372781065,338,2025-08-08T11:59:17,sweep_sizenew,28,0.1,10000,1000,1.0,0.0,0.0,0.5,[0.5],0.5,1.0,-1.0,0.0,0.8,-0.8,0.0,0.5,score
hard_new,ours_refined,0.8765432098765432,1.0802469135802468,162,2025-08-08T11:59:17,sweep_sizenew,28,0.1,10000,1000,1.0,0.0,0.0,0.5,[0.5],0.5,1.0,-1.0,0.0,0.8,-0.8,0.0,0.5,score
overall,ours_refined,0.8666666666666667,1.0766666666666667,300,2025-08-08T11:59:17,sweep_sizenew,36,0.1,10000,600,1.0,0.0,0.0,0.5,[0.5],0.5,1.0,-1.0,0.0,0.8,-0.8,0.0,0.5,score
easy_new,ours_refined,0.8905472636815921,1.0597014925373134,201,2025-08-08T11:59:17,sweep_sizenew,36,0.1,10000,600,1.0,0.0,0.0,0.5,[0.5],0.5,1.0,-1.0,0.0,0.8,-0.8,0.0,0.5,score
hard_new,ours_refined,0.8181818181818182,1.1111111111111112,99,2025-08-08T11:59:17,sweep_sizenew,36,0.1,10000,600,1.0,0.0,0.0,0.5,[0.5],0.5,1.0,-1.0,0.0,0.8,-0.8,0.0,0.5,score
overall,ours_refined,0.8866666666666667,1.0633333333333332,300,2025-08-08T11:59:17,sweep_sizenew,37,0.1,10000,600,1.0,0.0,0.0,0.5,[0.5],0.5,1.0,-1.0,0.0,0.8,-0.8,0.0,0.5,score
easy_new,ours_refined,0.9024390243902439,1.048780487804878,205,2025-08-08T11:59:17,sweep_sizenew,37,0.1,10000,600,1.0,0.0,0.0,0.5,[0.5],0.5,1.0,-1.0,0.0,0.8,-0.8,0.0,0.5,score
hard_new,ours_refined,0.8526315789473684,1.0947368421052632,95,2025-08-08T11:59:17,sweep_sizenew,37,0.1,10000,600,1.0,0.0,0.0,0.5,[0.5],0.5,1.0,-1.0,0.0,0.8,-0.8,0.0,0.5,score
overall,ours_refined,0.93,1.1666666666666667,300,2025-08-08T11:59:17,sweep_sizenew,38,0.1,10000,600,1.0,0.0,0.0,0.5,[0.5],0.5,1.0,-1.0,0.0,0.8,-0.8,0.0,0.5,score
easy_new,ours_refined,0.9346733668341709,1.1608040201005025,199,2025-08-08T11:59:17,sweep_sizenew,38,0.1,10000,600,1.0,0.0,0.0,0.5,[0.5],0.5,1.0,-1.0,0.0,0.8,-0.8,0.0,0.5,score
hard_new,ours_refined,0.9207920792079208,1.1782178217821782,101,2025-08-08T11:59:17,sweep_sizenew,38,0.1,10000,600,1.0,0.0,0.0,0.5,[0.5],0.5,1.0,-1.0,0.0,0.8,-0.8,0.0,0.5,score
overall,ours_refined,0.89,1.044,500,2025-08-08T11:59:18,sweep_sizenew,32,0.1,10000,1000,1.0,0.0,0.0,0.5,[0.5],0.5,1.0,-1.0,0.0,0.8,-0.8,0.0,0.5,score
easy_new,ours_refined,0.8895522388059701,1.044776119402985,335,2025-08-08T11:59:18,sweep_sizenew,32,0.1,10000,1000,1.0,0.0,0.0,0.5,[0.5],0.5,1.0,-1.0,0.0,0.8,-0.8,0.0,0.5,score
hard_new,ours_refined,0.8909090909090909,1.0424242424242425,165,2025-08-08T11:59:18,sweep_sizenew,32,0.1,10000,1000,1.0,0.0,0.0,0.5,[0.5],0.5,1.0,-1.0,0.0,0.8,-0.8,0.0,0.5,score
overall,ours_refined,0.9166666666666666,1.11,300,2025-08-08T11:59:19,sweep_sizenew,33,0.1,10000,600,1.0,0.0,0.0,0.5,[0.5],0.5,1.0,-1.0,0.0,0.8,-0.8,0.0,0.5,score
easy_new,ours_refined,0.9226804123711341,1.097938144329897,194,2025-08-08T11:59:19,sweep_sizenew,33,0.1,10000,600,1.0,0.0,0.0,0.5,[0.5],0.5,1.0,-1.0,0.0,0.8,-0.8,0.0,0.5,score
hard_new,ours_refined,0.9056603773584906,1.1320754716981132,106,2025-08-08T11:59:19,sweep_sizenew,33,0.1,10000,600,1.0,0.0,0.0,0.5,[0.5],0.5,1.0,-1.0,0.0,0.8,-0.8,0.0,0.5,score
overall,ours_refined,0.8995,1.094,2000,2025-08-08T11:59:20,sweep_sizenew,22,0.1,10000,4000,1.0,0.0,0.0,0.5,[0.5],0.5,1.0,-1.0,0.0,0.8,-0.8,0.0,0.5,score
easy_new,ours_refined,0.908675799086758,1.082191780821918,1314,2025-08-08T11:59:20,sweep_sizenew,22,0.1,10000,4000,1.0,0.0,0.0,0.5,[0.5],0.5,1.0,-1.0,0.0,0.8,-0.8,0.0,0.5,score
hard_new,ours_refined,0.8819241982507289,1.1166180758017492,686,2025-08-08T11:59:20,sweep_sizenew,22,0.1,10000,4000,1.0,0.0,0.0,0.5,[0.5],0.5,1.0,-1.0,0.0,0.8,-0.8,0.0,0.5,score
overall,ours_refined,0.91,1.08,1000,2025-08-08T11:59:21,sweep_sizenew,27,0.1,10000,2000,1.0,0.0,0.0,0.5,[0.5],0.5,1.0,-1.0,0.0,0.8,-0.8,0.0,0.5,score
easy_new,ours_refined,0.909375,1.0765625,640,2025-08-08T11:59:21,sweep_sizenew,27,0.1,10000,2000,1.0,0.0,0.0,0.5,[0.5],0.5,1.0,-1.0,0.0,0.8,-0.8,0.0,0.5,score
hard_new,ours_refined,0.9111111111111111,1.086111111111111,360,2025-08-08T11:59:21,sweep_sizenew,27,0.1,10000,2000,1.0,0.0,0.0,0.5,[0.5],0.5,1.0,-1.0,0.0,0.8,-0.8,0.0,0.5,score
overall,ours_refined,0.909,1.109,1000,2025-08-08T11:59:21,sweep_sizenew,24,0.1,10000,2000,1.0,0.0,0.0,0.5,[0.5],0.5,1.0,-1.0,0.0,0.8,-0.8,0.0,0.5,score
easy_new,ours_refined,0.9221556886227545,1.1017964071856288,668,2025-08-08T11:59:21,sweep_sizenew,24,0.1,10000,2000,1.0,0.0,0.0,0.5,[0.5],0.5,1.0,-1.0,0.0,0.8,-0.8,0.0,0.5,score
hard_new,ours_refined,0.8825301204819277,1.1234939759036144,332,2025-08-08T11:59:21,sweep_sizenew,24,0.1,10000,2000,1.0,0.0,0.0,0.5,[0.5],0.5,1.0,-1.0,0.0,0.8,-0.8,0.0,0.5,score
overall,ours_refined,0.893,1.064,1000,2025-08-08T11:59:22,sweep_sizenew,35,0.1,10000,2000,1.0,0.0,0.0,0.5,[0.5],0.5,1.0,-1.0,0.0,0.8,-0.8,0.0,0.5,score
easy_new,ours_refined,0.8904109589041096,1.0532724505327244,657,2025-08-08T11:59:22,sweep_sizenew,35,0.1,10000,2000,1.0,0.0,0.0,0.5,[0.5],0.5,1.0,-1.0,0.0,0.8,-0.8,0.0,0.5,score
hard_new,ours_refined,0.8979591836734694,1.0845481049562682,343,2025-08-08T11:59:22,sweep_sizenew,35,0.1,10000,2000,1.0,0.0,0.0,0.5,[0.5],0.5,1.0,-1.0,0.0,0.8,-0.8,0.0,0.5,score
overall,ours_refined,0.922,1.133,1000,2025-08-08T11:59:22,sweep_sizenew,30,0.1,10000,2000,1.0,0.0,0.0,0.5,[0.5],0.5,1.0,-1.0,0.0,0.8,-0.8,0.0,0.5,score
easy_new,ours_refined,0.9227340267459139,1.1069836552748886,673,2025-08-08T11:59:22,sweep_sizenew,30,0.1,10000,2000,1.0,0.0,0.0,0.5,[0.5],0.5,1.0,-1.0,0.0,0.8,-0.8,0.0,0.5,score
hard_new,ours_refined,0.9204892966360856,1.1865443425076452,327,2025-08-08T11:59:22,sweep_sizenew,30,0.1,10000,2000,1.0,0.0,0.0,0.5,[0.5],0.5,1.0,-1.0,0.0,0.8,-0.8,0.0,0.5,score
overall,ours_refined,0.89,1.058,1000,2025-08-08T11:59:22,sweep_sizenew,29,0.1,10000,2000,1.0,0.0,0.0,0.5,[0.5],0.5,1.0,-1.0,0.0,0.8,-0.8,0.0,0.5,score
easy_new,ours_refined,0.8806646525679759,1.051359516616314,662,2025-08-08T11:59:22,sweep_sizenew,29,0.1,10000,2000,1.0,0.0,0.0,0.5,[0.5],0.5,1.0,-1.0,0.0,0.8,-0.8,0.0,0.5,score
hard_new,ours_refined,0.908284023668639,1.0710059171597632,338,2025-08-08T11:59:22,sweep_sizenew,29,0.1,10000,2000,1.0,0.0,0.0,0.5,[0.5],0.5,1.0,-1.0,0.0,0.8,-0.8,0.0,0.5,score
overall,ours_refined,0.8955,1.0695,2000,2025-08-08T11:59:22,sweep_sizenew,23,0.1,10000,4000,1.0,0.0,0.0,0.5,[0.5],0.5,1.0,-1.0,0.0,0.8,-0.8,0.0,0.5,score
easy_new,ours_refined,0.90234375,1.07109375,1280,2025-08-08T11:59:22,sweep_sizenew,23,0.1,10000,4000,1.0,0.0,0.0,0.5,[0.5],0.5,1.0,-1.0,0.0,0.8,-0.8,0.0,0.5,score
hard_new,ours_refined,0.8833333333333333,1.0666666666666667,720,2025-08-08T11:59:22,sweep_sizenew,23,0.1,10000,4000,1.0,0.0,0.0,0.5,[0.5],0.5,1.0,-1.0,0.0,0.8,-0.8,0.0,0.5,score
overall,ours_refined,0.908,1.113,1000,2025-08-08T11:59:22,sweep_sizenew,25,0.1,10000,2000,1.0,0.0,0.0,0.5,[0.5],0.5,1.0,-1.0,0.0,0.8,-0.8,0.0,0.5,score
easy_new,ours_refined,0.9066874027993779,1.1026438569206842,643,2025-08-08T11:59:22,sweep_sizenew,25,0.1,10000,2000,1.0,0.0,0.0,0.5,[0.5],0.5,1.0,-1.0,0.0,0.8,-0.8,0.0,0.5,score
hard_new,ours_refined,0.9103641456582633,1.1316526610644257,357,2025-08-08T11:59:22,sweep_sizenew,25,0.1,10000,2000,1.0,0.0,0.0,0.5,[0.5],0.5,1.0,-1.0,0.0,0.8,-0.8,0.0,0.5,score
overall,ours_refined,0.913,1.091,1000,2025-08-08T11:59:23,sweep_sizenew,34,0.1,10000,2000,1.0,0.0,0.0,0.5,[0.5],0.5,1.0,-1.0,0.0,0.8,-0.8,0.0,0.5,score
easy_new,ours_refined,0.918960244648318,1.0672782874617737,654,2025-08-08T11:59:23,sweep_sizenew,34,0.1,10000,2000,1.0,0.0,0.0,0.5,[0.5],0.5,1.0,-1.0,0.0,0.8,-0.8,0.0,0.5,score
hard_new,ours_refined,0.9017341040462428,1.1358381502890174,346,2025-08-08T11:59:23,sweep_sizenew,34,0.1,10000,2000,1.0,0.0,0.0,0.5,[0.5],0.5,1.0,-1.0,0.0,0.8,-0.8,0.0,0.5,score
overall,ours_refined,0.907,1.148,1000,2025-08-08T11:59:23,sweep_sizenew,28,0.1,10000,2000,1.0,0.0,0.0,0.5,[0.5],0.5,1.0,-1.0,0.0,0.8,-0.8,0.0,0.5,score
easy_new,ours_refined,0.9161490683229814,1.1226708074534162,644,2025-08-08T11:59:23,sweep_sizenew,28,0.1,10000,2000,1.0,0.0,0.0,0.5,[0.5],0.5,1.0,-1.0,0.0,0.8,-0.8,0.0,0.5,score
hard_new,ours_refined,0.8904494382022472,1.1938202247191012,356,2025-08-08T11:59:23,sweep_sizenew,28,0.1,10000,2000,1.0,0.0,0.0,0.5,[0.5],0.5,1.0,-1.0,0.0,0.8,-0.8,0.0,0.5,score
overall,ours_refined,0.882,1.075,1000,2025-08-08T11:59:23,sweep_sizenew,31,0.1,10000,2000,1.0,0.0,0.0,0.5,[0.5],0.5,1.0,-1.0,0.0,0.8,-0.8,0.0,0.5,score
easy_new,ours_refined,0.8941717791411042,1.0659509202453987,652,2025-08-08T11:59:23,sweep_sizenew,31,0.1,10000,2000,1.0,0.0,0.0,0.5,[0.5],0.5,1.0,-1.0,0.0,0.8,-0.8,0.0,0.5,score
hard_new,ours_refined,0.8591954022988506,1.0919540229885059,348,2025-08-08T11:59:23,sweep_sizenew,31,0.1,10000,2000,1.0,0.0,0.0,0.5,[0.5],0.5,1.0,-1.0,0.0,0.8,-0.8,0.0,0.5,score
overall,ours_refined,0.904,1.116,500,2025-08-08T11:59:23,sweep_sizenew,40,0.1,10000,1000,1.0,0.0,0.0,0.5,[0.5],0.5,1.0,-1.0,0.0,0.8,-0.8,0.0,0.5,score
easy_new,ours_refined,0.9088145896656535,1.1063829787234043,329,2025-08-08T11:59:23,sweep_sizenew,40,0.1,10000,1000,1.0,0.0,0.0,0.5,[0.5],0.5,1.0,-1.0,0.0,0.8,-0.8,0.0,0.5,score
hard_new,ours_refined,0.8947368421052632,1.1345029239766082,171,2025-08-08T11:59:23,sweep_sizenew,40,0.1,10000,1000,1.0,0.0,0.0,0.5,[0.5],0.5,1.0,-1.0,0.0,0.8,-0.8,0.0,0.5,score
overall,ours_refined,0.924,1.118,500,2025-08-08T11:59:23,sweep_sizenew,39,0.1,10000,1000,1.0,0.0,0.0,0.5,[0.5],0.5,1.0,-1.0,0.0,0.8,-0.8,0.0,0.5,score
easy_new,ours_refined,0.9212121212121213,1.121212121212121,330,2025-08-08T11:59:23,sweep_sizenew,39,0.1,10000,1000,1.0,0.0,0.0,0.5,[0.5],0.5,1.0,-1.0,0.0,0.8,-0.8,0.0,0.5,score
hard_new,ours_refined,0.9294117647058824,1.111764705882353,170,2025-08-08T11:59:23,sweep_sizenew,39,0.1,10000,1000,1.0,0.0,0.0,0.5,[0.5],0.5,1.0,-1.0,0.0,0.8,-0.8,0.0,0.5,score
overall,ours_refined,0.88,1.0625,400,2025-08-08T11:59:23,sweep_sizenew,36,0.1,10000,800,1.0,0.0,0.0,0.5,[0.5],0.5,1.0,-1.0,0.0,0.8,-0.8,0.0,0.5,score
easy_new,ours_refined,0.8726591760299626,1.048689138576779,267,2025-08-08T11:59:23,sweep_sizenew,36,0.1,10000,800,1.0,0.0,0.0,0.5,[0.5],0.5,1.0,-1.0,0.0,0.8,-0.8,0.0,0.5,score
hard_new,ours_refined,0.8947368421052632,1.0902255639097744,133,2025-08-08T11:59:23,sweep_sizenew,36,0.1,10000,800,1.0,0.0,0.0,0.5,[0.5],0.5,1.0,-1.0,0.0,0.8,-0.8,0.0,0.5,score
overall,ours_refined,0.9075,1.075,400,2025-08-08T11:59:23,sweep_sizenew,38,0.1,10000,800,1.0,0.0,0.0,0.5,[0.5],0.5,1.0,-1.0,0.0,0.8,-0.8,0.0,0.5,score
easy_new,ours_refined,0.9123505976095617,1.0756972111553784,251,2025-08-08T11:59:23,sweep_sizenew,38,0.1,10000,800,1.0,0.0,0.0,0.5,[0.5],0.5,1.0,-1.0,0.0,0.8,-0.8,0.0,0.5,score
hard_new,ours_refined,0.8993288590604027,1.0738255033557047,149,2025-08-08T11:59:23,sweep_sizenew,38,0.1,10000,800,1.0,0.0,0.0,0.5,[0.5],0.5,1.0,-1.0,0.0,0.8,-0.8,0.0,0.5,score
overall,ours_refined,0.8875,1.1125,400,2025-08-08T11:59:23,sweep_sizenew,37,0.1,10000,800,1.0,0.0,0.0,0.5,[0.5],0.5,1.0,-1.0,0.0,0.8,-0.8,0.0,0.5,score
easy_new,ours_refined,0.8847583643122676,1.096654275092937,269,2025-08-08T11:59:23,sweep_sizenew,37,0.1,10000,800,1.0,0.0,0.0,0.5,[0.5],0.5,1.0,-1.0,0.0,0.8,-0.8,0.0,0.5,score
hard_new,ours_refined,0.8931297709923665,1.1450381679389312,131,2025-08-08T11:59:23,sweep_sizenew,37,0.1,10000,800,1.0,0.0,0.0,0.5,[0.5],0.5,1.0,-1.0,0.0,0.8,-0.8,0.0,0.5,score
overall,ours_refined,0.9,1.104,1000,2025-08-08T11:59:24,sweep_sizenew,32,0.1,10000,2000,1.0,0.0,0.0,0.5,[0.5],0.5,1.0,-1.0,0.0,0.8,-0.8,0.0,0.5,score
easy_new,ours_refined,0.8978102189781022,1.091970802919708,685,2025-08-08T11:59:24,sweep_sizenew,32,0.1,10000,2000,1.0,0.0,0.0,0.5,[0.5],0.5,1.0,-1.0,0.0,0.8,-0.8,0.0,0.5,score
hard_new,ours_refined,0.9047619047619048,1.1301587301587301,315,2025-08-08T11:59:24,sweep_sizenew,32,0.1,10000,2000,1.0,0.0,0.0,0.5,[0.5],0.5,1.0,-1.0,0.0,0.8,-0.8,0.0,0.5,score
overall,ours_refined,0.9056,1.1158,5000,2025-08-08T11:59:25,sweep_sizenew,21,0.1,10000,10000,1.0,0.0,0.0,0.5,[0.5],0.5,1.0,-1.0,0.0,0.8,-0.8,0.0,0.5,score
easy_new,ours_refined,0.9095907147220526,1.0995723885155773,3274,2025-08-08T11:59:25,sweep_sizenew,21,0.1,10000,10000,1.0,0.0,0.0,0.5,[0.5],0.5,1.0,-1.0,0.0,0.8,-0.8,0.0,0.5,score
hard_new,ours_refined,0.8980301274623407,1.1465816917728853,1726,2025-08-08T11:59:25,sweep_sizenew,21,0.1,10000,10000,1.0,0.0,0.0,0.5,[0.5],0.5,1.0,-1.0,0.0,0.8,-0.8,0.0,0.5,score
overall,ours_refined,0.86,0.9,50,2025-08-08T11:59:27,sweep_sizenew,43,0.1,10000,100,1.0,0.0,0.0,0.5,[0.5],0.5,1.0,-1.0,0.0,0.8,-0.8,0.0,0.5,score
easy_new,ours_refined,0.8666666666666667,0.9,30,2025-08-08T11:59:27,sweep_sizenew,43,0.1,10000,100,1.0,0.0,0.0,0.5,[0.5],0.5,1.0,-1.0,0.0,0.8,-0.8,0.0,0.5,score
hard_new,ours_refined,0.85,0.9,20,2025-08-08T11:59:27,sweep_sizenew,43,0.1,10000,100,1.0,0.0,0.0,0.5,[0.5],0.5,1.0,-1.0,0.0,0.8,-0.8,0.0,0.5,score
overall,ours_refined,0.9,1.02,50,2025-08-08T11:59:27,sweep_sizenew,44,0.1,10000,100,1.0,0.0,0.0,0.5,[0.5],0.5,1.0,-1.0,0.0,0.8,-0.8,0.0,0.5,score
easy_new,ours_refined,0.9259259259259259,1.037037037037037,27,2025-08-08T11:59:27,sweep_sizenew,44,0.1,10000,100,1.0,0.0,0.0,0.5,[0.5],0.5,1.0,-1.0,0.0,0.8,-0.8,0.0,0.5,score
hard_new,ours_refined,0.8695652173913043,1.0,23,2025-08-08T11:59:27,sweep_sizenew,44,0.1,10000,100,1.0,0.0,0.0,0.5,[0.5],0.5,1.0,-1.0,0.0,0.8,-0.8,0.0,0.5,score
overall,ours_refined,0.87,1.0,400,2025-08-08T11:59:27,sweep_sizenew,33,0.1,10000,800,1.0,0.0,0.0,0.5,[0.5],0.5,1.0,-1.0,0.0,0.8,-0.8,0.0,0.5,score
easy_new,ours_refined,0.8829787234042553,1.0,282,2025-08-08T11:59:27,sweep_sizenew,33,0.1,10000,800,1.0,0.0,0.0,0.5,[0.5],0.5,1.0,-1.0,0.0,0.8,-0.8,0.0,0.5,score
hard_new,ours_refined,0.8389830508474576,1.0,118,2025-08-08T11:59:27,sweep_sizenew,33,0.1,10000,800,1.0,0.0,0.0,0.5,[0.5],0.5,1.0,-1.0,0.0,0.8,-0.8,0.0,0.5,score
overall,ours_refined,0.9146666666666666,1.1186666666666667,1500,2025-08-08T11:59:27,sweep_sizenew,27,0.1,10000,3000,1.0,0.0,0.0,0.5,[0.5],0.5,1.0,-1.0,0.0,0.8,-0.8,0.0,0.5,score
easy_new,ours_refined,0.921765295887663,1.1053159478435306,997,2025-08-08T11:59:27,sweep_sizenew,27,0.1,10000,3000,1.0,0.0,0.0,0.5,[0.5],0.5,1.0,-1.0,0.0,0.8,-0.8,0.0,0.5,score
hard_new,ours_refined,0.9005964214711729,1.1451292246520874,503,2025-08-08T11:59:27,sweep_sizenew,27,0.1,10000,3000,1.0,0.0,0.0,0.5,[0.5],0.5,1.0,-1.0,0.0,0.8,-0.8,0.0,0.5,score
overall,ours_refined,0.8973333333333333,1.108,1500,2025-08-08T11:59:28,sweep_sizenew,24,0.1,10000,3000,1.0,0.0,0.0,0.5,[0.5],0.5,1.0,-1.0,0.0,0.8,-0.8,0.0,0.5,score
easy_new,ours_refined,0.8983739837398373,1.1046747967479675,984,2025-08-08T11:59:28,sweep_sizenew,24,0.1,10000,3000,1.0,0.0,0.0,0.5,[0.5],0.5,1.0,-1.0,0.0,0.8,-0.8,0.0,0.5,score
hard_new,ours_refined,0.8953488372093024,1.1143410852713178,516,2025-08-08T11:59:28,sweep_sizenew,24,0.1,10000,3000,1.0,0.0,0.0,0.5,[0.5],0.5,1.0,-1.0,0.0,0.8,-0.8,0.0,0.5,score
overall,ours_refined,0.9033333333333333,1.0926666666666667,1500,2025-08-08T11:59:28,sweep_sizenew,35,0.1,10000,3000,1.0,0.0,0.0,0.5,[0.5],0.5,1.0,-1.0,0.0,0.8,-0.8,0.0,0.5,score
easy_new,ours_refined,0.8992878942014242,1.0712105798575788,983,2025-08-08T11:59:28,sweep_sizenew,35,0.1,10000,3000,1.0,0.0,0.0,0.5,[0.5],0.5,1.0,-1.0,0.0,0.8,-0.8,0.0,0.5,score
hard_new,ours_refined,0.9110251450676983,1.1334622823984526,517,2025-08-08T11:59:28,sweep_sizenew,35,0.1,10000,3000,1.0,0.0,0.0,0.5,[0.5],0.5,1.0,-1.0,0.0,0.8,-0.8,0.0,0.5,score
overall,ours_refined,0.894,1.0766666666666667,1500,2025-08-08T11:59:28,sweep_sizenew,30,0.1,10000,3000,1.0,0.0,0.0,0.5,[0.5],0.5,1.0,-1.0,0.0,0.8,-0.8,0.0,0.5,score
easy_new,ours_refined,0.8883196721311475,1.0573770491803278,976,2025-08-08T11:59:28,sweep_sizenew,30,0.1,10000,3000,1.0,0.0,0.0,0.5,[0.5],0.5,1.0,-1.0,0.0,0.8,-0.8,0.0,0.5,score
hard_new,ours_refined,0.9045801526717557,1.1125954198473282,524,2025-08-08T11:59:28,sweep_sizenew,30,0.1,10000,3000,1.0,0.0,0.0,0.5,[0.5],0.5,1.0,-1.0,0.0,0.8,-0.8,0.0,0.5,score
overall,ours_refined,0.9193333333333333,1.0926666666666667,1500,2025-08-08T11:59:28,sweep_sizenew,29,0.1,10000,3000,1.0,0.0,0.0,0.5,[0.5],0.5,1.0,-1.0,0.0,0.8,-0.8,0.0,0.5,score
easy_new,ours_refined,0.9218436873747495,1.0781563126252505,998,2025-08-08T11:59:28,sweep_sizenew,29,0.1,10000,3000,1.0,0.0,0.0,0.5,[0.5],0.5,1.0,-1.0,0.0,0.8,-0.8,0.0,0.5,score
hard_new,ours_refined,0.9143426294820717,1.1215139442231075,502,2025-08-08T11:59:28,sweep_sizenew,29,0.1,10000,3000,1.0,0.0,0.0,0.5,[0.5],0.5,1.0,-1.0,0.0,0.8,-0.8,0.0,0.5,score
overall,ours_refined,0.94,1.22,50,2025-08-08T11:59:28,sweep_sizenew,51,0.1,10000,100,1.0,0.0,0.0,0.5,[0.5],0.5,1.0,-1.0,0.0,0.8,-0.8,0.0,0.5,score
easy_new,ours_refined,0.9428571428571428,1.1428571428571428,35,2025-08-08T11:59:28,sweep_sizenew,51,0.1,10000,100,1.0,0.0,0.0,0.5,[0.5],0.5,1.0,-1.0,0.0,0.8,-0.8,0.0,0.5,score
hard_new,ours_refined,0.9333333333333333,1.4,15,2025-08-08T11:59:28,sweep_sizenew,51,0.1,10000,100,1.0,0.0,0.0,0.5,[0.5],0.5,1.0,-1.0,0.0,0.8,-0.8,0.0,0.5,score
overall,ours_refined,0.8906666666666667,1.0666666666666667,1500,2025-08-08T11:59:29,sweep_sizenew,25,0.1,10000,3000,1.0,0.0,0.0,0.5,[0.5],0.5,1.0,-1.0,0.0,0.8,-0.8,0.0,0.5,score
easy_new,ours_refined,0.8920940170940171,1.063034188034188,936,2025-08-08T11:59:29,sweep_sizenew,25,0.1,10000,3000,1.0,0.0,0.0,0.5,[0.5],0.5,1.0,-1.0,0.0,0.8,-0.8,0.0,0.5,score
hard_new,ours_refined,0.8882978723404256,1.072695035460993,564,2025-08-08T11:59:29,sweep_sizenew,25,0.1,10000,3000,1.0,0.0,0.0,0.5,[0.5],0.5,1.0,-1.0,0.0,0.8,-0.8,0.0,0.5,score
overall,ours_refined,0.96,1.2,50,2025-08-08T11:59:29,sweep_sizenew,49,0.1,10000,100,1.0,0.0,0.0,0.5,[0.5],0.5,1.0,-1.0,0.0,0.8,-0.8,0.0,0.5,score
easy_new,ours_refined,0.967741935483871,1.2258064516129032,31,2025-08-08T11:59:29,sweep_sizenew,49,0.1,10000,100,1.0,0.0,0.0,0.5,[0.5],0.5,1.0,-1.0,0.0,0.8,-0.8,0.0,0.5,score
hard_new,ours_refined,0.9473684210526315,1.1578947368421053,19,2025-08-08T11:59:29,sweep_sizenew,49,0.1,10000,100,1.0,0.0,0.0,0.5,[0.5],0.5,1.0,-1.0,0.0,0.8,-0.8,0.0,0.5,score
overall,ours_refined,0.8906666666666667,1.0646666666666667,1500,2025-08-08T11:59:29,sweep_sizenew,34,0.1,10000,3000,1.0,0.0,0.0,0.5,[0.5],0.5,1.0,-1.0,0.0,0.8,-0.8,0.0,0.5,score
easy_new,ours_refined,0.8924180327868853,1.0604508196721312,976,2025-08-08T11:59:29,sweep_sizenew,34,0.1,10000,3000,1.0,0.0,0.0,0.5,[0.5],0.5,1.0,-1.0,0.0,0.8,-0.8,0.0,0.5,score
hard_new,ours_refined,0.8874045801526718,1.0725190839694656,524,2025-08-08T11:59:29,sweep_sizenew,34,0.1,10000,3000,1.0,0.0,0.0,0.5,[0.5],0.5,1.0,-1.0,0.0,0.8,-0.8,0.0,0.5,score
overall,ours_refined,0.892,1.0646666666666667,1500,2025-08-08T11:59:29,sweep_sizenew,28,0.1,10000,3000,1.0,0.0,0.0,0.5,[0.5],0.5,1.0,-1.0,0.0,0.8,-0.8,0.0,0.5,score
easy_new,ours_refined,0.8978978978978979,1.067067067067067,999,2025-08-08T11:59:29,sweep_sizenew,28,0.1,10000,3000,1.0,0.0,0.0,0.5,[0.5],0.5,1.0,-1.0,0.0,0.8,-0.8,0.0,0.5,score
hard_new,ours_refined,0.8802395209580839,1.0598802395209581,501,2025-08-08T11:59:29,sweep_sizenew,28,0.1,10000,3000,1.0,0.0,0.0,0.5,[0.5],0.5,1.0,-1.0,0.0,0.8,-0.8,0.0,0.5,score
overall,ours_refined,0.9006666666666666,1.064,1500,2025-08-08T11:59:29,sweep_sizenew,31,0.1,10000,3000,1.0,0.0,0.0,0.5,[0.5],0.5,1.0,-1.0,0.0,0.8,-0.8,0.0,0.5,score
easy_new,ours_refined,0.9093686354378818,1.0580448065173116,982,2025-08-08T11:59:29,sweep_sizenew,31,0.1,10000,3000,1.0,0.0,0.0,0.5,[0.5],0.5,1.0,-1.0,0.0,0.8,-0.8,0.0,0.5,score
hard_new,ours_refined,0.8841698841698842,1.0752895752895753,518,2025-08-08T11:59:29,sweep_sizenew,31,0.1,10000,3000,1.0,0.0,0.0,0.5,[0.5],0.5,1.0,-1.0,0.0,0.8,-0.8,0.0,0.5,score
overall,ours_refined,0.8944,1.064,2500,2025-08-08T11:59:29,sweep_sizenew,22,0.1,10000,5000,1.0,0.0,0.0,0.5,[0.5],0.5,1.0,-1.0,0.0,0.8,-0.8,0.0,0.5,score
easy_new,ours_refined,0.8966966966966967,1.0642642642642643,1665,2025-08-08T11:59:29,sweep_sizenew,22,0.1,10000,5000,1.0,0.0,0.0,0.5,[0.5],0.5,1.0,-1.0,0.0,0.8,-0.8,0.0,0.5,score
hard_new,ours_refined,0.8898203592814371,1.0634730538922155,835,2025-08-08T11:59:29,sweep_sizenew,22,0.1,10000,5000,1.0,0.0,0.0,0.5,[0.5],0.5,1.0,-1.0,0.0,0.8,-0.8,0.0,0.5,score
overall,ours_refined,0.86,1.06,50,2025-08-08T11:59:29,sweep_sizenew,52,0.1,10000,100,1.0,0.0,0.0,0.5,[0.5],0.5,1.0,-1.0,0.0,0.8,-0.8,0.0,0.5,score
easy_new,ours_refined,0.8571428571428571,1.0285714285714285,35,2025-08-08T11:59:29,sweep_sizenew,52,0.1,10000,100,1.0,0.0,0.0,0.5,[0.5],0.5,1.0,-1.0,0.0,0.8,-0.8,0.0,0.5,score
hard_new,ours_refined,0.8666666666666667,1.1333333333333333,15,2025-08-08T11:59:29,sweep_sizenew,52,0.1,10000,100,1.0,0.0,0.0,0.5,[0.5],0.5,1.0,-1.0,0.0,0.8,-0.8,0.0,0.5,score
overall,ours_refined,0.96,1.14,50,2025-08-08T11:59:29,sweep_sizenew,42,0.1,10000,100,1.0,0.0,0.0,0.5,[0.5],0.5,1.0,-1.0,0.0,0.8,-0.8,0.0,0.5,score
easy_new,ours_refined,0.9354838709677419,1.064516129032258,31,2025-08-08T11:59:29,sweep_sizenew,42,0.1,10000,100,1.0,0.0,0.0,0.5,[0.5],0.5,1.0,-1.0,0.0,0.8,-0.8,0.0,0.5,score
hard_new,ours_refined,1.0,1.263157894736842,19,2025-08-08T11:59:29,sweep_sizenew,42,0.1,10000,100,1.0,0.0,0.0,0.5,[0.5],0.5,1.0,-1.0,0.0,0.8,-0.8,0.0,0.5,score
overall,ours_refined,0.82,0.88,50,2025-08-08T11:59:30,sweep_sizenew,50,0.1,10000,100,1.0,0.0,0.0,0.5,[0.5],0.5,1.0,-1.0,0.0,0.8,-0.8,0.0,0.5,score
easy_new,ours_refined,0.8611111111111112,0.8888888888888888,36,2025-08-08T11:59:30,sweep_sizenew,50,0.1,10000,100,1.0,0.0,0.0,0.5,[0.5],0.5,1.0,-1.0,0.0,0.8,-0.8,0.0,0.5,score
hard_new,ours_refined,0.7142857142857143,0.8571428571428571,14,2025-08-08T11:59:30,sweep_sizenew,50,0.1,10000,100,1.0,0.0,0.0,0.5,[0.5],0.5,1.0,-1.0,0.0,0.8,-0.8,0.0,0.5,score
overall,ours_refined,0.93,1.13,500,2025-08-08T11:59:30,sweep_sizenew,37,0.1,10000,1000,1.0,0.0,0.0,0.5,[0.5],0.5,1.0,-1.0,0.0,0.8,-0.8,0.0,0.5,score
easy_new,ours_refined,0.9255952380952381,1.1071428571428572,336,2025-08-08T11:59:30,sweep_sizenew,37,0.1,10000,1000,1.0,0.0,0.0,0.5,[0.5],0.5,1.0,-1.0,0.0,0.8,-0.8,0.0,0.5,score
hard_new,ours_refined,0.9390243902439024,1.1768292682926829,164,2025-08-08T11:59:30,sweep_sizenew,37,0.1,10000,1000,1.0,0.0,0.0,0.5,[0.5],0.5,1.0,-1.0,0.0,0.8,-0.8,0.0,0.5,score
overall,ours_refined,0.907,1.112,1000,2025-08-08T11:59:30,sweep_sizenew,40,0.1,10000,2000,1.0,0.0,0.0,0.5,[0.5],0.5,1.0,-1.0,0.0,0.8,-0.8,0.0,0.5,score
easy_new,ours_refined,0.9185303514376997,1.095846645367412,626,2025-08-08T11:59:30,sweep_sizenew,40,0.1,10000,2000,1.0,0.0,0.0,0.5,[0.5],0.5,1.0,-1.0,0.0,0.8,-0.8,0.0,0.5,score
hard_new,ours_refined,0.8877005347593583,1.13903743315508,374,2025-08-08T11:59:30,sweep_sizenew,40,0.1,10000,2000,1.0,0.0,0.0,0.5,[0.5],0.5,1.0,-1.0,0.0,0.8,-0.8,0.0,0.5,score
overall,ours_refined,0.928,1.154,500,2025-08-08T11:59:30,sweep_sizenew,36,0.1,10000,1000,1.0,0.0,0.0,0.5,[0.5],0.5,1.0,-1.0,0.0,0.8,-0.8,0.0,0.5,score
easy_new,ours_refined,0.9273255813953488,1.1424418604651163,344,2025-08-08T11:59:30,sweep_sizenew,36,0.1,10000,1000,1.0,0.0,0.0,0.5,[0.5],0.5,1.0,-1.0,0.0,0.8,-0.8,0.0,0.5,score
hard_new,ours_refined,0.9294871794871795,1.1794871794871795,156,2025-08-08T11:59:30,sweep_sizenew,36,0.1,10000,1000,1.0,0.0,0.0,0.5,[0.5],0.5,1.0,-1.0,0.0,0.8,-0.8,0.0,0.5,score
overall,ours_refined,0.896,1.07,500,2025-08-08T11:59:30,sweep_sizenew,38,0.1,10000,1000,1.0,0.0,0.0,0.5,[0.5],0.5,1.0,-1.0,0.0,0.8,-0.8,0.0,0.5,score
easy_new,ours_refined,0.9203821656050956,1.0445859872611465,314,2025-08-08T11:59:30,sweep_sizenew,38,0.1,10000,1000,1.0,0.0,0.0,0.5,[0.5],0.5,1.0,-1.0,0.0,0.8,-0.8,0.0,0.5,score
hard_new,ours_refined,0.8548387096774194,1.1129032258064515,186,2025-08-08T11:59:30,sweep_sizenew,38,0.1,10000,1000,1.0,0.0,0.0,0.5,[0.5],0.5,1.0,-1.0,0.0,0.8,-0.8,0.0,0.5,score
overall,ours_refined,0.911,1.128,1000,2025-08-08T11:59:30,sweep_sizenew,39,0.1,10000,2000,1.0,0.0,0.0,0.5,[0.5],0.5,1.0,-1.0,0.0,0.8,-0.8,0.0,0.5,score
easy_new,ours_refined,0.9108469539375929,1.098068350668648,673,2025-08-08T11:59:30,sweep_sizenew,39,0.1,10000,2000,1.0,0.0,0.0,0.5,[0.5],0.5,1.0,-1.0,0.0,0.8,-0.8,0.0,0.5,score
hard_new,ours_refined,0.9113149847094801,1.1896024464831805,327,2025-08-08T11:59:30,sweep_sizenew,39,0.1,10000,2000,1.0,0.0,0.0,0.5,[0.5],0.5,1.0,-1.0,0.0,0.8,-0.8,0.0,0.5,score
overall,ours_refined,0.8973333333333333,1.0926666666666667,1500,2025-08-08T11:59:31,sweep_sizenew,32,0.1,10000,3000,1.0,0.0,0.0,0.5,[0.5],0.5,1.0,-1.0,0.0,0.8,-0.8,0.0,0.5,score
easy_new,ours_refined,0.8985801217038539,1.0699797160243407,986,2025-08-08T11:59:31,sweep_sizenew,32,0.1,10000,3000,1.0,0.0,0.0,0.5,[0.5],0.5,1.0,-1.0,0.0,0.8,-0.8,0.0,0.5,score
hard_new,ours_refined,0.8949416342412452,1.1361867704280155,514,2025-08-08T11:59:31,sweep_sizenew,32,0.1,10000,3000,1.0,0.0,0.0,0.5,[0.5],0.5,1.0,-1.0,0.0,0.8,-0.8,0.0,0.5,score
overall,ours_refined,0.9,1.08,50,2025-08-08T11:59:31,sweep_sizenew,26,0.1,10000,100,1.0,0.0,0.0,0.5,[0.5],0.5,1.0,-1.0,0.0,0.8,-0.8,0.0,0.5,score
easy_new,ours_refined,0.9310344827586207,1.0689655172413792,29,2025-08-08T11:59:31,sweep_sizenew,26,0.1,10000,100,1.0,0.0,0.0,0.5,[0.5],0.5,1.0,-1.0,0.0,0.8,-0.8,0.0,0.5,score
hard_new,ours_refined,0.8571428571428571,1.0952380952380953,21,2025-08-08T11:59:31,sweep_sizenew,26,0.1,10000,100,1.0,0.0,0.0,0.5,[0.5],0.5,1.0,-1.0,0.0,0.8,-0.8,0.0,0.5,score
overall,ours_refined,0.9116,1.094,2500,2025-08-08T11:59:32,sweep_sizenew,23,0.1,10000,5000,1.0,0.0,0.0,0.5,[0.5],0.5,1.0,-1.0,0.0,0.8,-0.8,0.0,0.5,score
easy_new,ours_refined,0.9098712446351931,1.0876762722256283,1631,2025-08-08T11:59:32,sweep_sizenew,23,0.1,10000,5000,1.0,0.0,0.0,0.5,[0.5],0.5,1.0,-1.0,0.0,0.8,-0.8,0.0,0.5,score
hard_new,ours_refined,0.9148446490218642,1.1058688147295743,869,2025-08-08T11:59:32,sweep_sizenew,23,0.1,10000,5000,1.0,0.0,0.0,0.5,[0.5],0.5,1.0,-1.0,0.0,0.8,-0.8,0.0,0.5,score
overall,ours_refined,0.72,0.8,50,2025-08-08T11:59:32,sweep_sizenew,45,0.1,10000,100,1.0,0.0,0.0,0.5,[0.5],0.5,1.0,-1.0,0.0,0.8,-0.8,0.0,0.5,score
easy_new,ours_refined,0.7692307692307693,0.8461538461538461,26,2025-08-08T11:59:32,sweep_sizenew,45,0.1,10000,100,1.0,0.0,0.0,0.5,[0.5],0.5,1.0,-1.0,0.0,0.8,-0.8,0.0,0.5,score
hard_new,ours_refined,0.6666666666666666,0.75,24,2025-08-08T11:59:32,sweep_sizenew,45,0.1,10000,100,1.0,0.0,0.0,0.5,[0.5],0.5,1.0,-1.0,0.0,0.8,-0.8,0.0,0.5,score
overall,ours_refined,1.0,1.38,50,2025-08-08T11:59:32,sweep_sizenew,46,0.1,10000,100,1.0,0.0,0.0,0.5,[0.5],0.5,1.0,-1.0,0.0,0.8,-0.8,0.0,0.5,score
easy_new,ours_refined,1.0,1.3076923076923077,39,2025-08-08T11:59:32,sweep_sizenew,46,0.1,10000,100,1.0,0.0,0.0,0.5,[0.5],0.5,1.0,-1.0,0.0,0.8,-0.8,0.0,0.5,score
hard_new,ours_refined,1.0,1.6363636363636365,11,2025-08-08T11:59:32,sweep_sizenew,46,0.1,10000,100,1.0,0.0,0.0,0.5,[0.5],0.5,1.0,-1.0,0.0,0.8,-0.8,0.0,0.5,score
overall,ours_refined,1.0,1.28,50,2025-08-08T11:59:32,sweep_sizenew,47,0.1,10000,100,1.0,0.0,0.0,0.5,[0.5],0.5,1.0,-1.0,0.0,0.8,-0.8,0.0,0.5,score
easy_new,ours_refined,1.0,1.28125,32,2025-08-08T11:59:32,sweep_sizenew,47,0.1,10000,100,1.0,0.0,0.0,0.5,[0.5],0.5,1.0,-1.0,0.0,0.8,-0.8,0.0,0.5,score
hard_new,ours_refined,1.0,1.2777777777777777,18,2025-08-08T11:59:32,sweep_sizenew,47,0.1,10000,100,1.0,0.0,0.0,0.5,[0.5],0.5,1.0,-1.0,0.0,0.8,-0.8,0.0,0.5,score
overall,ours_refined,0.92,1.06,50,2025-08-08T11:59:32,sweep_sizenew,48,0.1,10000,100,1.0,0.0,0.0,0.5,[0.5],0.5,1.0,-1.0,0.0,0.8,-0.8,0.0,0.5,score
easy_new,ours_refined,0.9714285714285714,1.0285714285714285,35,2025-08-08T11:59:32,sweep_sizenew,48,0.1,10000,100,1.0,0.0,0.0,0.5,[0.5],0.5,1.0,-1.0,0.0,0.8,-0.8,0.0,0.5,score
hard_new,ours_refined,0.8,1.1333333333333333,15,2025-08-08T11:59:32,sweep_sizenew,48,0.1,10000,100,1.0,0.0,0.0,0.5,[0.5],0.5,1.0,-1.0,0.0,0.8,-0.8,0.0,0.5,score
overall,ours_refined,0.81,0.99,100,2025-08-08T11:59:33,sweep_sizenew,43,0.1,10000,200,1.0,0.0,0.0,0.5,[0.5],0.5,1.0,-1.0,0.0,0.8,-0.8,0.0,0.5,score
easy_new,ours_refined,0.8450704225352113,0.9859154929577465,71,2025-08-08T11:59:33,sweep_sizenew,43,0.1,10000,200,1.0,0.0,0.0,0.5,[0.5],0.5,1.0,-1.0,0.0,0.8,-0.8,0.0,0.5,score
hard_new,ours_refined,0.7241379310344828,1.0,29,2025-08-08T11:59:33,sweep_sizenew,43,0.1,10000,200,1.0,0.0,0.0,0.5,[0.5],0.5,1.0,-1.0,0.0,0.8,-0.8,0.0,0.5,score
overall,ours_refined,0.94,1.22,100,2025-08-08T11:59:33,sweep_sizenew,44,0.1,10000,200,1.0,0.0,0.0,0.5,[0.5],0.5,1.0,-1.0,0.0,0.8,-0.8,0.0,0.5,score
easy_new,ours_refined,0.9545454545454546,1.1818181818181819,66,2025-08-08T11:59:33,sweep_sizenew,44,0.1,10000,200,1.0,0.0,0.0,0.5,[0.5],0.5,1.0,-1.0,0.0,0.8,-0.8,0.0,0.5,score
hard_new,ours_refined,0.9117647058823529,1.2941176470588236,34,2025-08-08T11:59:33,sweep_sizenew,44,0.1,10000,200,1.0,0.0,0.0,0.5,[0.5],0.5,1.0,-1.0,0.0,0.8,-0.8,0.0,0.5,score
overall,ours_refined,0.8975,1.1,2000,2025-08-08T11:59:34,sweep_sizenew,27,0.1,10000,4000,1.0,0.0,0.0,0.5,[0.5],0.5,1.0,-1.0,0.0,0.8,-0.8,0.0,0.5,score
easy_new,ours_refined,0.8962044926413633,1.0859798605731992,1291,2025-08-08T11:59:34,sweep_sizenew,27,0.1,10000,4000,1.0,0.0,0.0,0.5,[0.5],0.5,1.0,-1.0,0.0,0.8,-0.8,0.0,0.5,score
hard_new,ours_refined,0.8998589562764457,1.1255289139633287,709,2025-08-08T11:59:34,sweep_sizenew,27,0.1,10000,4000,1.0,0.0,0.0,0.5,[0.5],0.5,1.0,-1.0,0.0,0.8,-0.8,0.0,0.5,score
overall,ours_refined,0.887,1.075,2000,2025-08-08T11:59:34,sweep_sizenew,24,0.1,10000,4000,1.0,0.0,0.0,0.5,[0.5],0.5,1.0,-1.0,0.0,0.8,-0.8,0.0,0.5,score
easy_new,ours_refined,0.8935532233883059,1.0697151424287856,1334,2025-08-08T11:59:34,sweep_sizenew,24,0.1,10000,4000,1.0,0.0,0.0,0.5,[0.5],0.5,1.0,-1.0,0.0,0.8,-0.8,0.0,0.5,score
hard_new,ours_refined,0.8738738738738738,1.0855855855855856,666,2025-08-08T11:59:34,sweep_sizenew,24,0.1,10000,4000,1.0,0.0,0.0,0.5,[0.5],0.5,1.0,-1.0,0.0,0.8,-0.8,0.0,0.5,score
overall,ours_refined,0.87,1.0,100,2025-08-08T11:59:35,sweep_sizenew,51,0.1,10000,200,1.0,0.0,0.0,0.5,[0.5],0.5,1.0,-1.0,0.0,0.8,-0.8,0.0,0.5,score
easy_new,ours_refined,0.9333333333333333,1.0,60,2025-08-08T11:59:35,sweep_sizenew,51,0.1,10000,200,1.0,0.0,0.0,0.5,[0.5],0.5,1.0,-1.0,0.0,0.8,-0.8,0.0,0.5,score
hard_new,ours_refined,0.775,1.0,40,2025-08-08T11:59:35,sweep_sizenew,51,0.1,10000,200,1.0,0.0,0.0,0.5,[0.5],0.5,1.0,-1.0,0.0,0.8,-0.8,0.0,0.5,score
overall,ours_refined,0.9015,1.08,2000,2025-08-08T11:59:35,sweep_sizenew,30,0.1,10000,4000,1.0,0.0,0.0,0.5,[0.5],0.5,1.0,-1.0,0.0,0.8,-0.8,0.0,0.5,score
easy_new,ours_refined,0.8960843373493976,1.0662650602409638,1328,2025-08-08T11:59:35,sweep_sizenew,30,0.1,10000,4000,1.0,0.0,0.0,0.5,[0.5],0.5,1.0,-1.0,0.0,0.8,-0.8,0.0,0.5,score
hard_new,ours_refined,0.9122023809523809,1.1071428571428572,672,2025-08-08T11:59:35,sweep_sizenew,30,0.1,10000,4000,1.0,0.0,0.0,0.5,[0.5],0.5,1.0,-1.0,0.0,0.8,-0.8,0.0,0.5,score
overall,ours_refined,0.885,1.0945,2000,2025-08-08T11:59:35,sweep_sizenew,29,0.1,10000,4000,1.0,0.0,0.0,0.5,[0.5],0.5,1.0,-1.0,0.0,0.8,-0.8,0.0,0.5,score
easy_new,ours_refined,0.8952451708766717,1.0809806835066864,1346,2025-08-08T11:59:35,sweep_sizenew,29,0.1,10000,4000,1.0,0.0,0.0,0.5,[0.5],0.5,1.0,-1.0,0.0,0.8,-0.8,0.0,0.5,score
hard_new,ours_refined,0.863914373088685,1.1223241590214068,654,2025-08-08T11:59:35,sweep_sizenew,29,0.1,10000,4000,1.0,0.0,0.0,0.5,[0.5],0.5,1.0,-1.0,0.0,0.8,-0.8,0.0,0.5,score
overall,ours_refined,0.897,1.0925,2000,2025-08-08T11:59:35,sweep_sizenew,35,0.1,10000,4000,1.0,0.0,0.0,0.5,[0.5],0.5,1.0,-1.0,0.0,0.8,-0.8,0.0,0.5,score
easy_new,ours_refined,0.9019756838905775,1.0721884498480243,1316,2025-08-08T11:59:35,sweep_sizenew,35,0.1,10000,4000,1.0,0.0,0.0,0.5,[0.5],0.5,1.0,-1.0,0.0,0.8,-0.8,0.0,0.5,score
hard_new,ours_refined,0.8874269005847953,1.131578947368421,684,2025-08-08T11:59:35,sweep_sizenew,35,0.1,10000,4000,1.0,0.0,0.0,0.5,[0.5],0.5,1.0,-1.0,0.0,0.8,-0.8,0.0,0.5,score
overall,ours_refined,0.886,1.074,500,2025-08-08T11:59:35,sweep_sizenew,33,0.1,10000,1000,1.0,0.0,0.0,0.5,[0.5],0.5,1.0,-1.0,0.0,0.8,-0.8,0.0,0.5,score
easy_new,ours_refined,0.8823529411764706,1.0647058823529412,340,2025-08-08T11:59:35,sweep_sizenew,33,0.1,10000,1000,1.0,0.0,0.0,0.5,[0.5],0.5,1.0,-1.0,0.0,0.8,-0.8,0.0,0.5,score
hard_new,ours_refined,0.89375,1.09375,160,2025-08-08T11:59:35,sweep_sizenew,33,0.1,10000,1000,1.0,0.0,0.0,0.5,[0.5],0.5,1.0,-1.0,0.0,0.8,-0.8,0.0,0.5,score
overall,ours_refined,0.887,1.0745,2000,2025-08-08T11:59:35,sweep_sizenew,25,0.1,10000,4000,1.0,0.0,0.0,0.5,[0.5],0.5,1.0,-1.0,0.0,0.8,-0.8,0.0,0.5,score
easy_new,ours_refined,0.8972179289026275,1.0672333848531685,1294,2025-08-08T11:59:35,sweep_sizenew,25,0.1,10000,4000,1.0,0.0,0.0,0.5,[0.5],0.5,1.0,-1.0,0.0,0.8,-0.8,0.0,0.5,score
hard_new,ours_refined,0.8682719546742209,1.0878186968838528,706,2025-08-08T11:59:35,sweep_sizenew,25,0.1,10000,4000,1.0,0.0,0.0,0.5,[0.5],0.5,1.0,-1.0,0.0,0.8,-0.8,0.0,0.5,score
overall,ours_refined,0.9,1.11,2000,2025-08-08T11:59:36,sweep_sizenew,28,0.1,10000,4000,1.0,0.0,0.0,0.5,[0.5],0.5,1.0,-1.0,0.0,0.8,-0.8,0.0,0.5,score
easy_new,ours_refined,0.8981132075471698,1.0958490566037735,1325,2025-08-08T11:59:36,sweep_sizenew,28,0.1,10000,4000,1.0,0.0,0.0,0.5,[0.5],0.5,1.0,-1.0,0.0,0.8,-0.8,0.0,0.5,score
hard_new,ours_refined,0.9037037037037037,1.1377777777777778,675,2025-08-08T11:59:36,sweep_sizenew,28,0.1,10000,4000,1.0,0.0,0.0,0.5,[0.5],0.5,1.0,-1.0,0.0,0.8,-0.8,0.0,0.5,score
overall,ours_refined,0.896,1.1105,2000,2025-08-08T11:59:36,sweep_sizenew,34,0.1,10000,4000,1.0,0.0,0.0,0.5,[0.5],0.5,1.0,-1.0,0.0,0.8,-0.8,0.0,0.5,score
easy_new,ours_refined,0.8936977980258163,1.0979498861047836,1317,2025-08-08T11:59:36,sweep_sizenew,34,0.1,10000,4000,1.0,0.0,0.0,0.5,[0.5],0.5,1.0,-1.0,0.0,0.8,-0.8,0.0,0.5,score
hard_new,ours_refined,0.9004392386530015,1.1346998535871156,683,2025-08-08T11:59:36,sweep_sizenew,34,0.1,10000,4000,1.0,0.0,0.0,0.5,[0.5],0.5,1.0,-1.0,0.0,0.8,-0.8,0.0,0.5,score
overall,ours_refined,0.9,1.17,100,2025-08-08T11:59:36,sweep_sizenew,50,0.1,10000,200,1.0,0.0,0.0,0.5,[0.5],0.5,1.0,-1.0,0.0,0.8,-0.8,0.0,0.5,score
easy_new,ours_refined,0.90625,1.15625,64,2025-08-08T11:59:36,sweep_sizenew,50,0.1,10000,200,1.0,0.0,0.0,0.5,[0.5],0.5,1.0,-1.0,0.0,0.8,-0.8,0.0,0.5,score
hard_new,ours_refined,0.8888888888888888,1.1944444444444444,36,2025-08-08T11:59:36,sweep_sizenew,50,0.1,10000,200,1.0,0.0,0.0,0.5,[0.5],0.5,1.0,-1.0,0.0,0.8,-0.8,0.0,0.5,score
overall,ours_refined,0.897,1.1015,2000,2025-08-08T11:59:36,sweep_sizenew,31,0.1,10000,4000,1.0,0.0,0.0,0.5,[0.5],0.5,1.0,-1.0,0.0,0.8,-0.8,0.0,0.5,score
easy_new,ours_refined,0.9017517136329017,1.0868240670220868,1313,2025-08-08T11:59:36,sweep_sizenew,31,0.1,10000,4000,1.0,0.0,0.0,0.5,[0.5],0.5,1.0,-1.0,0.0,0.8,-0.8,0.0,0.5,score
hard_new,ours_refined,0.8879184861717613,1.1295487627365357,687,2025-08-08T11:59:36,sweep_sizenew,31,0.1,10000,4000,1.0,0.0,0.0,0.5,[0.5],0.5,1.0,-1.0,0.0,0.8,-0.8,0.0,0.5,score
overall,ours_refined,0.85,1.06,100,2025-08-08T11:59:36,sweep_sizenew,49,0.1,10000,200,1.0,0.0,0.0,0.5,[0.5],0.5,1.0,-1.0,0.0,0.8,-0.8,0.0,0.5,score
easy_new,ours_refined,0.9180327868852459,1.0655737704918034,61,2025-08-08T11:59:36,sweep_sizenew,49,0.1,10000,200,1.0,0.0,0.0,0.5,[0.5],0.5,1.0,-1.0,0.0,0.8,-0.8,0.0,0.5,score
hard_new,ours_refined,0.7435897435897436,1.0512820512820513,39,2025-08-08T11:59:36,sweep_sizenew,49,0.1,10000,200,1.0,0.0,0.0,0.5,[0.5],0.5,1.0,-1.0,0.0,0.8,-0.8,0.0,0.5,score
overall,ours_refined,0.88,0.92,50,2025-08-08T11:59:36,sweep_sizenew,41,0.1,10000,100,1.0,0.0,0.0,0.5,[0.5],0.5,1.0,-1.0,0.0,0.8,-0.8,0.0,0.5,score
easy_new,ours_refined,0.8484848484848485,0.9090909090909091,33,2025-08-08T11:59:36,sweep_sizenew,41,0.1,10000,100,1.0,0.0,0.0,0.5,[0.5],0.5,1.0,-1.0,0.0,0.8,-0.8,0.0,0.5,score
hard_new,ours_refined,0.9411764705882353,0.9411764705882353,17,2025-08-08T11:59:36,sweep_sizenew,41,0.1,10000,100,1.0,0.0,0.0,0.5,[0.5],0.5,1.0,-1.0,0.0,0.8,-0.8,0.0,0.5,score
overall,ours_refined,0.903,1.092,1000,2025-08-08T11:59:36,sweep_sizenew,36,0.1,10000,2000,1.0,0.0,0.0,0.5,[0.5],0.5,1.0,-1.0,0.0,0.8,-0.8,0.0,0.5,score
easy_new,ours_refined,0.9093655589123867,1.0800604229607251,662,2025-08-08T11:59:36,sweep_sizenew,36,0.1,10000,2000,1.0,0.0,0.0,0.5,[0.5],0.5,1.0,-1.0,0.0,0.8,-0.8,0.0,0.5,score
hard_new,ours_refined,0.8905325443786982,1.1153846153846154,338,2025-08-08T11:59:36,sweep_sizenew,36,0.1,10000,2000,1.0,0.0,0.0,0.5,[0.5],0.5,1.0,-1.0,0.0,0.8,-0.8,0.0,0.5,score
overall,ours_refined,0.896,1.062,1000,2025-08-08T11:59:36,sweep_sizenew,37,0.1,10000,2000,1.0,0.0,0.0,0.5,[0.5],0.5,1.0,-1.0,0.0,0.8,-0.8,0.0,0.5,score
easy_new,ours_refined,0.8939393939393939,1.0469696969696969,660,2025-08-08T11:59:36,sweep_sizenew,37,0.1,10000,2000,1.0,0.0,0.0,0.5,[0.5],0.5,1.0,-1.0,0.0,0.8,-0.8,0.0,0.5,score
hard_new,ours_refined,0.9,1.0911764705882352,340,2025-08-08T11:59:36,sweep_sizenew,37,0.1,10000,2000,1.0,0.0,0.0,0.5,[0.5],0.5,1.0,-1.0,0.0,0.8,-0.8,0.0,0.5,score
overall,ours_refined,0.901,1.059,1000,2025-08-08T11:59:37,sweep_sizenew,38,0.1,10000,2000,1.0,0.0,0.0,0.5,[0.5],0.5,1.0,-1.0,0.0,0.8,-0.8,0.0,0.5,score
easy_new,ours_refined,0.910377358490566,1.0455974842767295,636,2025-08-08T11:59:37,sweep_sizenew,38,0.1,10000,2000,1.0,0.0,0.0,0.5,[0.5],0.5,1.0,-1.0,0.0,0.8,-0.8,0.0,0.5,score
hard_new,ours_refined,0.8846153846153846,1.0824175824175823,364,2025-08-08T11:59:37,sweep_sizenew,38,0.1,10000,2000,1.0,0.0,0.0,0.5,[0.5],0.5,1.0,-1.0,0.0,0.8,-0.8,0.0,0.5,score
overall,ours_refined,0.898,1.07,1500,2025-08-08T11:59:37,sweep_sizenew,40,0.1,10000,3000,1.0,0.0,0.0,0.5,[0.5],0.5,1.0,-1.0,0.0,0.8,-0.8,0.0,0.5,score
easy_new,ours_refined,0.9022403258655805,1.060081466395112,982,2025-08-08T11:59:37,sweep_sizenew,40,0.1,10000,3000,1.0,0.0,0.0,0.5,[0.5],0.5,1.0,-1.0,0.0,0.8,-0.8,0.0,0.5,score
hard_new,ours_refined,0.88996138996139,1.0888030888030888,518,2025-08-08T11:59:37,sweep_sizenew,40,0.1,10000,3000,1.0,0.0,0.0,0.5,[0.5],0.5,1.0,-1.0,0.0,0.8,-0.8,0.0,0.5,score
overall,ours_refined,0.91,1.12,100,2025-08-08T11:59:37,sweep_sizenew,42,0.1,10000,200,1.0,0.0,0.0,0.5,[0.5],0.5,1.0,-1.0,0.0,0.8,-0.8,0.0,0.5,score
easy_new,ours_refined,0.873015873015873,1.1428571428571428,63,2025-08-08T11:59:37,sweep_sizenew,42,0.1,10000,200,1.0,0.0,0.0,0.5,[0.5],0.5,1.0,-1.0,0.0,0.8,-0.8,0.0,0.5,score
hard_new,ours_refined,0.972972972972973,1.0810810810810811,37,2025-08-08T11:59:37,sweep_sizenew,42,0.1,10000,200,1.0,0.0,0.0,0.5,[0.5],0.5,1.0,-1.0,0.0,0.8,-0.8,0.0,0.5,score
overall,ours_refined,0.9135,1.1125,2000,2025-08-08T11:59:37,sweep_sizenew,32,0.1,10000,4000,1.0,0.0,0.0,0.5,[0.5],0.5,1.0,-1.0,0.0,0.8,-0.8,0.0,0.5,score
easy_new,ours_refined,0.9187779433681073,1.102086438152012,1342,2025-08-08T11:59:37,sweep_sizenew,32,0.1,10000,4000,1.0,0.0,0.0,0.5,[0.5],0.5,1.0,-1.0,0.0,0.8,-0.8,0.0,0.5,score
hard_new,ours_refined,0.9027355623100304,1.1337386018237081,658,2025-08-08T11:59:37,sweep_sizenew,32,0.1,10000,4000,1.0,0.0,0.0,0.5,[0.5],0.5,1.0,-1.0,0.0,0.8,-0.8,0.0,0.5,score
overall,ours_refined,0.9033333333333333,1.0893333333333333,1500,2025-08-08T11:59:38,sweep_sizenew,39,0.1,10000,3000,1.0,0.0,0.0,0.5,[0.5],0.5,1.0,-1.0,0.0,0.8,-0.8,0.0,0.5,score
easy_new,ours_refined,0.907920792079208,1.0821782178217823,1010,2025-08-08T11:59:38,sweep_sizenew,39,0.1,10000,3000,1.0,0.0,0.0,0.5,[0.5],0.5,1.0,-1.0,0.0,0.8,-0.8,0.0,0.5,score
hard_new,ours_refined,0.8938775510204081,1.1040816326530611,490,2025-08-08T11:59:38,sweep_sizenew,39,0.1,10000,3000,1.0,0.0,0.0,0.5,[0.5],0.5,1.0,-1.0,0.0,0.8,-0.8,0.0,0.5,score
overall,ours_refined,0.94,1.1,100,2025-08-08T11:59:38,sweep_sizenew,52,0.1,10000,200,1.0,0.0,0.0,0.5,[0.5],0.5,1.0,-1.0,0.0,0.8,-0.8,0.0,0.5,score
easy_new,ours_refined,0.9104477611940298,1.1044776119402986,67,2025-08-08T11:59:38,sweep_sizenew,52,0.1,10000,200,1.0,0.0,0.0,0.5,[0.5],0.5,1.0,-1.0,0.0,0.8,-0.8,0.0,0.5,score
hard_new,ours_refined,1.0,1.0909090909090908,33,2025-08-08T11:59:38,sweep_sizenew,52,0.1,10000,200,1.0,0.0,0.0,0.5,[0.5],0.5,1.0,-1.0,0.0,0.8,-0.8,0.0,0.5,score
overall,ours_refined,0.875,1.1,200,2025-08-08T11:59:39,sweep_sizenew,43,0.1,10000,400,1.0,0.0,0.0,0.5,[0.5],0.5,1.0,-1.0,0.0,0.8,-0.8,0.0,0.5,score
easy_new,ours_refined,0.9007633587786259,1.099236641221374,131,2025-08-08T11:59:39,sweep_sizenew,43,0.1,10000,400,1.0,0.0,0.0,0.5,[0.5],0.5,1.0,-1.0,0.0,0.8,-0.8,0.0,0.5,score
hard_new,ours_refined,0.8260869565217391,1.1014492753623188,69,2025-08-08T11:59:39,sweep_sizenew,43,0.1,10000,400,1.0,0.0,0.0,0.5,[0.5],0.5,1.0,-1.0,0.0,0.8,-0.8,0.0,0.5,score
overall,ours_refined,0.89,1.05,200,2025-08-08T11:59:39,sweep_sizenew,44,0.1,10000,400,1.0,0.0,0.0,0.5,[0.5],0.5,1.0,-1.0,0.0,0.8,-0.8,0.0,0.5,score
easy_new,ours_refined,0.8880597014925373,1.037313432835821,134,2025-08-08T11:59:39,sweep_sizenew,44,0.1,10000,400,1.0,0.0,0.0,0.5,[0.5],0.5,1.0,-1.0,0.0,0.8,-0.8,0.0,0.5,score
hard_new,ours_refined,0.8939393939393939,1.0757575757575757,66,2025-08-08T11:59:39,sweep_sizenew,44,0.1,10000,400,1.0,0.0,0.0,0.5,[0.5],0.5,1.0,-1.0,0.0,0.8,-0.8,0.0,0.5,score
overall,ours_refined,0.9073333333333333,1.099,3000,2025-08-08T11:59:39,sweep_sizenew,22,0.1,10000,6000,1.0,0.0,0.0,0.5,[0.5],0.5,1.0,-1.0,0.0,0.8,-0.8,0.0,0.5,score
easy_new,ours_refined,0.9138804457953394,1.085612968591692,1974,2025-08-08T11:59:39,sweep_sizenew,22,0.1,10000,6000,1.0,0.0,0.0,0.5,[0.5],0.5,1.0,-1.0,0.0,0.8,-0.8,0.0,0.5,score
hard_new,ours_refined,0.8947368421052632,1.124756335282651,1026,2025-08-08T11:59:39,sweep_sizenew,22,0.1,10000,6000,1.0,0.0,0.0,0.5,[0.5],0.5,1.0,-1.0,0.0,0.8,-0.8,0.0,0.5,score
overall,ours_refined,0.89,1.07,100,2025-08-08T11:59:40,sweep_sizenew,46,0.1,10000,200,1.0,0.0,0.0,0.5,[0.5],0.5,1.0,-1.0,0.0,0.8,-0.8,0.0,0.5,score
easy_new,ours_refined,0.9027777777777778,1.0694444444444444,72,2025-08-08T11:59:40,sweep_sizenew,46,0.1,10000,200,1.0,0.0,0.0,0.5,[0.5],0.5,1.0,-1.0,0.0,0.8,-0.8,0.0,0.5,score
hard_new,ours_refined,0.8571428571428571,1.0714285714285714,28,2025-08-08T11:59:40,sweep_sizenew,46,0.1,10000,200,1.0,0.0,0.0,0.5,[0.5],0.5,1.0,-1.0,0.0,0.8,-0.8,0.0,0.5,score
overall,ours_refined,0.91,1.19,100,2025-08-08T11:59:40,sweep_sizenew,45,0.1,10000,200,1.0,0.0,0.0,0.5,[0.5],0.5,1.0,-1.0,0.0,0.8,-0.8,0.0,0.5,score
easy_new,ours_refined,0.9333333333333333,1.2,60,2025-08-08T11:59:40,sweep_sizenew,45,0.1,10000,200,1.0,0.0,0.0,0.5,[0.5],0.5,1.0,-1.0,0.0,0.8,-0.8,0.0,0.5,score
hard_new,ours_refined,0.875,1.175,40,2025-08-08T11:59:40,sweep_sizenew,45,0.1,10000,200,1.0,0.0,0.0,0.5,[0.5],0.5,1.0,-1.0,0.0,0.8,-0.8,0.0,0.5,score
overall,ours_refined,0.93,1.2,100,2025-08-08T11:59:40,sweep_sizenew,47,0.1,10000,200,1.0,0.0,0.0,0.5,[0.5],0.5,1.0,-1.0,0.0,0.8,-0.8,0.0,0.5,score
easy_new,ours_refined,0.9344262295081968,1.1311475409836065,61,2025-08-08T11:59:40,sweep_sizenew,47,0.1,10000,200,1.0,0.0,0.0,0.5,[0.5],0.5,1.0,-1.0,0.0,0.8,-0.8,0.0,0.5,score
hard_new,ours_refined,0.9230769230769231,1.3076923076923077,39,2025-08-08T11:59:40,sweep_sizenew,47,0.1,10000,200,1.0,0.0,0.0,0.5,[0.5],0.5,1.0,-1.0,0.0,0.8,-0.8,0.0,0.5,score
overall,ours_refined,0.84,1.05,100,2025-08-08T11:59:40,sweep_sizenew,48,0.1,10000,200,1.0,0.0,0.0,0.5,[0.5],0.5,1.0,-1.0,0.0,0.8,-0.8,0.0,0.5,score
easy_new,ours_refined,0.7878787878787878,1.0303030303030303,66,2025-08-08T11:59:40,sweep_sizenew,48,0.1,10000,200,1.0,0.0,0.0,0.5,[0.5],0.5,1.0,-1.0,0.0,0.8,-0.8,0.0,0.5,score
hard_new,ours_refined,0.9411764705882353,1.088235294117647,34,2025-08-08T11:59:40,sweep_sizenew,48,0.1,10000,200,1.0,0.0,0.0,0.5,[0.5],0.5,1.0,-1.0,0.0,0.8,-0.8,0.0,0.5,score
overall,ours_refined,0.92,1.22,100,2025-08-08T11:59:40,sweep_sizenew,26,0.1,10000,200,1.0,0.0,0.0,0.5,[0.5],0.5,1.0,-1.0,0.0,0.8,-0.8,0.0,0.5,score
easy_new,ours_refined,0.9027777777777778,1.1944444444444444,72,2025-08-08T11:59:40,sweep_sizenew,26,0.1,10000,200,1.0,0.0,0.0,0.5,[0.5],0.5,1.0,-1.0,0.0,0.8,-0.8,0.0,0.5,score
hard_new,ours_refined,0.9642857142857143,1.2857142857142858,28,2025-08-08T11:59:40,sweep_sizenew,26,0.1,10000,200,1.0,0.0,0.0,0.5,[0.5],0.5,1.0,-1.0,0.0,0.8,-0.8,0.0,0.5,score
overall,ours_refined,0.9008,1.0776,2500,2025-08-08T11:59:41,sweep_sizenew,27,0.1,10000,5000,1.0,0.0,0.0,0.5,[0.5],0.5,1.0,-1.0,0.0,0.8,-0.8,0.0,0.5,score
easy_new,ours_refined,0.9033846153846153,1.0633846153846154,1625,2025-08-08T11:59:41,sweep_sizenew,27,0.1,10000,5000,1.0,0.0,0.0,0.5,[0.5],0.5,1.0,-1.0,0.0,0.8,-0.8,0.0,0.5,score
hard_new,ours_refined,0.896,1.104,875,2025-08-08T11:59:41,sweep_sizenew,27,0.1,10000,5000,1.0,0.0,0.0,0.5,[0.5],0.5,1.0,-1.0,0.0,0.8,-0.8,0.0,0.5,score
overall,ours_refined,0.906,1.0972,2500,2025-08-08T11:59:41,sweep_sizenew,24,0.1,10000,5000,1.0,0.0,0.0,0.5,[0.5],0.5,1.0,-1.0,0.0,0.8,-0.8,0.0,0.5,score
easy_new,ours_refined,0.9131227217496962,1.0868772782503038,1646,2025-08-08T11:59:41,sweep_sizenew,24,0.1,10000,5000,1.0,0.0,0.0,0.5,[0.5],0.5,1.0,-1.0,0.0,0.8,-0.8,0.0,0.5,score
hard_new,ours_refined,0.892271662763466,1.117096018735363,854,2025-08-08T11:59:41,sweep_sizenew,24,0.1,10000,5000,1.0,0.0,0.0,0.5,[0.5],0.5,1.0,-1.0,0.0,0.8,-0.8,0.0,0.5,score
overall,ours_refined,0.9036666666666666,1.0813333333333333,3000,2025-08-08T11:59:42,sweep_sizenew,23,0.1,10000,6000,1.0,0.0,0.0,0.5,[0.5],0.5,1.0,-1.0,0.0,0.8,-0.8,0.0,0.5,score
easy_new,ours_refined,0.9102370146243066,1.0670700958144226,1983,2025-08-08T11:59:42,sweep_sizenew,23,0.1,10000,6000,1.0,0.0,0.0,0.5,[0.5],0.5,1.0,-1.0,0.0,0.8,-0.8,0.0,0.5,score
hard_new,ours_refined,0.8908554572271387,1.1091445427728615,1017,2025-08-08T11:59:42,sweep_sizenew,23,0.1,10000,6000,1.0,0.0,0.0,0.5,[0.5],0.5,1.0,-1.0,0.0,0.8,-0.8,0.0,0.5,score
overall,ours_refined,0.905,1.195,200,2025-08-08T11:59:42,sweep_sizenew,51,0.1,10000,400,1.0,0.0,0.0,0.5,[0.5],0.5,1.0,-1.0,0.0,0.8,-0.8,0.0,0.5,score
easy_new,ours_refined,0.9090909090909091,1.1590909090909092,132,2025-08-08T11:59:42,sweep_sizenew,51,0.1,10000,400,1.0,0.0,0.0,0.5,[0.5],0.5,1.0,-1.0,0.0,0.8,-0.8,0.0,0.5,score
hard_new,ours_refined,0.8970588235294118,1.2647058823529411,68,2025-08-08T11:59:42,sweep_sizenew,51,0.1,10000,400,1.0,0.0,0.0,0.5,[0.5],0.5,1.0,-1.0,0.0,0.8,-0.8,0.0,0.5,score
overall,ours_refined,0.8976,1.0588,2500,2025-08-08T11:59:42,sweep_sizenew,30,0.1,10000,5000,1.0,0.0,0.0,0.5,[0.5],0.5,1.0,-1.0,0.0,0.8,-0.8,0.0,0.5,score
easy_new,ours_refined,0.9022602321319487,1.055589492974954,1637,2025-08-08T11:59:42,sweep_sizenew,30,0.1,10000,5000,1.0,0.0,0.0,0.5,[0.5],0.5,1.0,-1.0,0.0,0.8,-0.8,0.0,0.5,score
hard_new,ours_refined,0.8887601390498262,1.0648899188876013,863,2025-08-08T11:59:42,sweep_sizenew,30,0.1,10000,5000,1.0,0.0,0.0,0.5,[0.5],0.5,1.0,-1.0,0.0,0.8,-0.8,0.0,0.5,score
overall,ours_refined,0.9036,1.0944,2500,2025-08-08T11:59:42,sweep_sizenew,29,0.1,10000,5000,1.0,0.0,0.0,0.5,[0.5],0.5,1.0,-1.0,0.0,0.8,-0.8,0.0,0.5,score
easy_new,ours_refined,0.916310323762981,1.0891875381795968,1637,2025-08-08T11:59:42,sweep_sizenew,29,0.1,10000,5000,1.0,0.0,0.0,0.5,[0.5],0.5,1.0,-1.0,0.0,0.8,-0.8,0.0,0.5,score
hard_new,ours_refined,0.8794901506373117,1.104287369640788,863,2025-08-08T11:59:42,sweep_sizenew,29,0.1,10000,5000,1.0,0.0,0.0,0.5,[0.5],0.5,1.0,-1.0,0.0,0.8,-0.8,0.0,0.5,score
overall,ours_refined,0.89,1.06,200,2025-08-08T11:59:42,sweep_sizenew,50,0.1,10000,400,1.0,0.0,0.0,0.5,[0.5],0.5,1.0,-1.0,0.0,0.8,-0.8,0.0,0.5,score
easy_new,ours_refined,0.8936170212765957,1.0638297872340425,141,2025-08-08T11:59:42,sweep_sizenew,50,0.1,10000,400,1.0,0.0,0.0,0.5,[0.5],0.5,1.0,-1.0,0.0,0.8,-0.8,0.0,0.5,score
hard_new,ours_refined,0.8813559322033898,1.0508474576271187,59,2025-08-08T11:59:42,sweep_sizenew,50,0.1,10000,400,1.0,0.0,0.0,0.5,[0.5],0.5,1.0,-1.0,0.0,0.8,-0.8,0.0,0.5,score
overall,ours_refined,0.8916,1.0568,2500,2025-08-08T11:59:43,sweep_sizenew,35,0.1,10000,5000,1.0,0.0,0.0,0.5,[0.5],0.5,1.0,-1.0,0.0,0.8,-0.8,0.0,0.5,score
easy_new,ours_refined,0.8895631067961165,1.0515776699029127,1648,2025-08-08T11:59:43,sweep_sizenew,35,0.1,10000,5000,1.0,0.0,0.0,0.5,[0.5],0.5,1.0,-1.0,0.0,0.8,-0.8,0.0,0.5,score
hard_new,ours_refined,0.8955399061032864,1.0669014084507042,852,2025-08-08T11:59:43,sweep_sizenew,35,0.1,10000,5000,1.0,0.0,0.0,0.5,[0.5],0.5,1.0,-1.0,0.0,0.8,-0.8,0.0,0.5,score
overall,ours_refined,0.9004,1.0708,2500,2025-08-08T11:59:43,sweep_sizenew,25,0.1,10000,5000,1.0,0.0,0.0,0.5,[0.5],0.5,1.0,-1.0,0.0,0.8,-0.8,0.0,0.5,score
easy_new,ours_refined,0.9085328422344997,1.0687538367096379,1629,2025-08-08T11:59:43,sweep_sizenew,25,0.1,10000,5000,1.0,0.0,0.0,0.5,[0.5],0.5,1.0,-1.0,0.0,0.8,-0.8,0.0,0.5,score
hard_new,ours_refined,0.8851894374282434,1.0746268656716418,871,2025-08-08T11:59:43,sweep_sizenew,25,0.1,10000,5000,1.0,0.0,0.0,0.5,[0.5],0.5,1.0,-1.0,0.0,0.8,-0.8,0.0,0.5,score
overall,ours_refined,0.9,1.095,200,2025-08-08T11:59:43,sweep_sizenew,49,0.1,10000,400,1.0,0.0,0.0,0.5,[0.5],0.5,1.0,-1.0,0.0,0.8,-0.8,0.0,0.5,score
easy_new,ours_refined,0.9159663865546218,1.050420168067227,119,2025-08-08T11:59:43,sweep_sizenew,49,0.1,10000,400,1.0,0.0,0.0,0.5,[0.5],0.5,1.0,-1.0,0.0,0.8,-0.8,0.0,0.5,score
hard_new,ours_refined,0.8765432098765432,1.1604938271604939,81,2025-08-08T11:59:43,sweep_sizenew,49,0.1,10000,400,1.0,0.0,0.0,0.5,[0.5],0.5,1.0,-1.0,0.0,0.8,-0.8,0.0,0.5,score
overall,ours_refined,0.9036,1.094,2500,2025-08-08T11:59:43,sweep_sizenew,34,0.1,10000,5000,1.0,0.0,0.0,0.5,[0.5],0.5,1.0,-1.0,0.0,0.8,-0.8,0.0,0.5,score
easy_new,ours_refined,0.911070780399274,1.0774349667271628,1653,2025-08-08T11:59:43,sweep_sizenew,34,0.1,10000,5000,1.0,0.0,0.0,0.5,[0.5],0.5,1.0,-1.0,0.0,0.8,-0.8,0.0,0.5,score
hard_new,ours_refined,0.8890200708382526,1.1263282172373081,847,2025-08-08T11:59:43,sweep_sizenew,34,0.1,10000,5000,1.0,0.0,0.0,0.5,[0.5],0.5,1.0,-1.0,0.0,0.8,-0.8,0.0,0.5,score
overall,ours_refined,0.9024,1.1036,2500,2025-08-08T11:59:43,sweep_sizenew,28,0.1,10000,5000,1.0,0.0,0.0,0.5,[0.5],0.5,1.0,-1.0,0.0,0.8,-0.8,0.0,0.5,score
easy_new,ours_refined,0.9048780487804878,1.0884146341463414,1640,2025-08-08T11:59:43,sweep_sizenew,28,0.1,10000,5000,1.0,0.0,0.0,0.5,[0.5],0.5,1.0,-1.0,0.0,0.8,-0.8,0.0,0.5,score
hard_new,ours_refined,0.8976744186046511,1.1325581395348838,860,2025-08-08T11:59:43,sweep_sizenew,28,0.1,10000,5000,1.0,0.0,0.0,0.5,[0.5],0.5,1.0,-1.0,0.0,0.8,-0.8,0.0,0.5,score
overall,ours_refined,0.9,1.0856,2500,2025-08-08T11:59:43,sweep_sizenew,31,0.1,10000,5000,1.0,0.0,0.0,0.5,[0.5],0.5,1.0,-1.0,0.0,0.8,-0.8,0.0,0.5,score
easy_new,ours_refined,0.9076731129132876,1.0792264504054898,1603,2025-08-08T11:59:43,sweep_sizenew,31,0.1,10000,5000,1.0,0.0,0.0,0.5,[0.5],0.5,1.0,-1.0,0.0,0.8,-0.8,0.0,0.5,score
hard_new,ours_refined,0.8862876254180602,1.0969899665551839,897,2025-08-08T11:59:43,sweep_sizenew,31,0.1,10000,5000,1.0,0.0,0.0,0.5,[0.5],0.5,1.0,-1.0,0.0,0.8,-0.8,0.0,0.5,score
overall,ours_refined,0.9046666666666666,1.092,1500,2025-08-08T11:59:44,sweep_sizenew,38,0.1,10000,3000,1.0,0.0,0.0,0.5,[0.5],0.5,1.0,-1.0,0.0,0.8,-0.8,0.0,0.5,score
easy_new,ours_refined,0.90973630831643,1.0831643002028397,986,2025-08-08T11:59:44,sweep_sizenew,38,0.1,10000,3000,1.0,0.0,0.0,0.5,[0.5],0.5,1.0,-1.0,0.0,0.8,-0.8,0.0,0.5,score
hard_new,ours_refined,0.8949416342412452,1.1089494163424125,514,2025-08-08T11:59:44,sweep_sizenew,38,0.1,10000,3000,1.0,0.0,0.0,0.5,[0.5],0.5,1.0,-1.0,0.0,0.8,-0.8,0.0,0.5,score
overall,ours_refined,0.8933333333333333,1.0773333333333333,1500,2025-08-08T11:59:44,sweep_sizenew,36,0.1,10000,3000,1.0,0.0,0.0,0.5,[0.5],0.5,1.0,-1.0,0.0,0.8,-0.8,0.0,0.5,score
easy_new,ours_refined,0.8901322482197355,1.0712105798575788,983,2025-08-08T11:59:44,sweep_sizenew,36,0.1,10000,3000,1.0,0.0,0.0,0.5,[0.5],0.5,1.0,-1.0,0.0,0.8,-0.8,0.0,0.5,score
hard_new,ours_refined,0.8994197292069632,1.0889748549323017,517,2025-08-08T11:59:44,sweep_sizenew,36,0.1,10000,3000,1.0,0.0,0.0,0.5,[0.5],0.5,1.0,-1.0,0.0,0.8,-0.8,0.0,0.5,score
overall,ours_refined,0.917,1.102,1000,2025-08-08T11:59:44,sweep_sizenew,33,0.1,10000,2000,1.0,0.0,0.0,0.5,[0.5],0.5,1.0,-1.0,0.0,0.8,-0.8,0.0,0.5,score
easy_new,ours_refined,0.9251497005988024,1.0823353293413174,668,2025-08-08T11:59:44,sweep_sizenew,33,0.1,10000,2000,1.0,0.0,0.0,0.5,[0.5],0.5,1.0,-1.0,0.0,0.8,-0.8,0.0,0.5,score
hard_new,ours_refined,0.9006024096385542,1.141566265060241,332,2025-08-08T11:59:44,sweep_sizenew,33,0.1,10000,2000,1.0,0.0,0.0,0.5,[0.5],0.5,1.0,-1.0,0.0,0.8,-0.8,0.0,0.5,score
overall,ours_refined,0.9053333333333333,1.098,1500,2025-08-08T11:59:44,sweep_sizenew,37,0.1,10000,3000,1.0,0.0,0.0,0.5,[0.5],0.5,1.0,-1.0,0.0,0.8,-0.8,0.0,0.5,score
easy_new,ours_refined,0.9194499017681729,1.0972495088408645,1018,2025-08-08T11:59:44,sweep_sizenew,37,0.1,10000,3000,1.0,0.0,0.0,0.5,[0.5],0.5,1.0,-1.0,0.0,0.8,-0.8,0.0,0.5,score
hard_new,ours_refined,0.8755186721991701,1.099585062240664,482,2025-08-08T11:59:44,sweep_sizenew,37,0.1,10000,3000,1.0,0.0,0.0,0.5,[0.5],0.5,1.0,-1.0,0.0,0.8,-0.8,0.0,0.5,score
overall,ours_refined,0.9,1.16,100,2025-08-08T11:59:44,sweep_sizenew,41,0.1,10000,200,1.0,0.0,0.0,0.5,[0.5],0.5,1.0,-1.0,0.0,0.8,-0.8,0.0,0.5,score
easy_new,ours_refined,0.9166666666666666,1.1805555555555556,72,2025-08-08T11:59:44,sweep_sizenew,41,0.1,10000,200,1.0,0.0,0.0,0.5,[0.5],0.5,1.0,-1.0,0.0,0.8,-0.8,0.0,0.5,score
hard_new,ours_refined,0.8571428571428571,1.1071428571428572,28,2025-08-08T11:59:44,sweep_sizenew,41,0.1,10000,200,1.0,0.0,0.0,0.5,[0.5],0.5,1.0,-1.0,0.0,0.8,-0.8,0.0,0.5,score
overall,ours_refined,0.91,1.1533333333333333,300,2025-08-08T11:59:45,sweep_sizenew,43,0.1,10000,600,1.0,0.0,0.0,0.5,[0.5],0.5,1.0,-1.0,0.0,0.8,-0.8,0.0,0.5,score
easy_new,ours_refined,0.8916256157635468,1.1330049261083743,203,2025-08-08T11:59:45,sweep_sizenew,43,0.1,10000,600,1.0,0.0,0.0,0.5,[0.5],0.5,1.0,-1.0,0.0,0.8,-0.8,0.0,0.5,score
hard_new,ours_refined,0.9484536082474226,1.1958762886597938,97,2025-08-08T11:59:45,sweep_sizenew,43,0.1,10000,600,1.0,0.0,0.0,0.5,[0.5],0.5,1.0,-1.0,0.0,0.8,-0.8,0.0,0.5,score
overall,ours_refined,0.9066666666666666,1.0933333333333333,300,2025-08-08T11:59:45,sweep_sizenew,44,0.1,10000,600,1.0,0.0,0.0,0.5,[0.5],0.5,1.0,-1.0,0.0,0.8,-0.8,0.0,0.5,score
easy_new,ours_refined,0.9183673469387755,1.0816326530612246,196,2025-08-08T11:59:45,sweep_sizenew,44,0.1,10000,600,1.0,0.0,0.0,0.5,[0.5],0.5,1.0,-1.0,0.0,0.8,-0.8,0.0,0.5,score
hard_new,ours_refined,0.8846153846153846,1.1153846153846154,104,2025-08-08T11:59:45,sweep_sizenew,44,0.1,10000,600,1.0,0.0,0.0,0.5,[0.5],0.5,1.0,-1.0,0.0,0.8,-0.8,0.0,0.5,score
overall,ours_refined,0.912,1.1,2500,2025-08-08T11:59:45,sweep_sizenew,32,0.1,10000,5000,1.0,0.0,0.0,0.5,[0.5],0.5,1.0,-1.0,0.0,0.8,-0.8,0.0,0.5,score
easy_new,ours_refined,0.9129909365558913,1.0833836858006043,1655,2025-08-08T11:59:45,sweep_sizenew,32,0.1,10000,5000,1.0,0.0,0.0,0.5,[0.5],0.5,1.0,-1.0,0.0,0.8,-0.8,0.0,0.5,score
hard_new,ours_refined,0.9100591715976332,1.1325443786982248,845,2025-08-08T11:59:45,sweep_sizenew,32,0.1,10000,5000,1.0,0.0,0.0,0.5,[0.5],0.5,1.0,-1.0,0.0,0.8,-0.8,0.0,0.5,score
overall,ours_refined,0.895,1.135,200,2025-08-08T11:59:45,sweep_sizenew,42,0.1,10000,400,1.0,0.0,0.0,0.5,[0.5],0.5,1.0,-1.0,0.0,0.8,-0.8,0.0,0.5,score
easy_new,ours_refined,0.8992248062015504,1.1085271317829457,129,2025-08-08T11:59:45,sweep_sizenew,42,0.1,10000,400,1.0,0.0,0.0,0.5,[0.5],0.5,1.0,-1.0,0.0,0.8,-0.8,0.0,0.5,score
hard_new,ours_refined,0.8873239436619719,1.1830985915492958,71,2025-08-08T11:59:45,sweep_sizenew,42,0.1,10000,400,1.0,0.0,0.0,0.5,[0.5],0.5,1.0,-1.0,0.0,0.8,-0.8,0.0,0.5,score
overall,ours_refined,0.864,1.045,2000,2025-08-08T11:59:46,sweep_sizenew,40,0.1,10000,4000,1.0,0.0,0.0,0.5,[0.5],0.5,1.0,-1.0,0.0,0.8,-0.8,0.0,0.5,score
easy_new,ours_refined,0.8725341426403642,1.043247344461305,1318,2025-08-08T11:59:46,sweep_sizenew,40,0.1,10000,4000,1.0,0.0,0.0,0.5,[0.5],0.5,1.0,-1.0,0.0,0.8,-0.8,0.0,0.5,score
hard_new,ours_refined,0.8475073313782991,1.0483870967741935,682,2025-08-08T11:59:46,sweep_sizenew,40,0.1,10000,4000,1.0,0.0,0.0,0.5,[0.5],0.5,1.0,-1.0,0.0,0.8,-0.8,0.0,0.5,score
overall,ours_refined,0.898,1.059,2000,2025-08-08T11:59:46,sweep_sizenew,39,0.1,10000,4000,1.0,0.0,0.0,0.5,[0.5],0.5,1.0,-1.0,0.0,0.8,-0.8,0.0,0.5,score
easy_new,ours_refined,0.9015544041450777,1.0473723168023685,1351,2025-08-08T11:59:46,sweep_sizenew,39,0.1,10000,4000,1.0,0.0,0.0,0.5,[0.5],0.5,1.0,-1.0,0.0,0.8,-0.8,0.0,0.5,score
hard_new,ours_refined,0.8906009244992296,1.0832049306625577,649,2025-08-08T11:59:46,sweep_sizenew,39,0.1,10000,4000,1.0,0.0,0.0,0.5,[0.5],0.5,1.0,-1.0,0.0,0.8,-0.8,0.0,0.5,score
overall,ours_refined,0.89,1.035,200,2025-08-08T11:59:46,sweep_sizenew,45,0.1,10000,400,1.0,0.0,0.0,0.5,[0.5],0.5,1.0,-1.0,0.0,0.8,-0.8,0.0,0.5,score
easy_new,ours_refined,0.9140625,1.0390625,128,2025-08-08T11:59:46,sweep_sizenew,45,0.1,10000,400,1.0,0.0,0.0,0.5,[0.5],0.5,1.0,-1.0,0.0,0.8,-0.8,0.0,0.5,score
hard_new,ours_refined,0.8472222222222222,1.0277777777777777,72,2025-08-08T11:59:46,sweep_sizenew,45,0.1,10000,400,1.0,0.0,0.0,0.5,[0.5],0.5,1.0,-1.0,0.0,0.8,-0.8,0.0,0.5,score
overall,ours_refined,0.92,1.05,200,2025-08-08T11:59:46,sweep_sizenew,46,0.1,10000,400,1.0,0.0,0.0,0.5,[0.5],0.5,1.0,-1.0,0.0,0.8,-0.8,0.0,0.5,score
easy_new,ours_refined,0.9285714285714286,1.0571428571428572,140,2025-08-08T11:59:46,sweep_sizenew,46,0.1,10000,400,1.0,0.0,0.0,0.5,[0.5],0.5,1.0,-1.0,0.0,0.8,-0.8,0.0,0.5,score
hard_new,ours_refined,0.9,1.0333333333333334,60,2025-08-08T11:59:46,sweep_sizenew,46,0.1,10000,400,1.0,0.0,0.0,0.5,[0.5],0.5,1.0,-1.0,0.0,0.8,-0.8,0.0,0.5,score
overall,ours_refined,0.84,1.09,200,2025-08-08T11:59:46,sweep_sizenew,47,0.1,10000,400,1.0,0.0,0.0,0.5,[0.5],0.5,1.0,-1.0,0.0,0.8,-0.8,0.0,0.5,score
easy_new,ours_refined,0.8536585365853658,1.0731707317073171,123,2025-08-08T11:59:46,sweep_sizenew,47,0.1,10000,400,1.0,0.0,0.0,0.5,[0.5],0.5,1.0,-1.0,0.0,0.8,-0.8,0.0,0.5,score
hard_new,ours_refined,0.8181818181818182,1.1168831168831168,77,2025-08-08T11:59:46,sweep_sizenew,47,0.1,10000,400,1.0,0.0,0.0,0.5,[0.5],0.5,1.0,-1.0,0.0,0.8,-0.8,0.0,0.5,score
overall,ours_refined,0.88,1.06,200,2025-08-08T11:59:46,sweep_sizenew,48,0.1,10000,400,1.0,0.0,0.0,0.5,[0.5],0.5,1.0,-1.0,0.0,0.8,-0.8,0.0,0.5,score
easy_new,ours_refined,0.8809523809523809,1.0555555555555556,126,2025-08-08T11:59:46,sweep_sizenew,48,0.1,10000,400,1.0,0.0,0.0,0.5,[0.5],0.5,1.0,-1.0,0.0,0.8,-0.8,0.0,0.5,score
hard_new,ours_refined,0.8783783783783784,1.0675675675675675,74,2025-08-08T11:59:46,sweep_sizenew,48,0.1,10000,400,1.0,0.0,0.0,0.5,[0.5],0.5,1.0,-1.0,0.0,0.8,-0.8,0.0,0.5,score
overall,ours_refined,0.895,1.065,200,2025-08-08T11:59:46,sweep_sizenew,52,0.1,10000,400,1.0,0.0,0.0,0.5,[0.5],0.5,1.0,-1.0,0.0,0.8,-0.8,0.0,0.5,score
easy_new,ours_refined,0.8923076923076924,1.0615384615384615,130,2025-08-08T11:59:46,sweep_sizenew,52,0.1,10000,400,1.0,0.0,0.0,0.5,[0.5],0.5,1.0,-1.0,0.0,0.8,-0.8,0.0,0.5,score
hard_new,ours_refined,0.9,1.0714285714285714,70,2025-08-08T11:59:46,sweep_sizenew,52,0.1,10000,400,1.0,0.0,0.0,0.5,[0.5],0.5,1.0,-1.0,0.0,0.8,-0.8,0.0,0.5,score
overall,ours_refined,0.96,1.205,200,2025-08-08T11:59:47,sweep_sizenew,26,0.1,10000,400,1.0,0.0,0.0,0.5,[0.5],0.5,1.0,-1.0,0.0,0.8,-0.8,0.0,0.5,score
easy_new,ours_refined,0.9562043795620438,1.1824817518248176,137,2025-08-08T11:59:47,sweep_sizenew,26,0.1,10000,400,1.0,0.0,0.0,0.5,[0.5],0.5,1.0,-1.0,0.0,0.8,-0.8,0.0,0.5,score
hard_new,ours_refined,0.9682539682539683,1.253968253968254,63,2025-08-08T11:59:47,sweep_sizenew,26,0.1,10000,400,1.0,0.0,0.0,0.5,[0.5],0.5,1.0,-1.0,0.0,0.8,-0.8,0.0,0.5,score
overall,ours_refined,0.9133333333333333,1.0886666666666667,3000,2025-08-08T11:59:48,sweep_sizenew,27,0.1,10000,6000,1.0,0.0,0.0,0.5,[0.5],0.5,1.0,-1.0,0.0,0.8,-0.8,0.0,0.5,score
easy_new,ours_refined,0.9236947791164659,1.0838353413654618,1992,2025-08-08T11:59:48,sweep_sizenew,27,0.1,10000,6000,1.0,0.0,0.0,0.5,[0.5],0.5,1.0,-1.0,0.0,0.8,-0.8,0.0,0.5,score
hard_new,ours_refined,0.8928571428571429,1.0982142857142858,1008,2025-08-08T11:59:48,sweep_sizenew,27,0.1,10000,6000,1.0,0.0,0.0,0.5,[0.5],0.5,1.0,-1.0,0.0,0.8,-0.8,0.0,0.5,score
overall,ours_refined,0.9156666666666666,1.0866666666666667,3000,2025-08-08T11:59:49,sweep_sizenew,24,0.1,10000,6000,1.0,0.0,0.0,0.5,[0.5],0.5,1.0,-1.0,0.0,0.8,-0.8,0.0,0.5,score
easy_new,ours_refined,0.920523138832998,1.0754527162977867,1988,2025-08-08T11:59:49,sweep_sizenew,24,0.1,10000,6000,1.0,0.0,0.0,0.5,[0.5],0.5,1.0,-1.0,0.0,0.8,-0.8,0.0,0.5,score
hard_new,ours_refined,0.9061264822134387,1.108695652173913,1012,2025-08-08T11:59:49,sweep_sizenew,24,0.1,10000,6000,1.0,0.0,0.0,0.5,[0.5],0.5,1.0,-1.0,0.0,0.8,-0.8,0.0,0.5,score
overall,ours_refined,0.89,1.1233333333333333,300,2025-08-08T11:59:49,sweep_sizenew,49,0.1,10000,600,1.0,0.0,0.0,0.5,[0.5],0.5,1.0,-1.0,0.0,0.8,-0.8,0.0,0.5,score
easy_new,ours_refined,0.900523560209424,1.1047120418848169,191,2025-08-08T11:59:49,sweep_sizenew,49,0.1,10000,600,1.0,0.0,0.0,0.5,[0.5],0.5,1.0,-1.0,0.0,0.8,-0.8,0.0,0.5,score
hard_new,ours_refined,0.8715596330275229,1.1559633027522935,109,2025-08-08T11:59:49,sweep_sizenew,49,0.1,10000,600,1.0,0.0,0.0,0.5,[0.5],0.5,1.0,-1.0,0.0,0.8,-0.8,0.0,0.5,score
overall,ours_refined,0.91,1.165,200,2025-08-08T11:59:50,sweep_sizenew,41,0.1,10000,400,1.0,0.0,0.0,0.5,[0.5],0.5,1.0,-1.0,0.0,0.8,-0.8,0.0,0.5,score
easy_new,ours_refined,0.9214285714285714,1.15,140,2025-08-08T11:59:50,sweep_sizenew,41,0.1,10000,400,1.0,0.0,0.0,0.5,[0.5],0.5,1.0,-1.0,0.0,0.8,-0.8,0.0,0.5,score
hard_new,ours_refined,0.8833333333333333,1.2,60,2025-08-08T11:59:50,sweep_sizenew,41,0.1,10000,400,1.0,0.0,0.0,0.5,[0.5],0.5,1.0,-1.0,0.0,0.8,-0.8,0.0,0.5,score
overall,ours_refined,0.9233333333333333,1.09,300,2025-08-08T11:59:50,sweep_sizenew,50,0.1,10000,600,1.0,0.0,0.0,0.5,[0.5],0.5,1.0,-1.0,0.0,0.8,-0.8,0.0,0.5,score
easy_new,ours_refined,0.92018779342723,1.0610328638497653,213,2025-08-08T11:59:50,sweep_sizenew,50,0.1,10000,600,1.0,0.0,0.0,0.5,[0.5],0.5,1.0,-1.0,0.0,0.8,-0.8,0.0,0.5,score
hard_new,ours_refined,0.9310344827586207,1.160919540229885,87,2025-08-08T11:59:50,sweep_sizenew,50,0.1,10000,600,1.0,0.0,0.0,0.5,[0.5],0.5,1.0,-1.0,0.0,0.8,-0.8,0.0,0.5,score
overall,ours_refined,0.9011428571428571,1.0902857142857143,3500,2025-08-08T11:59:50,sweep_sizenew,22,0.1,10000,7000,1.0,0.0,0.0,0.5,[0.5],0.5,1.0,-1.0,0.0,0.8,-0.8,0.0,0.5,score
easy_new,ours_refined,0.9010940919037199,1.086214442013129,2285,2025-08-08T11:59:50,sweep_sizenew,22,0.1,10000,7000,1.0,0.0,0.0,0.5,[0.5],0.5,1.0,-1.0,0.0,0.8,-0.8,0.0,0.5,score
hard_new,ours_refined,0.9012345679012346,1.0979423868312757,1215,2025-08-08T11:59:50,sweep_sizenew,22,0.1,10000,7000,1.0,0.0,0.0,0.5,[0.5],0.5,1.0,-1.0,0.0,0.8,-0.8,0.0,0.5,score
overall,ours_refined,0.8966666666666666,1.0766666666666667,300,2025-08-08T11:59:50,sweep_sizenew,51,0.1,10000,600,1.0,0.0,0.0,0.5,[0.5],0.5,1.0,-1.0,0.0,0.8,-0.8,0.0,0.5,score
easy_new,ours_refined,0.8865979381443299,1.0618556701030928,194,2025-08-08T11:59:50,sweep_sizenew,51,0.1,10000,600,1.0,0.0,0.0,0.5,[0.5],0.5,1.0,-1.0,0.0,0.8,-0.8,0.0,0.5,score
hard_new,ours_refined,0.9150943396226415,1.1037735849056605,106,2025-08-08T11:59:50,sweep_sizenew,51,0.1,10000,600,1.0,0.0,0.0,0.5,[0.5],0.5,1.0,-1.0,0.0,0.8,-0.8,0.0,0.5,score
overall,ours_refined,0.898,1.0816666666666668,3000,2025-08-08T11:59:50,sweep_sizenew,30,0.1,10000,6000,1.0,0.0,0.0,0.5,[0.5],0.5,1.0,-1.0,0.0,0.8,-0.8,0.0,0.5,score
easy_new,ours_refined,0.9000504795557799,1.0742049469964665,1981,2025-08-08T11:59:50,sweep_sizenew,30,0.1,10000,6000,1.0,0.0,0.0,0.5,[0.5],0.5,1.0,-1.0,0.0,0.8,-0.8,0.0,0.5,score
hard_new,ours_refined,0.8940137389597644,1.0961727183513248,1019,2025-08-08T11:59:50,sweep_sizenew,30,0.1,10000,6000,1.0,0.0,0.0,0.5,[0.5],0.5,1.0,-1.0,0.0,0.8,-0.8,0.0,0.5,score
overall,ours_refined,0.8893333333333333,1.0816666666666668,3000,2025-08-08T11:59:50,sweep_sizenew,29,0.1,10000,6000,1.0,0.0,0.0,0.5,[0.5],0.5,1.0,-1.0,0.0,0.8,-0.8,0.0,0.5,score
easy_new,ours_refined,0.8914256722475901,1.0705225773718925,1971,2025-08-08T11:59:50,sweep_sizenew,29,0.1,10000,6000,1.0,0.0,0.0,0.5,[0.5],0.5,1.0,-1.0,0.0,0.8,-0.8,0.0,0.5,score
hard_new,ours_refined,0.8853255587949466,1.1030126336248784,1029,2025-08-08T11:59:50,sweep_sizenew,29,0.1,10000,6000,1.0,0.0,0.0,0.5,[0.5],0.5,1.0,-1.0,0.0,0.8,-0.8,0.0,0.5,score
overall,ours_refined,0.8986666666666666,1.0873333333333333,3000,2025-08-08T11:59:51,sweep_sizenew,35,0.1,10000,6000,1.0,0.0,0.0,0.5,[0.5],0.5,1.0,-1.0,0.0,0.8,-0.8,0.0,0.5,score
easy_new,ours_refined,0.9022177419354839,1.0836693548387097,1984,2025-08-08T11:59:51,sweep_sizenew,35,0.1,10000,6000,1.0,0.0,0.0,0.5,[0.5],0.5,1.0,-1.0,0.0,0.8,-0.8,0.0,0.5,score
hard_new,ours_refined,0.8917322834645669,1.094488188976378,1016,2025-08-08T11:59:51,sweep_sizenew,35,0.1,10000,6000,1.0,0.0,0.0,0.5,[0.5],0.5,1.0,-1.0,0.0,0.8,-0.8,0.0,0.5,score
overall,ours_refined,0.8825,1.0575,400,2025-08-08T11:59:51,sweep_sizenew,43,0.1,10000,800,1.0,0.0,0.0,0.5,[0.5],0.5,1.0,-1.0,0.0,0.8,-0.8,0.0,0.5,score
easy_new,ours_refined,0.8992805755395683,1.0611510791366907,278,2025-08-08T11:59:51,sweep_sizenew,43,0.1,10000,800,1.0,0.0,0.0,0.5,[0.5],0.5,1.0,-1.0,0.0,0.8,-0.8,0.0,0.5,score
hard_new,ours_refined,0.8442622950819673,1.0491803278688525,122,2025-08-08T11:59:51,sweep_sizenew,43,0.1,10000,800,1.0,0.0,0.0,0.5,[0.5],0.5,1.0,-1.0,0.0,0.8,-0.8,0.0,0.5,score
overall,ours_refined,0.8903333333333333,1.061,3000,2025-08-08T11:59:51,sweep_sizenew,25,0.1,10000,6000,1.0,0.0,0.0,0.5,[0.5],0.5,1.0,-1.0,0.0,0.8,-0.8,0.0,0.5,score
easy_new,ours_refined,0.8888317035512094,1.060730828615543,1943,2025-08-08T11:59:51,sweep_sizenew,25,0.1,10000,6000,1.0,0.0,0.0,0.5,[0.5],0.5,1.0,-1.0,0.0,0.8,-0.8,0.0,0.5,score
hard_new,ours_refined,0.8930936613055819,1.0614947965941344,1057,2025-08-08T11:59:51,sweep_sizenew,25,0.1,10000,6000,1.0,0.0,0.0,0.5,[0.5],0.5,1.0,-1.0,0.0,0.8,-0.8,0.0,0.5,score
overall,ours_refined,0.93,1.12,400,2025-08-08T11:59:51,sweep_sizenew,44,0.1,10000,800,1.0,0.0,0.0,0.5,[0.5],0.5,1.0,-1.0,0.0,0.8,-0.8,0.0,0.5,score
easy_new,ours_refined,0.9338235294117647,1.0919117647058822,272,2025-08-08T11:59:51,sweep_sizenew,44,0.1,10000,800,1.0,0.0,0.0,0.5,[0.5],0.5,1.0,-1.0,0.0,0.8,-0.8,0.0,0.5,score
hard_new,ours_refined,0.921875,1.1796875,128,2025-08-08T11:59:51,sweep_sizenew,44,0.1,10000,800,1.0,0.0,0.0,0.5,[0.5],0.5,1.0,-1.0,0.0,0.8,-0.8,0.0,0.5,score
overall,ours_refined,0.896,1.074,3000,2025-08-08T11:59:51,sweep_sizenew,34,0.1,10000,6000,1.0,0.0,0.0,0.5,[0.5],0.5,1.0,-1.0,0.0,0.8,-0.8,0.0,0.5,score
easy_new,ours_refined,0.8998993963782697,1.0709255533199196,1988,2025-08-08T11:59:51,sweep_sizenew,34,0.1,10000,6000,1.0,0.0,0.0,0.5,[0.5],0.5,1.0,-1.0,0.0,0.8,-0.8,0.0,0.5,score
hard_new,ours_refined,0.8883399209486166,1.0800395256916997,1012,2025-08-08T11:59:51,sweep_sizenew,34,0.1,10000,6000,1.0,0.0,0.0,0.5,[0.5],0.5,1.0,-1.0,0.0,0.8,-0.8,0.0,0.5,score
overall,ours_refined,0.902,1.0816666666666668,3000,2025-08-08T11:59:51,sweep_sizenew,31,0.1,10000,6000,1.0,0.0,0.0,0.5,[0.5],0.5,1.0,-1.0,0.0,0.8,-0.8,0.0,0.5,score
easy_new,ours_refined,0.9023517382413088,1.0664621676891615,1956,2025-08-08T11:59:51,sweep_sizenew,31,0.1,10000,6000,1.0,0.0,0.0,0.5,[0.5],0.5,1.0,-1.0,0.0,0.8,-0.8,0.0,0.5,score
hard_new,ours_refined,0.9013409961685823,1.1101532567049808,1044,2025-08-08T11:59:51,sweep_sizenew,31,0.1,10000,6000,1.0,0.0,0.0,0.5,[0.5],0.5,1.0,-1.0,0.0,0.8,-0.8,0.0,0.5,score
overall,ours_refined,0.907,1.1093333333333333,3000,2025-08-08T11:59:52,sweep_sizenew,28,0.1,10000,6000,1.0,0.0,0.0,0.5,[0.5],0.5,1.0,-1.0,0.0,0.8,-0.8,0.0,0.5,score
easy_new,ours_refined,0.9085365853658537,1.0919715447154472,1968,2025-08-08T11:59:52,sweep_sizenew,28,0.1,10000,6000,1.0,0.0,0.0,0.5,[0.5],0.5,1.0,-1.0,0.0,0.8,-0.8,0.0,0.5,score
hard_new,ours_refined,0.9040697674418605,1.1424418604651163,1032,2025-08-08T11:59:52,sweep_sizenew,28,0.1,10000,6000,1.0,0.0,0.0,0.5,[0.5],0.5,1.0,-1.0,0.0,0.8,-0.8,0.0,0.5,score
overall,ours_refined,0.889,1.056,2000,2025-08-08T11:59:52,sweep_sizenew,37,0.1,10000,4000,1.0,0.0,0.0,0.5,[0.5],0.5,1.0,-1.0,0.0,0.8,-0.8,0.0,0.5,score
easy_new,ours_refined,0.8875651526433358,1.054355919583023,1343,2025-08-08T11:59:52,sweep_sizenew,37,0.1,10000,4000,1.0,0.0,0.0,0.5,[0.5],0.5,1.0,-1.0,0.0,0.8,-0.8,0.0,0.5,score
hard_new,ours_refined,0.8919330289193302,1.0593607305936072,657,2025-08-08T11:59:52,sweep_sizenew,37,0.1,10000,4000,1.0,0.0,0.0,0.5,[0.5],0.5,1.0,-1.0,0.0,0.8,-0.8,0.0,0.5,score
overall,ours_refined,0.904,1.074,2000,2025-08-08T11:59:52,sweep_sizenew,36,0.1,10000,4000,1.0,0.0,0.0,0.5,[0.5],0.5,1.0,-1.0,0.0,0.8,-0.8,0.0,0.5,score
easy_new,ours_refined,0.9028309104820199,1.068859984697781,1307,2025-08-08T11:59:52,sweep_sizenew,36,0.1,10000,4000,1.0,0.0,0.0,0.5,[0.5],0.5,1.0,-1.0,0.0,0.8,-0.8,0.0,0.5,score
hard_new,ours_refined,0.9062049062049062,1.0836940836940836,693,2025-08-08T11:59:52,sweep_sizenew,36,0.1,10000,4000,1.0,0.0,0.0,0.5,[0.5],0.5,1.0,-1.0,0.0,0.8,-0.8,0.0,0.5,score
overall,ours_refined,0.8995,1.09,2000,2025-08-08T11:59:52,sweep_sizenew,38,0.1,10000,4000,1.0,0.0,0.0,0.5,[0.5],0.5,1.0,-1.0,0.0,0.8,-0.8,0.0,0.5,score
easy_new,ours_refined,0.9022154316271963,1.076394194041253,1309,2025-08-08T11:59:52,sweep_sizenew,38,0.1,10000,4000,1.0,0.0,0.0,0.5,[0.5],0.5,1.0,-1.0,0.0,0.8,-0.8,0.0,0.5,score
hard_new,ours_refined,0.894356005788712,1.1157742402315485,691,2025-08-08T11:59:52,sweep_sizenew,38,0.1,10000,4000,1.0,0.0,0.0,0.5,[0.5],0.5,1.0,-1.0,0.0,0.8,-0.8,0.0,0.5,score
overall,ours_refined,0.9033333333333333,1.0766666666666667,300,2025-08-08T11:59:52,sweep_sizenew,45,0.1,10000,600,1.0,0.0,0.0,0.5,[0.5],0.5,1.0,-1.0,0.0,0.8,-0.8,0.0,0.5,score
easy_new,ours_refined,0.9045226130653267,1.065326633165829,199,2025-08-08T11:59:52,sweep_sizenew,45,0.1,10000,600,1.0,0.0,0.0,0.5,[0.5],0.5,1.0,-1.0,0.0,0.8,-0.8,0.0,0.5,score
hard_new,ours_refined,0.900990099009901,1.099009900990099,101,2025-08-08T11:59:52,sweep_sizenew,45,0.1,10000,600,1.0,0.0,0.0,0.5,[0.5],0.5,1.0,-1.0,0.0,0.8,-0.8,0.0,0.5,score
overall,ours_refined,0.92,1.1166666666666667,300,2025-08-08T11:59:52,sweep_sizenew,47,0.1,10000,600,1.0,0.0,0.0,0.5,[0.5],0.5,1.0,-1.0,0.0,0.8,-0.8,0.0,0.5,score
easy_new,ours_refined,0.9278350515463918,1.0876288659793814,194,2025-08-08T11:59:52,sweep_sizenew,47,0.1,10000,600,1.0,0.0,0.0,0.5,[0.5],0.5,1.0,-1.0,0.0,0.8,-0.8,0.0,0.5,score
hard_new,ours_refined,0.9056603773584906,1.169811320754717,106,2025-08-08T11:59:52,sweep_sizenew,47,0.1,10000,600,1.0,0.0,0.0,0.5,[0.5],0.5,1.0,-1.0,0.0,0.8,-0.8,0.0,0.5,score
overall,ours_refined,0.9066666666666666,1.0633333333333332,300,2025-08-08T11:59:53,sweep_sizenew,46,0.1,10000,600,1.0,0.0,0.0,0.5,[0.5],0.5,1.0,-1.0,0.0,0.8,-0.8,0.0,0.5,score
easy_new,ours_refined,0.895,1.05,200,2025-08-08T11:59:53,sweep_sizenew,46,0.1,10000,600,1.0,0.0,0.0,0.5,[0.5],0.5,1.0,-1.0,0.0,0.8,-0.8,0.0,0.5,score
hard_new,ours_refined,0.93,1.09,100,2025-08-08T11:59:53,sweep_sizenew,46,0.1,10000,600,1.0,0.0,0.0,0.5,[0.5],0.5,1.0,-1.0,0.0,0.8,-0.8,0.0,0.5,score
overall,ours_refined,0.88,1.0366666666666666,300,2025-08-08T11:59:53,sweep_sizenew,48,0.1,10000,600,1.0,0.0,0.0,0.5,[0.5],0.5,1.0,-1.0,0.0,0.8,-0.8,0.0,0.5,score
easy_new,ours_refined,0.859375,1.0416666666666667,192,2025-08-08T11:59:53,sweep_sizenew,48,0.1,10000,600,1.0,0.0,0.0,0.5,[0.5],0.5,1.0,-1.0,0.0,0.8,-0.8,0.0,0.5,score
hard_new,ours_refined,0.9166666666666666,1.0277777777777777,108,2025-08-08T11:59:53,sweep_sizenew,48,0.1,10000,600,1.0,0.0,0.0,0.5,[0.5],0.5,1.0,-1.0,0.0,0.8,-0.8,0.0,0.5,score
overall,ours_refined,0.8988571428571429,1.078857142857143,3500,2025-08-08T11:59:53,sweep_sizenew,23,0.1,10000,7000,1.0,0.0,0.0,0.5,[0.5],0.5,1.0,-1.0,0.0,0.8,-0.8,0.0,0.5,score
easy_new,ours_refined,0.9053586862575627,1.0717372515125325,2314,2025-08-08T11:59:53,sweep_sizenew,23,0.1,10000,7000,1.0,0.0,0.0,0.5,[0.5],0.5,1.0,-1.0,0.0,0.8,-0.8,0.0,0.5,score
hard_new,ours_refined,0.8861720067453626,1.0927487352445193,1186,2025-08-08T11:59:53,sweep_sizenew,23,0.1,10000,7000,1.0,0.0,0.0,0.5,[0.5],0.5,1.0,-1.0,0.0,0.8,-0.8,0.0,0.5,score
overall,ours_refined,0.8966666666666666,1.0866666666666667,3000,2025-08-08T11:59:53,sweep_sizenew,32,0.1,10000,6000,1.0,0.0,0.0,0.5,[0.5],0.5,1.0,-1.0,0.0,0.8,-0.8,0.0,0.5,score
easy_new,ours_refined,0.9022784810126582,1.0759493670886076,1975,2025-08-08T11:59:53,sweep_sizenew,32,0.1,10000,6000,1.0,0.0,0.0,0.5,[0.5],0.5,1.0,-1.0,0.0,0.8,-0.8,0.0,0.5,score
hard_new,ours_refined,0.8858536585365854,1.1073170731707318,1025,2025-08-08T11:59:53,sweep_sizenew,32,0.1,10000,6000,1.0,0.0,0.0,0.5,[0.5],0.5,1.0,-1.0,0.0,0.8,-0.8,0.0,0.5,score
overall,ours_refined,0.9133333333333333,1.11,300,2025-08-08T11:59:54,sweep_sizenew,42,0.1,10000,600,1.0,0.0,0.0,0.5,[0.5],0.5,1.0,-1.0,0.0,0.8,-0.8,0.0,0.5,score
easy_new,ours_refined,0.9158415841584159,1.0792079207920793,202,2025-08-08T11:59:54,sweep_sizenew,42,0.1,10000,600,1.0,0.0,0.0,0.5,[0.5],0.5,1.0,-1.0,0.0,0.8,-0.8,0.0,0.5,score
hard_new,ours_refined,0.9081632653061225,1.1734693877551021,98,2025-08-08T11:59:54,sweep_sizenew,42,0.1,10000,600,1.0,0.0,0.0,0.5,[0.5],0.5,1.0,-1.0,0.0,0.8,-0.8,0.0,0.5,score
overall,ours_refined,0.886,1.0646666666666667,1500,2025-08-08T11:59:54,sweep_sizenew,33,0.1,10000,3000,1.0,0.0,0.0,0.5,[0.5],0.5,1.0,-1.0,0.0,0.8,-0.8,0.0,0.5,score
easy_new,ours_refined,0.8965174129353234,1.063681592039801,1005,2025-08-08T11:59:54,sweep_sizenew,33,0.1,10000,3000,1.0,0.0,0.0,0.5,[0.5],0.5,1.0,-1.0,0.0,0.8,-0.8,0.0,0.5,score
hard_new,ours_refined,0.8646464646464647,1.0666666666666667,495,2025-08-08T11:59:54,sweep_sizenew,33,0.1,10000,3000,1.0,0.0,0.0,0.5,[0.5],0.5,1.0,-1.0,0.0,0.8,-0.8,0.0,0.5,score
overall,ours_refined,0.8433333333333334,1.0633333333333332,300,2025-08-08T11:59:54,sweep_sizenew,52,0.1,10000,600,1.0,0.0,0.0,0.5,[0.5],0.5,1.0,-1.0,0.0,0.8,-0.8,0.0,0.5,score
easy_new,ours_refined,0.865,1.045,200,2025-08-08T11:59:54,sweep_sizenew,52,0.1,10000,600,1.0,0.0,0.0,0.5,[0.5],0.5,1.0,-1.0,0.0,0.8,-0.8,0.0,0.5,score
hard_new,ours_refined,0.8,1.1,100,2025-08-08T11:59:54,sweep_sizenew,52,0.1,10000,600,1.0,0.0,0.0,0.5,[0.5],0.5,1.0,-1.0,0.0,0.8,-0.8,0.0,0.5,score
overall,ours_refined,0.8992,1.0816,2500,2025-08-08T11:59:55,sweep_sizenew,40,0.1,10000,5000,1.0,0.0,0.0,0.5,[0.5],0.5,1.0,-1.0,0.0,0.8,-0.8,0.0,0.5,score
easy_new,ours_refined,0.9065934065934066,1.0775335775335775,1638,2025-08-08T11:59:55,sweep_sizenew,40,0.1,10000,5000,1.0,0.0,0.0,0.5,[0.5],0.5,1.0,-1.0,0.0,0.8,-0.8,0.0,0.5,score
hard_new,ours_refined,0.8851508120649652,1.0893271461716938,862,2025-08-08T11:59:55,sweep_sizenew,40,0.1,10000,5000,1.0,0.0,0.0,0.5,[0.5],0.5,1.0,-1.0,0.0,0.8,-0.8,0.0,0.5,score
overall,ours_refined,0.8966666666666666,1.11,300,2025-08-08T11:59:55,sweep_sizenew,41,0.1,10000,600,1.0,0.0,0.0,0.5,[0.5],0.5,1.0,-1.0,0.0,0.8,-0.8,0.0,0.5,score
easy_new,ours_refined,0.9019607843137255,1.1176470588235294,204,2025-08-08T11:59:55,sweep_sizenew,41,0.1,10000,600,1.0,0.0,0.0,0.5,[0.5],0.5,1.0,-1.0,0.0,0.8,-0.8,0.0,0.5,score
hard_new,ours_refined,0.8854166666666666,1.09375,96,2025-08-08T11:59:55,sweep_sizenew,41,0.1,10000,600,1.0,0.0,0.0,0.5,[0.5],0.5,1.0,-1.0,0.0,0.8,-0.8,0.0,0.5,score
overall,ours_refined,0.9333333333333333,1.1433333333333333,300,2025-08-08T11:59:55,sweep_sizenew,26,0.1,10000,600,1.0,0.0,0.0,0.5,[0.5],0.5,1.0,-1.0,0.0,0.8,-0.8,0.0,0.5,score
easy_new,ours_refined,0.9468085106382979,1.0904255319148937,188,2025-08-08T11:59:55,sweep_sizenew,26,0.1,10000,600,1.0,0.0,0.0,0.5,[0.5],0.5,1.0,-1.0,0.0,0.8,-0.8,0.0,0.5,score
hard_new,ours_refined,0.9107142857142857,1.2321428571428572,112,2025-08-08T11:59:55,sweep_sizenew,26,0.1,10000,600,1.0,0.0,0.0,0.5,[0.5],0.5,1.0,-1.0,0.0,0.8,-0.8,0.0,0.5,score
overall,ours_refined,0.8856,1.0596,2500,2025-08-08T11:59:55,sweep_sizenew,39,0.1,10000,5000,1.0,0.0,0.0,0.5,[0.5],0.5,1.0,-1.0,0.0,0.8,-0.8,0.0,0.5,score
easy_new,ours_refined,0.8868832731648616,1.0565583634175693,1662,2025-08-08T11:59:55,sweep_sizenew,39,0.1,10000,5000,1.0,0.0,0.0,0.5,[0.5],0.5,1.0,-1.0,0.0,0.8,-0.8,0.0,0.5,score
hard_new,ours_refined,0.883054892601432,1.0656324582338903,838,2025-08-08T11:59:55,sweep_sizenew,39,0.1,10000,5000,1.0,0.0,0.0,0.5,[0.5],0.5,1.0,-1.0,0.0,0.8,-0.8,0.0,0.5,score
overall,ours_refined,0.905,1.095,400,2025-08-08T11:59:57,sweep_sizenew,51,0.1,10000,800,1.0,0.0,0.0,0.5,[0.5],0.5,1.0,-1.0,0.0,0.8,-0.8,0.0,0.5,score
easy_new,ours_refined,0.9274809160305344,1.1068702290076335,262,2025-08-08T11:59:57,sweep_sizenew,51,0.1,10000,800,1.0,0.0,0.0,0.5,[0.5],0.5,1.0,-1.0,0.0,0.8,-0.8,0.0,0.5,score
hard_new,ours_refined,0.8623188405797102,1.0724637681159421,138,2025-08-08T11:59:57,sweep_sizenew,51,0.1,10000,800,1.0,0.0,0.0,0.5,[0.5],0.5,1.0,-1.0,0.0,0.8,-0.8,0.0,0.5,score
overall,ours_refined,0.9,1.065,400,2025-08-08T11:59:57,sweep_sizenew,49,0.1,10000,800,1.0,0.0,0.0,0.5,[0.5],0.5,1.0,-1.0,0.0,0.8,-0.8,0.0,0.5,score
easy_new,ours_refined,0.8888888888888888,1.053639846743295,261,2025-08-08T11:59:57,sweep_sizenew,49,0.1,10000,800,1.0,0.0,0.0,0.5,[0.5],0.5,1.0,-1.0,0.0,0.8,-0.8,0.0,0.5,score
hard_new,ours_refined,0.920863309352518,1.0863309352517985,139,2025-08-08T11:59:57,sweep_sizenew,49,0.1,10000,800,1.0,0.0,0.0,0.5,[0.5],0.5,1.0,-1.0,0.0,0.8,-0.8,0.0,0.5,score
overall,ours_refined,0.915,1.105,400,2025-08-08T11:59:57,sweep_sizenew,50,0.1,10000,800,1.0,0.0,0.0,0.5,[0.5],0.5,1.0,-1.0,0.0,0.8,-0.8,0.0,0.5,score
easy_new,ours_refined,0.9154411764705882,1.088235294117647,272,2025-08-08T11:59:57,sweep_sizenew,50,0.1,10000,800,1.0,0.0,0.0,0.5,[0.5],0.5,1.0,-1.0,0.0,0.8,-0.8,0.0,0.5,score
hard_new,ours_refined,0.9140625,1.140625,128,2025-08-08T11:59:57,sweep_sizenew,50,0.1,10000,800,1.0,0.0,0.0,0.5,[0.5],0.5,1.0,-1.0,0.0,0.8,-0.8,0.0,0.5,score
overall,ours_refined,0.8851428571428571,1.0814285714285714,3500,2025-08-08T11:59:57,sweep_sizenew,27,0.1,10000,7000,1.0,0.0,0.0,0.5,[0.5],0.5,1.0,-1.0,0.0,0.8,-0.8,0.0,0.5,score
easy_new,ours_refined,0.8871794871794871,1.0726495726495726,2340,2025-08-08T11:59:57,sweep_sizenew,27,0.1,10000,7000,1.0,0.0,0.0,0.5,[0.5],0.5,1.0,-1.0,0.0,0.8,-0.8,0.0,0.5,score
hard_new,ours_refined,0.8810344827586207,1.0991379310344827,1160,2025-08-08T11:59:57,sweep_sizenew,27,0.1,10000,7000,1.0,0.0,0.0,0.5,[0.5],0.5,1.0,-1.0,0.0,0.8,-0.8,0.0,0.5,score
overall,ours_refined,0.908,1.092,500,2025-08-08T11:59:57,sweep_sizenew,43,0.1,10000,1000,1.0,0.0,0.0,0.5,[0.5],0.5,1.0,-1.0,0.0,0.8,-0.8,0.0,0.5,score
easy_new,ours_refined,0.9104477611940298,1.0746268656716418,335,2025-08-08T11:59:57,sweep_sizenew,43,0.1,10000,1000,1.0,0.0,0.0,0.5,[0.5],0.5,1.0,-1.0,0.0,0.8,-0.8,0.0,0.5,score
hard_new,ours_refined,0.9030303030303031,1.1272727272727272,165,2025-08-08T11:59:57,sweep_sizenew,43,0.1,10000,1000,1.0,0.0,0.0,0.5,[0.5],0.5,1.0,-1.0,0.0,0.8,-0.8,0.0,0.5,score
overall,ours_refined,0.91,1.086,500,2025-08-08T11:59:57,sweep_sizenew,44,0.1,10000,1000,1.0,0.0,0.0,0.5,[0.5],0.5,1.0,-1.0,0.0,0.8,-0.8,0.0,0.5,score
easy_new,ours_refined,0.9169054441260746,1.0630372492836677,349,2025-08-08T11:59:57,sweep_sizenew,44,0.1,10000,1000,1.0,0.0,0.0,0.5,[0.5],0.5,1.0,-1.0,0.0,0.8,-0.8,0.0,0.5,score
hard_new,ours_refined,0.8940397350993378,1.1390728476821192,151,2025-08-08T11:59:57,sweep_sizenew,44,0.1,10000,1000,1.0,0.0,0.0,0.5,[0.5],0.5,1.0,-1.0,0.0,0.8,-0.8,0.0,0.5,score
overall,ours_refined,0.9057142857142857,1.0985714285714285,3500,2025-08-08T11:59:58,sweep_sizenew,24,0.1,10000,7000,1.0,0.0,0.0,0.5,[0.5],0.5,1.0,-1.0,0.0,0.8,-0.8,0.0,0.5,score
easy_new,ours_refined,0.9064655172413794,1.0862068965517242,2320,2025-08-08T11:59:58,sweep_sizenew,24,0.1,10000,7000,1.0,0.0,0.0,0.5,[0.5],0.5,1.0,-1.0,0.0,0.8,-0.8,0.0,0.5,score
hard_new,ours_refined,0.9042372881355932,1.1228813559322033,1180,2025-08-08T11:59:58,sweep_sizenew,24,0.1,10000,7000,1.0,0.0,0.0,0.5,[0.5],0.5,1.0,-1.0,0.0,0.8,-0.8,0.0,0.5,score
overall,ours_refined,0.9142857142857143,1.0934285714285714,3500,2025-08-08T11:59:59,sweep_sizenew,30,0.1,10000,7000,1.0,0.0,0.0,0.5,[0.5],0.5,1.0,-1.0,0.0,0.8,-0.8,0.0,0.5,score
easy_new,ours_refined,0.9135322092520536,1.0847384349329874,2313,2025-08-08T11:59:59,sweep_sizenew,30,0.1,10000,7000,1.0,0.0,0.0,0.5,[0.5],0.5,1.0,-1.0,0.0,0.8,-0.8,0.0,0.5,score
hard_new,ours_refined,0.9157540016849199,1.1103622577927548,1187,2025-08-08T11:59:59,sweep_sizenew,30,0.1,10000,7000,1.0,0.0,0.0,0.5,[0.5],0.5,1.0,-1.0,0.0,0.8,-0.8,0.0,0.5,score
overall,ours_refined,0.8937142857142857,1.0802857142857143,3500,2025-08-08T11:59:59,sweep_sizenew,29,0.1,10000,7000,1.0,0.0,0.0,0.5,[0.5],0.5,1.0,-1.0,0.0,0.8,-0.8,0.0,0.5,score
easy_new,ours_refined,0.8897027143472641,1.0710900473933649,2321,2025-08-08T11:59:59,sweep_sizenew,29,0.1,10000,7000,1.0,0.0,0.0,0.5,[0.5],0.5,1.0,-1.0,0.0,0.8,-0.8,0.0,0.5,score
hard_new,ours_refined,0.9016115351993215,1.0983884648006785,1179,2025-08-08T11:59:59,sweep_sizenew,29,0.1,10000,7000,1.0,0.0,0.0,0.5,[0.5],0.5,1.0,-1.0,0.0,0.8,-0.8,0.0,0.5,score
overall,ours_refined,0.9225,1.1125,400,2025-08-08T11:59:59,sweep_sizenew,45,0.1,10000,800,1.0,0.0,0.0,0.5,[0.5],0.5,1.0,-1.0,0.0,0.8,-0.8,0.0,0.5,score
easy_new,ours_refined,0.9090909090909091,1.1018181818181818,275,2025-08-08T11:59:59,sweep_sizenew,45,0.1,10000,800,1.0,0.0,0.0,0.5,[0.5],0.5,1.0,-1.0,0.0,0.8,-0.8,0.0,0.5,score
hard_new,ours_refined,0.952,1.136,125,2025-08-08T11:59:59,sweep_sizenew,45,0.1,10000,800,1.0,0.0,0.0,0.5,[0.5],0.5,1.0,-1.0,0.0,0.8,-0.8,0.0,0.5,score
overall,ours_refined,0.8825,1.1325,400,2025-08-08T11:59:59,sweep_sizenew,46,0.1,10000,800,1.0,0.0,0.0,0.5,[0.5],0.5,1.0,-1.0,0.0,0.8,-0.8,0.0,0.5,score
easy_new,ours_refined,0.8892988929889298,1.136531365313653,271,2025-08-08T11:59:59,sweep_sizenew,46,0.1,10000,800,1.0,0.0,0.0,0.5,[0.5],0.5,1.0,-1.0,0.0,0.8,-0.8,0.0,0.5,score
hard_new,ours_refined,0.8682170542635659,1.124031007751938,129,2025-08-08T11:59:59,sweep_sizenew,46,0.1,10000,800,1.0,0.0,0.0,0.5,[0.5],0.5,1.0,-1.0,0.0,0.8,-0.8,0.0,0.5,score
overall,ours_refined,0.905,1.12,400,2025-08-08T11:59:59,sweep_sizenew,47,0.1,10000,800,1.0,0.0,0.0,0.5,[0.5],0.5,1.0,-1.0,0.0,0.8,-0.8,0.0,0.5,score
easy_new,ours_refined,0.8996138996138996,1.111969111969112,259,2025-08-08T11:59:59,sweep_sizenew,47,0.1,10000,800,1.0,0.0,0.0,0.5,[0.5],0.5,1.0,-1.0,0.0,0.8,-0.8,0.0,0.5,score
hard_new,ours_refined,0.9148936170212766,1.1347517730496455,141,2025-08-08T11:59:59,sweep_sizenew,47,0.1,10000,800,1.0,0.0,0.0,0.5,[0.5],0.5,1.0,-1.0,0.0,0.8,-0.8,0.0,0.5,score
overall,ours_refined,0.885,1.02,400,2025-08-08T11:59:59,sweep_sizenew,48,0.1,10000,800,1.0,0.0,0.0,0.5,[0.5],0.5,1.0,-1.0,0.0,0.8,-0.8,0.0,0.5,score
easy_new,ours_refined,0.8735632183908046,1.0153256704980842,261,2025-08-08T11:59:59,sweep_sizenew,48,0.1,10000,800,1.0,0.0,0.0,0.5,[0.5],0.5,1.0,-1.0,0.0,0.8,-0.8,0.0,0.5,score
hard_new,ours_refined,0.9064748201438849,1.0287769784172662,139,2025-08-08T11:59:59,sweep_sizenew,48,0.1,10000,800,1.0,0.0,0.0,0.5,[0.5],0.5,1.0,-1.0,0.0,0.8,-0.8,0.0,0.5,score
overall,ours_refined,0.98,1.36,50,2025-08-08T12:00:00,sweep_sizenew,53,0.1,10000,100,1.0,0.0,0.0,0.5,[0.5],0.5,1.0,-1.0,0.0,0.8,-0.8,0.0,0.5,score
easy_new,ours_refined,0.9705882352941176,1.2647058823529411,34,2025-08-08T12:00:00,sweep_sizenew,53,0.1,10000,100,1.0,0.0,0.0,0.5,[0.5],0.5,1.0,-1.0,0.0,0.8,-0.8,0.0,0.5,score
hard_new,ours_refined,1.0,1.5625,16,2025-08-08T12:00:00,sweep_sizenew,53,0.1,10000,100,1.0,0.0,0.0,0.5,[0.5],0.5,1.0,-1.0,0.0,0.8,-0.8,0.0,0.5,score
overall,ours_refined,0.896,1.0874285714285714,3500,2025-08-08T12:00:00,sweep_sizenew,35,0.1,10000,7000,1.0,0.0,0.0,0.5,[0.5],0.5,1.0,-1.0,0.0,0.8,-0.8,0.0,0.5,score
easy_new,ours_refined,0.898581865062312,1.0683283197249678,2327,2025-08-08T12:00:00,sweep_sizenew,35,0.1,10000,7000,1.0,0.0,0.0,0.5,[0.5],0.5,1.0,-1.0,0.0,0.8,-0.8,0.0,0.5,score
hard_new,ours_refined,0.8908780903665814,1.1253196930946292,1173,2025-08-08T12:00:00,sweep_sizenew,35,0.1,10000,7000,1.0,0.0,0.0,0.5,[0.5],0.5,1.0,-1.0,0.0,0.8,-0.8,0.0,0.5,score
overall,ours_refined,0.8951428571428571,1.072,3500,2025-08-08T12:00:00,sweep_sizenew,34,0.1,10000,7000,1.0,0.0,0.0,0.5,[0.5],0.5,1.0,-1.0,0.0,0.8,-0.8,0.0,0.5,score
easy_new,ours_refined,0.8992180712423979,1.0651607298001737,2302,2025-08-08T12:00:00,sweep_sizenew,34,0.1,10000,7000,1.0,0.0,0.0,0.5,[0.5],0.5,1.0,-1.0,0.0,0.8,-0.8,0.0,0.5,score
hard_new,ours_refined,0.8873121869782972,1.0851419031719534,1198,2025-08-08T12:00:00,sweep_sizenew,34,0.1,10000,7000,1.0,0.0,0.0,0.5,[0.5],0.5,1.0,-1.0,0.0,0.8,-0.8,0.0,0.5,score
overall,ours_refined,0.9077142857142857,1.09,3500,2025-08-08T12:00:00,sweep_sizenew,25,0.1,10000,7000,1.0,0.0,0.0,0.5,[0.5],0.5,1.0,-1.0,0.0,0.8,-0.8,0.0,0.5,score
easy_new,ours_refined,0.9122270742358078,1.0829694323144106,2290,2025-08-08T12:00:00,sweep_sizenew,25,0.1,10000,7000,1.0,0.0,0.0,0.5,[0.5],0.5,1.0,-1.0,0.0,0.8,-0.8,0.0,0.5,score
hard_new,ours_refined,0.8991735537190083,1.103305785123967,1210,2025-08-08T12:00:00,sweep_sizenew,25,0.1,10000,7000,1.0,0.0,0.0,0.5,[0.5],0.5,1.0,-1.0,0.0,0.8,-0.8,0.0,0.5,score
overall,ours_refined,0.92,1.12,50,2025-08-08T12:00:00,sweep_sizenew,82,0.1,10000,100,1.0,0.0,0.0,0.5,[0.5],0.5,1.0,-1.0,0.0,0.8,-0.8,0.0,0.5,score
easy_new,ours_refined,0.9393939393939394,1.1515151515151516,33,2025-08-08T12:00:00,sweep_sizenew,82,0.1,10000,100,1.0,0.0,0.0,0.5,[0.5],0.5,1.0,-1.0,0.0,0.8,-0.8,0.0,0.5,score
hard_new,ours_refined,0.8823529411764706,1.0588235294117647,17,2025-08-08T12:00:00,sweep_sizenew,82,0.1,10000,100,1.0,0.0,0.0,0.5,[0.5],0.5,1.0,-1.0,0.0,0.8,-0.8,0.0,0.5,score
overall,ours_refined,0.88,1.08,50,2025-08-08T12:00:00,sweep_sizenew,80,0.1,10000,100,1.0,0.0,0.0,0.5,[0.5],0.5,1.0,-1.0,0.0,0.8,-0.8,0.0,0.5,score
easy_new,ours_refined,0.8787878787878788,1.0303030303030303,33,2025-08-08T12:00:00,sweep_sizenew,80,0.1,10000,100,1.0,0.0,0.0,0.5,[0.5],0.5,1.0,-1.0,0.0,0.8,-0.8,0.0,0.5,score
hard_new,ours_refined,0.8823529411764706,1.1764705882352942,17,2025-08-08T12:00:00,sweep_sizenew,80,0.1,10000,100,1.0,0.0,0.0,0.5,[0.5],0.5,1.0,-1.0,0.0,0.8,-0.8,0.0,0.5,score
overall,ours_refined,0.94,1.2,50,2025-08-08T12:00:00,sweep_sizenew,81,0.1,10000,100,1.0,0.0,0.0,0.5,[0.5],0.5,1.0,-1.0,0.0,0.8,-0.8,0.0,0.5,score
easy_new,ours_refined,0.9459459459459459,1.162162162162162,37,2025-08-08T12:00:00,sweep_sizenew,81,0.1,10000,100,1.0,0.0,0.0,0.5,[0.5],0.5,1.0,-1.0,0.0,0.8,-0.8,0.0,0.5,score
hard_new,ours_refined,0.9230769230769231,1.3076923076923077,13,2025-08-08T12:00:00,sweep_sizenew,81,0.1,10000,100,1.0,0.0,0.0,0.5,[0.5],0.5,1.0,-1.0,0.0,0.8,-0.8,0.0,0.5,score
overall,ours_refined,0.96,1.18,50,2025-08-08T12:00:00,sweep_sizenew,78,0.1,10000,100,1.0,0.0,0.0,0.5,[0.5],0.5,1.0,-1.0,0.0,0.8,-0.8,0.0,0.5,score
easy_new,ours_refined,0.9354838709677419,1.1612903225806452,31,2025-08-08T12:00:00,sweep_sizenew,78,0.1,10000,100,1.0,0.0,0.0,0.5,[0.5],0.5,1.0,-1.0,0.0,0.8,-0.8,0.0,0.5,score
hard_new,ours_refined,1.0,1.2105263157894737,19,2025-08-08T12:00:00,sweep_sizenew,78,0.1,10000,100,1.0,0.0,0.0,0.5,[0.5],0.5,1.0,-1.0,0.0,0.8,-0.8,0.0,0.5,score
overall,ours_refined,0.92,1.14,50,2025-08-08T12:00:00,sweep_sizenew,79,0.1,10000,100,1.0,0.0,0.0,0.5,[0.5],0.5,1.0,-1.0,0.0,0.8,-0.8,0.0,0.5,score
easy_new,ours_refined,0.8857142857142857,1.0857142857142856,35,2025-08-08T12:00:00,sweep_sizenew,79,0.1,10000,100,1.0,0.0,0.0,0.5,[0.5],0.5,1.0,-1.0,0.0,0.8,-0.8,0.0,0.5,score
hard_new,ours_refined,1.0,1.2666666666666666,15,2025-08-08T12:00:00,sweep_sizenew,79,0.1,10000,100,1.0,0.0,0.0,0.5,[0.5],0.5,1.0,-1.0,0.0,0.8,-0.8,0.0,0.5,score
overall,ours_refined,1.0,1.44,50,2025-08-08T12:00:00,sweep_sizenew,83,0.1,10000,100,1.0,0.0,0.0,0.5,[0.5],0.5,1.0,-1.0,0.0,0.8,-0.8,0.0,0.5,score
easy_new,ours_refined,1.0,1.3421052631578947,38,2025-08-08T12:00:00,sweep_sizenew,83,0.1,10000,100,1.0,0.0,0.0,0.5,[0.5],0.5,1.0,-1.0,0.0,0.8,-0.8,0.0,0.5,score
hard_new,ours_refined,1.0,1.75,12,2025-08-08T12:00:00,sweep_sizenew,83,0.1,10000,100,1.0,0.0,0.0,0.5,[0.5],0.5,1.0,-1.0,0.0,0.8,-0.8,0.0,0.5,score
overall,ours_refined,0.885,1.1275,400,2025-08-08T12:00:00,sweep_sizenew,41,0.1,10000,800,1.0,0.0,0.0,0.5,[0.5],0.5,1.0,-1.0,0.0,0.8,-0.8,0.0,0.5,score
easy_new,ours_refined,0.9157509157509157,1.1135531135531136,273,2025-08-08T12:00:00,sweep_sizenew,41,0.1,10000,800,1.0,0.0,0.0,0.5,[0.5],0.5,1.0,-1.0,0.0,0.8,-0.8,0.0,0.5,score
hard_new,ours_refined,0.8188976377952756,1.1574803149606299,127,2025-08-08T12:00:00,sweep_sizenew,41,0.1,10000,800,1.0,0.0,0.0,0.5,[0.5],0.5,1.0,-1.0,0.0,0.8,-0.8,0.0,0.5,score
overall,ours_refined,0.8982857142857142,1.0757142857142856,3500,2025-08-08T12:00:00,sweep_sizenew,28,0.1,10000,7000,1.0,0.0,0.0,0.5,[0.5],0.5,1.0,-1.0,0.0,0.8,-0.8,0.0,0.5,score
easy_new,ours_refined,0.9038128249566725,1.0610918544194108,2308,2025-08-08T12:00:00,sweep_sizenew,28,0.1,10000,7000,1.0,0.0,0.0,0.5,[0.5],0.5,1.0,-1.0,0.0,0.8,-0.8,0.0,0.5,score
hard_new,ours_refined,0.8875838926174496,1.104026845637584,1192,2025-08-08T12:00:00,sweep_sizenew,28,0.1,10000,7000,1.0,0.0,0.0,0.5,[0.5],0.5,1.0,-1.0,0.0,0.8,-0.8,0.0,0.5,score
overall,ours_refined,0.912,1.0882857142857143,3500,2025-08-08T12:00:00,sweep_sizenew,31,0.1,10000,7000,1.0,0.0,0.0,0.5,[0.5],0.5,1.0,-1.0,0.0,0.8,-0.8,0.0,0.5,score
easy_new,ours_refined,0.9126426690079017,1.0794556628621599,2278,2025-08-08T12:00:00,sweep_sizenew,31,0.1,10000,7000,1.0,0.0,0.0,0.5,[0.5],0.5,1.0,-1.0,0.0,0.8,-0.8,0.0,0.5,score
hard_new,ours_refined,0.9108019639934534,1.104746317512275,1222,2025-08-08T12:00:00,sweep_sizenew,31,0.1,10000,7000,1.0,0.0,0.0,0.5,[0.5],0.5,1.0,-1.0,0.0,0.8,-0.8,0.0,0.5,score
overall,ours_refined,0.9044,1.082,2500,2025-08-08T12:00:01,sweep_sizenew,38,0.1,10000,5000,1.0,0.0,0.0,0.5,[0.5],0.5,1.0,-1.0,0.0,0.8,-0.8,0.0,0.5,score
easy_new,ours_refined,0.900796080832823,1.0747091243110838,1633,2025-08-08T12:00:01,sweep_sizenew,38,0.1,10000,5000,1.0,0.0,0.0,0.5,[0.5],0.5,1.0,-1.0,0.0,0.8,-0.8,0.0,0.5,score
hard_new,ours_refined,0.9111880046136102,1.0957324106113033,867,2025-08-08T12:00:01,sweep_sizenew,38,0.1,10000,5000,1.0,0.0,0.0,0.5,[0.5],0.5,1.0,-1.0,0.0,0.8,-0.8,0.0,0.5,score
overall,ours_refined,0.892,1.079,4000,2025-08-08T12:00:01,sweep_sizenew,22,0.1,10000,8000,1.0,0.0,0.0,0.5,[0.5],0.5,1.0,-1.0,0.0,0.8,-0.8,0.0,0.5,score
easy_new,ours_refined,0.8954198473282443,1.06793893129771,2620,2025-08-08T12:00:01,sweep_sizenew,22,0.1,10000,8000,1.0,0.0,0.0,0.5,[0.5],0.5,1.0,-1.0,0.0,0.8,-0.8,0.0,0.5,score
hard_new,ours_refined,0.8855072463768116,1.1,1380,2025-08-08T12:00:01,sweep_sizenew,22,0.1,10000,8000,1.0,0.0,0.0,0.5,[0.5],0.5,1.0,-1.0,0.0,0.8,-0.8,0.0,0.5,score
overall,ours_refined,0.906,1.0916,2500,2025-08-08T12:00:01,sweep_sizenew,36,0.1,10000,5000,1.0,0.0,0.0,0.5,[0.5],0.5,1.0,-1.0,0.0,0.8,-0.8,0.0,0.5,score
easy_new,ours_refined,0.9122373300370828,1.0803461063040791,1618,2025-08-08T12:00:01,sweep_sizenew,36,0.1,10000,5000,1.0,0.0,0.0,0.5,[0.5],0.5,1.0,-1.0,0.0,0.8,-0.8,0.0,0.5,score
hard_new,ours_refined,0.8945578231292517,1.1122448979591837,882,2025-08-08T12:00:01,sweep_sizenew,36,0.1,10000,5000,1.0,0.0,0.0,0.5,[0.5],0.5,1.0,-1.0,0.0,0.8,-0.8,0.0,0.5,score
overall,ours_refined,0.9076,1.1072,2500,2025-08-08T12:00:02,sweep_sizenew,37,0.1,10000,5000,1.0,0.0,0.0,0.5,[0.5],0.5,1.0,-1.0,0.0,0.8,-0.8,0.0,0.5,score
easy_new,ours_refined,0.9181008902077151,1.0943620178041542,1685,2025-08-08T12:00:02,sweep_sizenew,37,0.1,10000,5000,1.0,0.0,0.0,0.5,[0.5],0.5,1.0,-1.0,0.0,0.8,-0.8,0.0,0.5,score
hard_new,ours_refined,0.8858895705521472,1.1337423312883435,815,2025-08-08T12:00:02,sweep_sizenew,37,0.1,10000,5000,1.0,0.0,0.0,0.5,[0.5],0.5,1.0,-1.0,0.0,0.8,-0.8,0.0,0.5,score
overall,ours_refined,0.87,1.0425,400,2025-08-08T12:00:02,sweep_sizenew,42,0.1,10000,800,1.0,0.0,0.0,0.5,[0.5],0.5,1.0,-1.0,0.0,0.8,-0.8,0.0,0.5,score
easy_new,ours_refined,0.898876404494382,1.0374531835205993,267,2025-08-08T12:00:02,sweep_sizenew,42,0.1,10000,800,1.0,0.0,0.0,0.5,[0.5],0.5,1.0,-1.0,0.0,0.8,-0.8,0.0,0.5,score
hard_new,ours_refined,0.8120300751879699,1.0526315789473684,133,2025-08-08T12:00:02,sweep_sizenew,42,0.1,10000,800,1.0,0.0,0.0,0.5,[0.5],0.5,1.0,-1.0,0.0,0.8,-0.8,0.0,0.5,score
overall,ours_refined,0.8977142857142857,1.0894285714285714,3500,2025-08-08T12:00:02,sweep_sizenew,32,0.1,10000,7000,1.0,0.0,0.0,0.5,[0.5],0.5,1.0,-1.0,0.0,0.8,-0.8,0.0,0.5,score
easy_new,ours_refined,0.9038793103448276,1.081896551724138,2320,2025-08-08T12:00:02,sweep_sizenew,32,0.1,10000,7000,1.0,0.0,0.0,0.5,[0.5],0.5,1.0,-1.0,0.0,0.8,-0.8,0.0,0.5,score
hard_new,ours_refined,0.885593220338983,1.1042372881355933,1180,2025-08-08T12:00:02,sweep_sizenew,32,0.1,10000,7000,1.0,0.0,0.0,0.5,[0.5],0.5,1.0,-1.0,0.0,0.8,-0.8,0.0,0.5,score
overall,ours_refined,0.94,1.34,50,2025-08-08T12:00:03,sweep_sizenew,64,0.1,10000,100,1.0,0.0,0.0,0.5,[0.5],0.5,1.0,-1.0,0.0,0.8,-0.8,0.0,0.5,score
easy_new,ours_refined,1.0,1.2962962962962963,27,2025-08-08T12:00:03,sweep_sizenew,64,0.1,10000,100,1.0,0.0,0.0,0.5,[0.5],0.5,1.0,-1.0,0.0,0.8,-0.8,0.0,0.5,score
hard_new,ours_refined,0.8695652173913043,1.391304347826087,23,2025-08-08T12:00:03,sweep_sizenew,64,0.1,10000,100,1.0,0.0,0.0,0.5,[0.5],0.5,1.0,-1.0,0.0,0.8,-0.8,0.0,0.5,score
overall,ours_refined,0.9,1.22,50,2025-08-08T12:00:03,sweep_sizenew,63,0.1,10000,100,1.0,0.0,0.0,0.5,[0.5],0.5,1.0,-1.0,0.0,0.8,-0.8,0.0,0.5,score
easy_new,ours_refined,0.8857142857142857,1.1714285714285715,35,2025-08-08T12:00:03,sweep_sizenew,63,0.1,10000,100,1.0,0.0,0.0,0.5,[0.5],0.5,1.0,-1.0,0.0,0.8,-0.8,0.0,0.5,score
hard_new,ours_refined,0.9333333333333333,1.3333333333333333,15,2025-08-08T12:00:03,sweep_sizenew,63,0.1,10000,100,1.0,0.0,0.0,0.5,[0.5],0.5,1.0,-1.0,0.0,0.8,-0.8,0.0,0.5,score
overall,ours_refined,0.8725,1.09,400,2025-08-08T12:00:03,sweep_sizenew,26,0.1,10000,800,1.0,0.0,0.0,0.5,[0.5],0.5,1.0,-1.0,0.0,0.8,-0.8,0.0,0.5,score
easy_new,ours_refined,0.8811475409836066,1.0901639344262295,244,2025-08-08T12:00:03,sweep_sizenew,26,0.1,10000,800,1.0,0.0,0.0,0.5,[0.5],0.5,1.0,-1.0,0.0,0.8,-0.8,0.0,0.5,score
hard_new,ours_refined,0.8589743589743589,1.0897435897435896,156,2025-08-08T12:00:03,sweep_sizenew,26,0.1,10000,800,1.0,0.0,0.0,0.5,[0.5],0.5,1.0,-1.0,0.0,0.8,-0.8,0.0,0.5,score
overall,ours_refined,0.898,1.102,500,2025-08-08T12:00:03,sweep_sizenew,49,0.1,10000,1000,1.0,0.0,0.0,0.5,[0.5],0.5,1.0,-1.0,0.0,0.8,-0.8,0.0,0.5,score
easy_new,ours_refined,0.9125,1.09375,320,2025-08-08T12:00:03,sweep_sizenew,49,0.1,10000,1000,1.0,0.0,0.0,0.5,[0.5],0.5,1.0,-1.0,0.0,0.8,-0.8,0.0,0.5,score
hard_new,ours_refined,0.8722222222222222,1.1166666666666667,180,2025-08-08T12:00:03,sweep_sizenew,49,0.1,10000,1000,1.0,0.0,0.0,0.5,[0.5],0.5,1.0,-1.0,0.0,0.8,-0.8,0.0,0.5,score
overall,ours_refined,0.8675,1.0675,400,2025-08-08T12:00:03,sweep_sizenew,52,0.1,10000,800,1.0,0.0,0.0,0.5,[0.5],0.5,1.0,-1.0,0.0,0.8,-0.8,0.0,0.5,score
easy_new,ours_refined,0.88671875,1.0703125,256,2025-08-08T12:00:03,sweep_sizenew,52,0.1,10000,800,1.0,0.0,0.0,0.5,[0.5],0.5,1.0,-1.0,0.0,0.8,-0.8,0.0,0.5,score
hard_new,ours_refined,0.8333333333333334,1.0625,144,2025-08-08T12:00:03,sweep_sizenew,52,0.1,10000,800,1.0,0.0,0.0,0.5,[0.5],0.5,1.0,-1.0,0.0,0.8,-0.8,0.0,0.5,score
overall,ours_refined,0.878,1.044,500,2025-08-08T12:00:03,sweep_sizenew,50,0.1,10000,1000,1.0,0.0,0.0,0.5,[0.5],0.5,1.0,-1.0,0.0,0.8,-0.8,0.0,0.5,score
easy_new,ours_refined,0.8979591836734694,1.043731778425656,343,2025-08-08T12:00:03,sweep_sizenew,50,0.1,10000,1000,1.0,0.0,0.0,0.5,[0.5],0.5,1.0,-1.0,0.0,0.8,-0.8,0.0,0.5,score
hard_new,ours_refined,0.8343949044585988,1.0445859872611465,157,2025-08-08T12:00:03,sweep_sizenew,50,0.1,10000,1000,1.0,0.0,0.0,0.5,[0.5],0.5,1.0,-1.0,0.0,0.8,-0.8,0.0,0.5,score
overall,ours_refined,0.866,1.03,500,2025-08-08T12:00:04,sweep_sizenew,51,0.1,10000,1000,1.0,0.0,0.0,0.5,[0.5],0.5,1.0,-1.0,0.0,0.8,-0.8,0.0,0.5,score
easy_new,ours_refined,0.8727272727272727,1.0363636363636364,330,2025-08-08T12:00:04,sweep_sizenew,51,0.1,10000,1000,1.0,0.0,0.0,0.5,[0.5],0.5,1.0,-1.0,0.0,0.8,-0.8,0.0,0.5,score
hard_new,ours_refined,0.8529411764705882,1.0176470588235293,170,2025-08-08T12:00:04,sweep_sizenew,51,0.1,10000,1000,1.0,0.0,0.0,0.5,[0.5],0.5,1.0,-1.0,0.0,0.8,-0.8,0.0,0.5,score
overall,ours_refined,0.931,1.133,1000,2025-08-08T12:00:04,sweep_sizenew,43,0.1,10000,2000,1.0,0.0,0.0,0.5,[0.5],0.5,1.0,-1.0,0.0,0.8,-0.8,0.0,0.5,score
easy_new,ours_refined,0.9319620253164557,1.1218354430379747,632,2025-08-08T12:00:04,sweep_sizenew,43,0.1,10000,2000,1.0,0.0,0.0,0.5,[0.5],0.5,1.0,-1.0,0.0,0.8,-0.8,0.0,0.5,score
hard_new,ours_refined,0.9293478260869565,1.1521739130434783,368,2025-08-08T12:00:04,sweep_sizenew,43,0.1,10000,2000,1.0,0.0,0.0,0.5,[0.5],0.5,1.0,-1.0,0.0,0.8,-0.8,0.0,0.5,score
overall,ours_refined,0.923,1.114,1000,2025-08-08T12:00:04,sweep_sizenew,44,0.1,10000,2000,1.0,0.0,0.0,0.5,[0.5],0.5,1.0,-1.0,0.0,0.8,-0.8,0.0,0.5,score
easy_new,ours_refined,0.9329359165424739,1.1013412816691506,671,2025-08-08T12:00:04,sweep_sizenew,44,0.1,10000,2000,1.0,0.0,0.0,0.5,[0.5],0.5,1.0,-1.0,0.0,0.8,-0.8,0.0,0.5,score
hard_new,ours_refined,0.9027355623100304,1.1398176291793314,329,2025-08-08T12:00:04,sweep_sizenew,44,0.1,10000,2000,1.0,0.0,0.0,0.5,[0.5],0.5,1.0,-1.0,0.0,0.8,-0.8,0.0,0.5,score
overall,ours_refined,0.89,1.07,100,2025-08-08T12:00:04,sweep_sizenew,53,0.1,10000,200,1.0,0.0,0.0,0.5,[0.5],0.5,1.0,-1.0,0.0,0.8,-0.8,0.0,0.5,score
easy_new,ours_refined,0.8695652173913043,1.0579710144927537,69,2025-08-08T12:00:04,sweep_sizenew,53,0.1,10000,200,1.0,0.0,0.0,0.5,[0.5],0.5,1.0,-1.0,0.0,0.8,-0.8,0.0,0.5,score
hard_new,ours_refined,0.9354838709677419,1.096774193548387,31,2025-08-08T12:00:04,sweep_sizenew,53,0.1,10000,200,1.0,0.0,0.0,0.5,[0.5],0.5,1.0,-1.0,0.0,0.8,-0.8,0.0,0.5,score
overall,ours_refined,0.91,1.03,100,2025-08-08T12:00:05,sweep_sizenew,80,0.1,10000,200,1.0,0.0,0.0,0.5,[0.5],0.5,1.0,-1.0,0.0,0.8,-0.8,0.0,0.5,score
easy_new,ours_refined,0.9166666666666666,1.0,60,2025-08-08T12:00:05,sweep_sizenew,80,0.1,10000,200,1.0,0.0,0.0,0.5,[0.5],0.5,1.0,-1.0,0.0,0.8,-0.8,0.0,0.5,score
hard_new,ours_refined,0.9,1.075,40,2025-08-08T12:00:05,sweep_sizenew,80,0.1,10000,200,1.0,0.0,0.0,0.5,[0.5],0.5,1.0,-1.0,0.0,0.8,-0.8,0.0,0.5,score
overall,ours_refined,0.93,1.05,100,2025-08-08T12:00:05,sweep_sizenew,79,0.1,10000,200,1.0,0.0,0.0,0.5,[0.5],0.5,1.0,-1.0,0.0,0.8,-0.8,0.0,0.5,score
easy_new,ours_refined,0.9428571428571428,1.042857142857143,70,2025-08-08T12:00:05,sweep_sizenew,79,0.1,10000,200,1.0,0.0,0.0,0.5,[0.5],0.5,1.0,-1.0,0.0,0.8,-0.8,0.0,0.5,score
hard_new,ours_refined,0.9,1.0666666666666667,30,2025-08-08T12:00:05,sweep_sizenew,79,0.1,10000,200,1.0,0.0,0.0,0.5,[0.5],0.5,1.0,-1.0,0.0,0.8,-0.8,0.0,0.5,score
overall,ours_refined,0.8965,1.08825,4000,2025-08-08T12:00:05,sweep_sizenew,23,0.1,10000,8000,1.0,0.0,0.0,0.5,[0.5],0.5,1.0,-1.0,0.0,0.8,-0.8,0.0,0.5,score
easy_new,ours_refined,0.90093808630394,1.076547842401501,2665,2025-08-08T12:00:05,sweep_sizenew,23,0.1,10000,8000,1.0,0.0,0.0,0.5,[0.5],0.5,1.0,-1.0,0.0,0.8,-0.8,0.0,0.5,score
hard_new,ours_refined,0.8876404494382022,1.1116104868913859,1335,2025-08-08T12:00:05,sweep_sizenew,23,0.1,10000,8000,1.0,0.0,0.0,0.5,[0.5],0.5,1.0,-1.0,0.0,0.8,-0.8,0.0,0.5,score
overall,ours_refined,0.87,1.08,100,2025-08-08T12:00:05,sweep_sizenew,81,0.1,10000,200,1.0,0.0,0.0,0.5,[0.5],0.5,1.0,-1.0,0.0,0.8,-0.8,0.0,0.5,score
easy_new,ours_refined,0.8787878787878788,1.106060606060606,66,2025-08-08T12:00:05,sweep_sizenew,81,0.1,10000,200,1.0,0.0,0.0,0.5,[0.5],0.5,1.0,-1.0,0.0,0.8,-0.8,0.0,0.5,score
hard_new,ours_refined,0.8529411764705882,1.0294117647058822,34,2025-08-08T12:00:05,sweep_sizenew,81,0.1,10000,200,1.0,0.0,0.0,0.5,[0.5],0.5,1.0,-1.0,0.0,0.8,-0.8,0.0,0.5,score
overall,ours_refined,0.85,1.08,100,2025-08-08T12:00:05,sweep_sizenew,78,0.1,10000,200,1.0,0.0,0.0,0.5,[0.5],0.5,1.0,-1.0,0.0,0.8,-0.8,0.0,0.5,score
easy_new,ours_refined,0.8636363636363636,1.0454545454545454,66,2025-08-08T12:00:05,sweep_sizenew,78,0.1,10000,200,1.0,0.0,0.0,0.5,[0.5],0.5,1.0,-1.0,0.0,0.8,-0.8,0.0,0.5,score
hard_new,ours_refined,0.8235294117647058,1.1470588235294117,34,2025-08-08T12:00:05,sweep_sizenew,78,0.1,10000,200,1.0,0.0,0.0,0.5,[0.5],0.5,1.0,-1.0,0.0,0.8,-0.8,0.0,0.5,score
overall,ours_refined,0.92,1.09,100,2025-08-08T12:00:05,sweep_sizenew,82,0.1,10000,200,1.0,0.0,0.0,0.5,[0.5],0.5,1.0,-1.0,0.0,0.8,-0.8,0.0,0.5,score
easy_new,ours_refined,0.9696969696969697,1.0757575757575757,66,2025-08-08T12:00:05,sweep_sizenew,82,0.1,10000,200,1.0,0.0,0.0,0.5,[0.5],0.5,1.0,-1.0,0.0,0.8,-0.8,0.0,0.5,score
hard_new,ours_refined,0.8235294117647058,1.1176470588235294,34,2025-08-08T12:00:05,sweep_sizenew,82,0.1,10000,200,1.0,0.0,0.0,0.5,[0.5],0.5,1.0,-1.0,0.0,0.8,-0.8,0.0,0.5,score
overall,ours_refined,0.9043333333333333,1.0976666666666666,3000,2025-08-08T12:00:05,sweep_sizenew,40,0.1,10000,6000,1.0,0.0,0.0,0.5,[0.5],0.5,1.0,-1.0,0.0,0.8,-0.8,0.0,0.5,score
easy_new,ours_refined,0.9002570694087404,1.0904884318766066,1945,2025-08-08T12:00:05,sweep_sizenew,40,0.1,10000,6000,1.0,0.0,0.0,0.5,[0.5],0.5,1.0,-1.0,0.0,0.8,-0.8,0.0,0.5,score
hard_new,ours_refined,0.9118483412322275,1.1109004739336492,1055,2025-08-08T12:00:05,sweep_sizenew,40,0.1,10000,6000,1.0,0.0,0.0,0.5,[0.5],0.5,1.0,-1.0,0.0,0.8,-0.8,0.0,0.5,score
overall,ours_refined,0.92,1.03,100,2025-08-08T12:00:05,sweep_sizenew,83,0.1,10000,200,1.0,0.0,0.0,0.5,[0.5],0.5,1.0,-1.0,0.0,0.8,-0.8,0.0,0.5,score
easy_new,ours_refined,0.927536231884058,1.0289855072463767,69,2025-08-08T12:00:05,sweep_sizenew,83,0.1,10000,200,1.0,0.0,0.0,0.5,[0.5],0.5,1.0,-1.0,0.0,0.8,-0.8,0.0,0.5,score
hard_new,ours_refined,0.9032258064516129,1.032258064516129,31,2025-08-08T12:00:05,sweep_sizenew,83,0.1,10000,200,1.0,0.0,0.0,0.5,[0.5],0.5,1.0,-1.0,0.0,0.8,-0.8,0.0,0.5,score
overall,ours_refined,0.88,1.16,50,2025-08-08T12:00:05,sweep_sizenew,58,0.1,10000,100,1.0,0.0,0.0,0.5,[0.5],0.5,1.0,-1.0,0.0,0.8,-0.8,0.0,0.5,score
easy_new,ours_refined,0.918918918918919,1.135135135135135,37,2025-08-08T12:00:05,sweep_sizenew,58,0.1,10000,100,1.0,0.0,0.0,0.5,[0.5],0.5,1.0,-1.0,0.0,0.8,-0.8,0.0,0.5,score
hard_new,ours_refined,0.7692307692307693,1.2307692307692308,13,2025-08-08T12:00:05,sweep_sizenew,58,0.1,10000,100,1.0,0.0,0.0,0.5,[0.5],0.5,1.0,-1.0,0.0,0.8,-0.8,0.0,0.5,score
overall,ours_refined,0.96,1.14,50,2025-08-08T12:00:05,sweep_sizenew,57,0.1,10000,100,1.0,0.0,0.0,0.5,[0.5],0.5,1.0,-1.0,0.0,0.8,-0.8,0.0,0.5,score
easy_new,ours_refined,0.9411764705882353,1.1470588235294117,34,2025-08-08T12:00:05,sweep_sizenew,57,0.1,10000,100,1.0,0.0,0.0,0.5,[0.5],0.5,1.0,-1.0,0.0,0.8,-0.8,0.0,0.5,score
hard_new,ours_refined,1.0,1.125,16,2025-08-08T12:00:05,sweep_sizenew,57,0.1,10000,100,1.0,0.0,0.0,0.5,[0.5],0.5,1.0,-1.0,0.0,0.8,-0.8,0.0,0.5,score
overall,ours_refined,0.902,1.0725,2000,2025-08-08T12:00:05,sweep_sizenew,33,0.1,10000,4000,1.0,0.0,0.0,0.5,[0.5],0.5,1.0,-1.0,0.0,0.8,-0.8,0.0,0.5,score
easy_new,ours_refined,0.9020771513353115,1.067507418397626,1348,2025-08-08T12:00:05,sweep_sizenew,33,0.1,10000,4000,1.0,0.0,0.0,0.5,[0.5],0.5,1.0,-1.0,0.0,0.8,-0.8,0.0,0.5,score
hard_new,ours_refined,0.901840490797546,1.0828220858895705,652,2025-08-08T12:00:05,sweep_sizenew,33,0.1,10000,4000,1.0,0.0,0.0,0.5,[0.5],0.5,1.0,-1.0,0.0,0.8,-0.8,0.0,0.5,score
overall,ours_refined,0.8906666666666667,1.0613333333333332,3000,2025-08-08T12:00:05,sweep_sizenew,39,0.1,10000,6000,1.0,0.0,0.0,0.5,[0.5],0.5,1.0,-1.0,0.0,0.8,-0.8,0.0,0.5,score
easy_new,ours_refined,0.8931989924433249,1.0594458438287153,1985,2025-08-08T12:00:05,sweep_sizenew,39,0.1,10000,6000,1.0,0.0,0.0,0.5,[0.5],0.5,1.0,-1.0,0.0,0.8,-0.8,0.0,0.5,score
hard_new,ours_refined,0.8857142857142857,1.065024630541872,1015,2025-08-08T12:00:05,sweep_sizenew,39,0.1,10000,6000,1.0,0.0,0.0,0.5,[0.5],0.5,1.0,-1.0,0.0,0.8,-0.8,0.0,0.5,score
overall,ours_refined,0.878,1.094,500,2025-08-08T12:00:05,sweep_sizenew,45,0.1,10000,1000,1.0,0.0,0.0,0.5,[0.5],0.5,1.0,-1.0,0.0,0.8,-0.8,0.0,0.5,score
easy_new,ours_refined,0.8727272727272727,1.0727272727272728,330,2025-08-08T12:00:05,sweep_sizenew,45,0.1,10000,1000,1.0,0.0,0.0,0.5,[0.5],0.5,1.0,-1.0,0.0,0.8,-0.8,0.0,0.5,score
hard_new,ours_refined,0.888235294117647,1.1352941176470588,170,2025-08-08T12:00:05,sweep_sizenew,45,0.1,10000,1000,1.0,0.0,0.0,0.5,[0.5],0.5,1.0,-1.0,0.0,0.8,-0.8,0.0,0.5,score
overall,ours_refined,0.9,1.106,500,2025-08-08T12:00:05,sweep_sizenew,46,0.1,10000,1000,1.0,0.0,0.0,0.5,[0.5],0.5,1.0,-1.0,0.0,0.8,-0.8,0.0,0.5,score
easy_new,ours_refined,0.8912386706948641,1.093655589123867,331,2025-08-08T12:00:05,sweep_sizenew,46,0.1,10000,1000,1.0,0.0,0.0,0.5,[0.5],0.5,1.0,-1.0,0.0,0.8,-0.8,0.0,0.5,score
hard_new,ours_refined,0.9171597633136095,1.1301775147928994,169,2025-08-08T12:00:05,sweep_sizenew,46,0.1,10000,1000,1.0,0.0,0.0,0.5,[0.5],0.5,1.0,-1.0,0.0,0.8,-0.8,0.0,0.5,score
overall,ours_refined,0.92,1.142,500,2025-08-08T12:00:06,sweep_sizenew,47,0.1,10000,1000,1.0,0.0,0.0,0.5,[0.5],0.5,1.0,-1.0,0.0,0.8,-0.8,0.0,0.5,score
easy_new,ours_refined,0.9426751592356688,1.1369426751592357,314,2025-08-08T12:00:06,sweep_sizenew,47,0.1,10000,1000,1.0,0.0,0.0,0.5,[0.5],0.5,1.0,-1.0,0.0,0.8,-0.8,0.0,0.5,score
hard_new,ours_refined,0.8817204301075269,1.1505376344086022,186,2025-08-08T12:00:06,sweep_sizenew,47,0.1,10000,1000,1.0,0.0,0.0,0.5,[0.5],0.5,1.0,-1.0,0.0,0.8,-0.8,0.0,0.5,score
overall,ours_refined,0.9,1.124,500,2025-08-08T12:00:06,sweep_sizenew,41,0.1,10000,1000,1.0,0.0,0.0,0.5,[0.5],0.5,1.0,-1.0,0.0,0.8,-0.8,0.0,0.5,score
easy_new,ours_refined,0.9112426035502958,1.106508875739645,338,2025-08-08T12:00:06,sweep_sizenew,41,0.1,10000,1000,1.0,0.0,0.0,0.5,[0.5],0.5,1.0,-1.0,0.0,0.8,-0.8,0.0,0.5,score
hard_new,ours_refined,0.8765432098765432,1.1604938271604939,162,2025-08-08T12:00:06,sweep_sizenew,41,0.1,10000,1000,1.0,0.0,0.0,0.5,[0.5],0.5,1.0,-1.0,0.0,0.8,-0.8,0.0,0.5,score
overall,ours_refined,0.88,1.064,500,2025-08-08T12:00:06,sweep_sizenew,48,0.1,10000,1000,1.0,0.0,0.0,0.5,[0.5],0.5,1.0,-1.0,0.0,0.8,-0.8,0.0,0.5,score
easy_new,ours_refined,0.8726708074534162,1.031055900621118,322,2025-08-08T12:00:06,sweep_sizenew,48,0.1,10000,1000,1.0,0.0,0.0,0.5,[0.5],0.5,1.0,-1.0,0.0,0.8,-0.8,0.0,0.5,score
hard_new,ours_refined,0.8932584269662921,1.1235955056179776,178,2025-08-08T12:00:06,sweep_sizenew,48,0.1,10000,1000,1.0,0.0,0.0,0.5,[0.5],0.5,1.0,-1.0,0.0,0.8,-0.8,0.0,0.5,score
overall,ours_refined,0.9,1.18,50,2025-08-08T12:00:06,sweep_sizenew,91,0.1,10000,100,1.0,0.0,0.0,0.5,[0.5],0.5,1.0,-1.0,0.0,0.8,-0.8,0.0,0.5,score
easy_new,ours_refined,0.8518518518518519,1.1481481481481481,27,2025-08-08T12:00:06,sweep_sizenew,91,0.1,10000,100,1.0,0.0,0.0,0.5,[0.5],0.5,1.0,-1.0,0.0,0.8,-0.8,0.0,0.5,score
hard_new,ours_refined,0.9565217391304348,1.2173913043478262,23,2025-08-08T12:00:06,sweep_sizenew,91,0.1,10000,100,1.0,0.0,0.0,0.5,[0.5],0.5,1.0,-1.0,0.0,0.8,-0.8,0.0,0.5,score
overall,ours_refined,0.9,1.12,50,2025-08-08T12:00:06,sweep_sizenew,84,0.1,10000,100,1.0,0.0,0.0,0.5,[0.5],0.5,1.0,-1.0,0.0,0.8,-0.8,0.0,0.5,score
easy_new,ours_refined,0.9090909090909091,1.0909090909090908,33,2025-08-08T12:00:06,sweep_sizenew,84,0.1,10000,100,1.0,0.0,0.0,0.5,[0.5],0.5,1.0,-1.0,0.0,0.8,-0.8,0.0,0.5,score
hard_new,ours_refined,0.8823529411764706,1.1764705882352942,17,2025-08-08T12:00:06,sweep_sizenew,84,0.1,10000,100,1.0,0.0,0.0,0.5,[0.5],0.5,1.0,-1.0,0.0,0.8,-0.8,0.0,0.5,score
overall,ours_refined,0.98,1.12,50,2025-08-08T12:00:06,sweep_sizenew,95,0.1,10000,100,1.0,0.0,0.0,0.5,[0.5],0.5,1.0,-1.0,0.0,0.8,-0.8,0.0,0.5,score
easy_new,ours_refined,0.9696969696969697,1.0909090909090908,33,2025-08-08T12:00:06,sweep_sizenew,95,0.1,10000,100,1.0,0.0,0.0,0.5,[0.5],0.5,1.0,-1.0,0.0,0.8,-0.8,0.0,0.5,score
hard_new,ours_refined,1.0,1.1764705882352942,17,2025-08-08T12:00:06,sweep_sizenew,95,0.1,10000,100,1.0,0.0,0.0,0.5,[0.5],0.5,1.0,-1.0,0.0,0.8,-0.8,0.0,0.5,score
overall,ours_refined,0.84,1.04,50,2025-08-08T12:00:06,sweep_sizenew,86,0.1,10000,100,1.0,0.0,0.0,0.5,[0.5],0.5,1.0,-1.0,0.0,0.8,-0.8,0.0,0.5,score
easy_new,ours_refined,0.7586206896551724,1.0344827586206897,29,2025-08-08T12:00:06,sweep_sizenew,86,0.1,10000,100,1.0,0.0,0.0,0.5,[0.5],0.5,1.0,-1.0,0.0,0.8,-0.8,0.0,0.5,score
hard_new,ours_refined,0.9523809523809523,1.0476190476190477,21,2025-08-08T12:00:06,sweep_sizenew,86,0.1,10000,100,1.0,0.0,0.0,0.5,[0.5],0.5,1.0,-1.0,0.0,0.8,-0.8,0.0,0.5,score
overall,ours_refined,0.96,1.22,50,2025-08-08T12:00:06,sweep_sizenew,93,0.1,10000,100,1.0,0.0,0.0,0.5,[0.5],0.5,1.0,-1.0,0.0,0.8,-0.8,0.0,0.5,score
easy_new,ours_refined,0.9428571428571428,1.1714285714285715,35,2025-08-08T12:00:06,sweep_sizenew,93,0.1,10000,100,1.0,0.0,0.0,0.5,[0.5],0.5,1.0,-1.0,0.0,0.8,-0.8,0.0,0.5,score
hard_new,ours_refined,1.0,1.3333333333333333,15,2025-08-08T12:00:06,sweep_sizenew,93,0.1,10000,100,1.0,0.0,0.0,0.5,[0.5],0.5,1.0,-1.0,0.0,0.8,-0.8,0.0,0.5,score
overall,ours_refined,0.92,1.24,50,2025-08-08T12:00:06,sweep_sizenew,88,0.1,10000,100,1.0,0.0,0.0,0.5,[0.5],0.5,1.0,-1.0,0.0,0.8,-0.8,0.0,0.5,score
easy_new,ours_refined,0.9142857142857143,1.1714285714285715,35,2025-08-08T12:00:06,sweep_sizenew,88,0.1,10000,100,1.0,0.0,0.0,0.5,[0.5],0.5,1.0,-1.0,0.0,0.8,-0.8,0.0,0.5,score
hard_new,ours_refined,0.9333333333333333,1.4,15,2025-08-08T12:00:06,sweep_sizenew,88,0.1,10000,100,1.0,0.0,0.0,0.5,[0.5],0.5,1.0,-1.0,0.0,0.8,-0.8,0.0,0.5,score
overall,ours_refined,0.7,1.0,50,2025-08-08T12:00:06,sweep_sizenew,85,0.1,10000,100,1.0,0.0,0.0,0.5,[0.5],0.5,1.0,-1.0,0.0,0.8,-0.8,0.0,0.5,score
easy_new,ours_refined,0.75,1.0,36,2025-08-08T12:00:06,sweep_sizenew,85,0.1,10000,100,1.0,0.0,0.0,0.5,[0.5],0.5,1.0,-1.0,0.0,0.8,-0.8,0.0,0.5,score
hard_new,ours_refined,0.5714285714285714,1.0,14,2025-08-08T12:00:06,sweep_sizenew,85,0.1,10000,100,1.0,0.0,0.0,0.5,[0.5],0.5,1.0,-1.0,0.0,0.8,-0.8,0.0,0.5,score
overall,ours_refined,0.88,1.08,50,2025-08-08T12:00:06,sweep_sizenew,96,0.1,10000,100,1.0,0.0,0.0,0.5,[0.5],0.5,1.0,-1.0,0.0,0.8,-0.8,0.0,0.5,score
easy_new,ours_refined,0.918918918918919,1.0810810810810811,37,2025-08-08T12:00:06,sweep_sizenew,96,0.1,10000,100,1.0,0.0,0.0,0.5,[0.5],0.5,1.0,-1.0,0.0,0.8,-0.8,0.0,0.5,score
hard_new,ours_refined,0.7692307692307693,1.0769230769230769,13,2025-08-08T12:00:06,sweep_sizenew,96,0.1,10000,100,1.0,0.0,0.0,0.5,[0.5],0.5,1.0,-1.0,0.0,0.8,-0.8,0.0,0.5,score
overall,ours_refined,0.98,1.06,50,2025-08-08T12:00:06,sweep_sizenew,94,0.1,10000,100,1.0,0.0,0.0,0.5,[0.5],0.5,1.0,-1.0,0.0,0.8,-0.8,0.0,0.5,score
easy_new,ours_refined,1.0,1.0555555555555556,36,2025-08-08T12:00:06,sweep_sizenew,94,0.1,10000,100,1.0,0.0,0.0,0.5,[0.5],0.5,1.0,-1.0,0.0,0.8,-0.8,0.0,0.5,score
hard_new,ours_refined,0.9285714285714286,1.0714285714285714,14,2025-08-08T12:00:06,sweep_sizenew,94,0.1,10000,100,1.0,0.0,0.0,0.5,[0.5],0.5,1.0,-1.0,0.0,0.8,-0.8,0.0,0.5,score
overall,ours_refined,0.9,1.04,50,2025-08-08T12:00:06,sweep_sizenew,89,0.1,10000,100,1.0,0.0,0.0,0.5,[0.5],0.5,1.0,-1.0,0.0,0.8,-0.8,0.0,0.5,score
easy_new,ours_refined,0.8787878787878788,1.0606060606060606,33,2025-08-08T12:00:06,sweep_sizenew,89,0.1,10000,100,1.0,0.0,0.0,0.5,[0.5],0.5,1.0,-1.0,0.0,0.8,-0.8,0.0,0.5,score
hard_new,ours_refined,0.9411764705882353,1.0,17,2025-08-08T12:00:06,sweep_sizenew,89,0.1,10000,100,1.0,0.0,0.0,0.5,[0.5],0.5,1.0,-1.0,0.0,0.8,-0.8,0.0,0.5,score
overall,ours_refined,0.88,1.04,50,2025-08-08T12:00:06,sweep_sizenew,90,0.1,10000,100,1.0,0.0,0.0,0.5,[0.5],0.5,1.0,-1.0,0.0,0.8,-0.8,0.0,0.5,score
easy_new,ours_refined,0.8421052631578947,1.0263157894736843,38,2025-08-08T12:00:06,sweep_sizenew,90,0.1,10000,100,1.0,0.0,0.0,0.5,[0.5],0.5,1.0,-1.0,0.0,0.8,-0.8,0.0,0.5,score
hard_new,ours_refined,1.0,1.0833333333333333,12,2025-08-08T12:00:06,sweep_sizenew,90,0.1,10000,100,1.0,0.0,0.0,0.5,[0.5],0.5,1.0,-1.0,0.0,0.8,-0.8,0.0,0.5,score
overall,ours_refined,0.9,1.06,50,2025-08-08T12:00:06,sweep_sizenew,92,0.1,10000,100,1.0,0.0,0.0,0.5,[0.5],0.5,1.0,-1.0,0.0,0.8,-0.8,0.0,0.5,score
easy_new,ours_refined,0.9,1.0,30,2025-08-08T12:00:06,sweep_sizenew,92,0.1,10000,100,1.0,0.0,0.0,0.5,[0.5],0.5,1.0,-1.0,0.0,0.8,-0.8,0.0,0.5,score
hard_new,ours_refined,0.9,1.15,20,2025-08-08T12:00:06,sweep_sizenew,92,0.1,10000,100,1.0,0.0,0.0,0.5,[0.5],0.5,1.0,-1.0,0.0,0.8,-0.8,0.0,0.5,score
overall,ours_refined,0.94,1.3,50,2025-08-08T12:00:06,sweep_sizenew,87,0.1,10000,100,1.0,0.0,0.0,0.5,[0.5],0.5,1.0,-1.0,0.0,0.8,-0.8,0.0,0.5,score
easy_new,ours_refined,1.0,1.2285714285714286,35,2025-08-08T12:00:06,sweep_sizenew,87,0.1,10000,100,1.0,0.0,0.0,0.5,[0.5],0.5,1.0,-1.0,0.0,0.8,-0.8,0.0,0.5,score
hard_new,ours_refined,0.8,1.4666666666666666,15,2025-08-08T12:00:06,sweep_sizenew,87,0.1,10000,100,1.0,0.0,0.0,0.5,[0.5],0.5,1.0,-1.0,0.0,0.8,-0.8,0.0,0.5,score
overall,ours_refined,0.9025,1.104,4000,2025-08-08T12:00:06,sweep_sizenew,27,0.1,10000,8000,1.0,0.0,0.0,0.5,[0.5],0.5,1.0,-1.0,0.0,0.8,-0.8,0.0,0.5,score
easy_new,ours_refined,0.903831705484598,1.0845229151014275,2662,2025-08-08T12:00:06,sweep_sizenew,27,0.1,10000,8000,1.0,0.0,0.0,0.5,[0.5],0.5,1.0,-1.0,0.0,0.8,-0.8,0.0,0.5,score
hard_new,ours_refined,0.8998505231689088,1.1427503736920777,1338,2025-08-08T12:00:06,sweep_sizenew,27,0.1,10000,8000,1.0,0.0,0.0,0.5,[0.5],0.5,1.0,-1.0,0.0,0.8,-0.8,0.0,0.5,score
overall,ours_refined,0.8,0.92,50,2025-08-08T12:00:07,sweep_sizenew,59,0.1,10000,100,1.0,0.0,0.0,0.5,[0.5],0.5,1.0,-1.0,0.0,0.8,-0.8,0.0,0.5,score
easy_new,ours_refined,0.8064516129032258,0.9354838709677419,31,2025-08-08T12:00:07,sweep_sizenew,59,0.1,10000,100,1.0,0.0,0.0,0.5,[0.5],0.5,1.0,-1.0,0.0,0.8,-0.8,0.0,0.5,score
hard_new,ours_refined,0.7894736842105263,0.8947368421052632,19,2025-08-08T12:00:07,sweep_sizenew,59,0.1,10000,100,1.0,0.0,0.0,0.5,[0.5],0.5,1.0,-1.0,0.0,0.8,-0.8,0.0,0.5,score
overall,ours_refined,0.9,1.06,50,2025-08-08T12:00:07,sweep_sizenew,60,0.1,10000,100,1.0,0.0,0.0,0.5,[0.5],0.5,1.0,-1.0,0.0,0.8,-0.8,0.0,0.5,score
easy_new,ours_refined,0.875,1.05,40,2025-08-08T12:00:07,sweep_sizenew,60,0.1,10000,100,1.0,0.0,0.0,0.5,[0.5],0.5,1.0,-1.0,0.0,0.8,-0.8,0.0,0.5,score
hard_new,ours_refined,1.0,1.1,10,2025-08-08T12:00:07,sweep_sizenew,60,0.1,10000,100,1.0,0.0,0.0,0.5,[0.5],0.5,1.0,-1.0,0.0,0.8,-0.8,0.0,0.5,score
overall,ours_refined,0.98,1.14,50,2025-08-08T12:00:07,sweep_sizenew,56,0.1,10000,100,1.0,0.0,0.0,0.5,[0.5],0.5,1.0,-1.0,0.0,0.8,-0.8,0.0,0.5,score
easy_new,ours_refined,1.0,1.0975609756097562,41,2025-08-08T12:00:07,sweep_sizenew,56,0.1,10000,100,1.0,0.0,0.0,0.5,[0.5],0.5,1.0,-1.0,0.0,0.8,-0.8,0.0,0.5,score
hard_new,ours_refined,0.8888888888888888,1.3333333333333333,9,2025-08-08T12:00:07,sweep_sizenew,56,0.1,10000,100,1.0,0.0,0.0,0.5,[0.5],0.5,1.0,-1.0,0.0,0.8,-0.8,0.0,0.5,score
overall,ours_refined,0.92,1.26,50,2025-08-08T12:00:07,sweep_sizenew,55,0.1,10000,100,1.0,0.0,0.0,0.5,[0.5],0.5,1.0,-1.0,0.0,0.8,-0.8,0.0,0.5,score
easy_new,ours_refined,1.0,1.2285714285714286,35,2025-08-08T12:00:07,sweep_sizenew,55,0.1,10000,100,1.0,0.0,0.0,0.5,[0.5],0.5,1.0,-1.0,0.0,0.8,-0.8,0.0,0.5,score
hard_new,ours_refined,0.7333333333333333,1.3333333333333333,15,2025-08-08T12:00:07,sweep_sizenew,55,0.1,10000,100,1.0,0.0,0.0,0.5,[0.5],0.5,1.0,-1.0,0.0,0.8,-0.8,0.0,0.5,score
overall,ours_refined,0.88,1.1,50,2025-08-08T12:00:07,sweep_sizenew,74,0.1,10000,100,1.0,0.0,0.0,0.5,[0.5],0.5,1.0,-1.0,0.0,0.8,-0.8,0.0,0.5,score
easy_new,ours_refined,0.9210526315789473,1.0526315789473684,38,2025-08-08T12:00:07,sweep_sizenew,74,0.1,10000,100,1.0,0.0,0.0,0.5,[0.5],0.5,1.0,-1.0,0.0,0.8,-0.8,0.0,0.5,score
hard_new,ours_refined,0.75,1.25,12,2025-08-08T12:00:07,sweep_sizenew,74,0.1,10000,100,1.0,0.0,0.0,0.5,[0.5],0.5,1.0,-1.0,0.0,0.8,-0.8,0.0,0.5,score
overall,ours_refined,0.92,1.26,50,2025-08-08T12:00:07,sweep_sizenew,73,0.1,10000,100,1.0,0.0,0.0,0.5,[0.5],0.5,1.0,-1.0,0.0,0.8,-0.8,0.0,0.5,score
easy_new,ours_refined,0.9333333333333333,1.1333333333333333,30,2025-08-08T12:00:07,sweep_sizenew,73,0.1,10000,100,1.0,0.0,0.0,0.5,[0.5],0.5,1.0,-1.0,0.0,0.8,-0.8,0.0,0.5,score
hard_new,ours_refined,0.9,1.45,20,2025-08-08T12:00:07,sweep_sizenew,73,0.1,10000,100,1.0,0.0,0.0,0.5,[0.5],0.5,1.0,-1.0,0.0,0.8,-0.8,0.0,0.5,score
overall,ours_refined,0.895,1.05975,4000,2025-08-08T12:00:07,sweep_sizenew,24,0.1,10000,8000,1.0,0.0,0.0,0.5,[0.5],0.5,1.0,-1.0,0.0,0.8,-0.8,0.0,0.5,score
easy_new,ours_refined,0.8995013425393172,1.0525508247027235,2607,2025-08-08T12:00:07,sweep_sizenew,24,0.1,10000,8000,1.0,0.0,0.0,0.5,[0.5],0.5,1.0,-1.0,0.0,0.8,-0.8,0.0,0.5,score
hard_new,ours_refined,0.886575735821967,1.0732232591529074,1393,2025-08-08T12:00:07,sweep_sizenew,24,0.1,10000,8000,1.0,0.0,0.0,0.5,[0.5],0.5,1.0,-1.0,0.0,0.8,-0.8,0.0,0.5,score
overall,ours_refined,0.94,1.08,50,2025-08-08T12:00:07,sweep_sizenew,72,0.1,10000,100,1.0,0.0,0.0,0.5,[0.5],0.5,1.0,-1.0,0.0,0.8,-0.8,0.0,0.5,score
easy_new,ours_refined,0.9,1.0666666666666667,30,2025-08-08T12:00:07,sweep_sizenew,72,0.1,10000,100,1.0,0.0,0.0,0.5,[0.5],0.5,1.0,-1.0,0.0,0.8,-0.8,0.0,0.5,score
hard_new,ours_refined,1.0,1.1,20,2025-08-08T12:00:07,sweep_sizenew,72,0.1,10000,100,1.0,0.0,0.0,0.5,[0.5],0.5,1.0,-1.0,0.0,0.8,-0.8,0.0,0.5,score
overall,ours_refined,0.98,1.28,50,2025-08-08T12:00:07,sweep_sizenew,69,0.1,10000,100,1.0,0.0,0.0,0.5,[0.5],0.5,1.0,-1.0,0.0,0.8,-0.8,0.0,0.5,score
easy_new,ours_refined,0.9615384615384616,1.1538461538461537,26,2025-08-08T12:00:07,sweep_sizenew,69,0.1,10000,100,1.0,0.0,0.0,0.5,[0.5],0.5,1.0,-1.0,0.0,0.8,-0.8,0.0,0.5,score
hard_new,ours_refined,1.0,1.4166666666666667,24,2025-08-08T12:00:07,sweep_sizenew,69,0.1,10000,100,1.0,0.0,0.0,0.5,[0.5],0.5,1.0,-1.0,0.0,0.8,-0.8,0.0,0.5,score
overall,ours_refined,0.9,1.14,50,2025-08-08T12:00:07,sweep_sizenew,70,0.1,10000,100,1.0,0.0,0.0,0.5,[0.5],0.5,1.0,-1.0,0.0,0.8,-0.8,0.0,0.5,score
easy_new,ours_refined,0.8888888888888888,1.1111111111111112,36,2025-08-08T12:00:07,sweep_sizenew,70,0.1,10000,100,1.0,0.0,0.0,0.5,[0.5],0.5,1.0,-1.0,0.0,0.8,-0.8,0.0,0.5,score
hard_new,ours_refined,0.9285714285714286,1.2142857142857142,14,2025-08-08T12:00:07,sweep_sizenew,70,0.1,10000,100,1.0,0.0,0.0,0.5,[0.5],0.5,1.0,-1.0,0.0,0.8,-0.8,0.0,0.5,score
overall,ours_refined,0.7,0.98,50,2025-08-08T12:00:07,sweep_sizenew,71,0.1,10000,100,1.0,0.0,0.0,0.5,[0.5],0.5,1.0,-1.0,0.0,0.8,-0.8,0.0,0.5,score
easy_new,ours_refined,0.7333333333333333,0.9666666666666667,30,2025-08-08T12:00:07,sweep_sizenew,71,0.1,10000,100,1.0,0.0,0.0,0.5,[0.5],0.5,1.0,-1.0,0.0,0.8,-0.8,0.0,0.5,score
hard_new,ours_refined,0.65,1.0,20,2025-08-08T12:00:07,sweep_sizenew,71,0.1,10000,100,1.0,0.0,0.0,0.5,[0.5],0.5,1.0,-1.0,0.0,0.8,-0.8,0.0,0.5,score
overall,ours_refined,0.90425,1.09,4000,2025-08-08T12:00:08,sweep_sizenew,29,0.1,10000,8000,1.0,0.0,0.0,0.5,[0.5],0.5,1.0,-1.0,0.0,0.8,-0.8,0.0,0.5,score
easy_new,ours_refined,0.9150302114803626,1.082703927492447,2648,2025-08-08T12:00:08,sweep_sizenew,29,0.1,10000,8000,1.0,0.0,0.0,0.5,[0.5],0.5,1.0,-1.0,0.0,0.8,-0.8,0.0,0.5,score
hard_new,ours_refined,0.8831360946745562,1.1042899408284024,1352,2025-08-08T12:00:08,sweep_sizenew,29,0.1,10000,8000,1.0,0.0,0.0,0.5,[0.5],0.5,1.0,-1.0,0.0,0.8,-0.8,0.0,0.5,score
overall,ours_refined,0.8975,1.08125,4000,2025-08-08T12:00:08,sweep_sizenew,30,0.1,10000,8000,1.0,0.0,0.0,0.5,[0.5],0.5,1.0,-1.0,0.0,0.8,-0.8,0.0,0.5,score
easy_new,ours_refined,0.9044922612306531,1.0732351830879576,2649,2025-08-08T12:00:08,sweep_sizenew,30,0.1,10000,8000,1.0,0.0,0.0,0.5,[0.5],0.5,1.0,-1.0,0.0,0.8,-0.8,0.0,0.5,score
hard_new,ours_refined,0.8837897853441895,1.0969652109548482,1351,2025-08-08T12:00:08,sweep_sizenew,30,0.1,10000,8000,1.0,0.0,0.0,0.5,[0.5],0.5,1.0,-1.0,0.0,0.8,-0.8,0.0,0.5,score
overall,ours_refined,1.0,1.24,50,2025-08-08T12:00:09,sweep_sizenew,77,0.1,10000,100,1.0,0.0,0.0,0.5,[0.5],0.5,1.0,-1.0,0.0,0.8,-0.8,0.0,0.5,score
easy_new,ours_refined,1.0,1.1515151515151516,33,2025-08-08T12:00:09,sweep_sizenew,77,0.1,10000,100,1.0,0.0,0.0,0.5,[0.5],0.5,1.0,-1.0,0.0,0.8,-0.8,0.0,0.5,score
hard_new,ours_refined,1.0,1.411764705882353,17,2025-08-08T12:00:09,sweep_sizenew,77,0.1,10000,100,1.0,0.0,0.0,0.5,[0.5],0.5,1.0,-1.0,0.0,0.8,-0.8,0.0,0.5,score
overall,ours_refined,0.98,1.18,50,2025-08-08T12:00:09,sweep_sizenew,76,0.1,10000,100,1.0,0.0,0.0,0.5,[0.5],0.5,1.0,-1.0,0.0,0.8,-0.8,0.0,0.5,score
easy_new,ours_refined,1.0,1.1379310344827587,29,2025-08-08T12:00:09,sweep_sizenew,76,0.1,10000,100,1.0,0.0,0.0,0.5,[0.5],0.5,1.0,-1.0,0.0,0.8,-0.8,0.0,0.5,score
hard_new,ours_refined,0.9523809523809523,1.2380952380952381,21,2025-08-08T12:00:09,sweep_sizenew,76,0.1,10000,100,1.0,0.0,0.0,0.5,[0.5],0.5,1.0,-1.0,0.0,0.8,-0.8,0.0,0.5,score
overall,ours_refined,0.865,1.09,200,2025-08-08T12:00:09,sweep_sizenew,53,0.1,10000,400,1.0,0.0,0.0,0.5,[0.5],0.5,1.0,-1.0,0.0,0.8,-0.8,0.0,0.5,score
easy_new,ours_refined,0.8492063492063492,1.0793650793650793,126,2025-08-08T12:00:09,sweep_sizenew,53,0.1,10000,400,1.0,0.0,0.0,0.5,[0.5],0.5,1.0,-1.0,0.0,0.8,-0.8,0.0,0.5,score
hard_new,ours_refined,0.8918918918918919,1.1081081081081081,74,2025-08-08T12:00:09,sweep_sizenew,53,0.1,10000,400,1.0,0.0,0.0,0.5,[0.5],0.5,1.0,-1.0,0.0,0.8,-0.8,0.0,0.5,score
overall,ours_refined,0.90325,1.11725,4000,2025-08-08T12:00:09,sweep_sizenew,35,0.1,10000,8000,1.0,0.0,0.0,0.5,[0.5],0.5,1.0,-1.0,0.0,0.8,-0.8,0.0,0.5,score
easy_new,ours_refined,0.9043542984741347,1.106810569408262,2687,2025-08-08T12:00:09,sweep_sizenew,35,0.1,10000,8000,1.0,0.0,0.0,0.5,[0.5],0.5,1.0,-1.0,0.0,0.8,-0.8,0.0,0.5,score
hard_new,ours_refined,0.900990099009901,1.1386138613861385,1313,2025-08-08T12:00:09,sweep_sizenew,35,0.1,10000,8000,1.0,0.0,0.0,0.5,[0.5],0.5,1.0,-1.0,0.0,0.8,-0.8,0.0,0.5,score
overall,ours_refined,0.92,1.02,50,2025-08-08T12:00:09,sweep_sizenew,75,0.1,10000,100,1.0,0.0,0.0,0.5,[0.5],0.5,1.0,-1.0,0.0,0.8,-0.8,0.0,0.5,score
easy_new,ours_refined,1.0,1.0,28,2025-08-08T12:00:09,sweep_sizenew,75,0.1,10000,100,1.0,0.0,0.0,0.5,[0.5],0.5,1.0,-1.0,0.0,0.8,-0.8,0.0,0.5,score
hard_new,ours_refined,0.8181818181818182,1.0454545454545454,22,2025-08-08T12:00:09,sweep_sizenew,75,0.1,10000,100,1.0,0.0,0.0,0.5,[0.5],0.5,1.0,-1.0,0.0,0.8,-0.8,0.0,0.5,score
overall,ours_refined,0.90025,1.086,4000,2025-08-08T12:00:09,sweep_sizenew,34,0.1,10000,8000,1.0,0.0,0.0,0.5,[0.5],0.5,1.0,-1.0,0.0,0.8,-0.8,0.0,0.5,score
easy_new,ours_refined,0.9023010184835911,1.073557148245945,2651,2025-08-08T12:00:09,sweep_sizenew,34,0.1,10000,8000,1.0,0.0,0.0,0.5,[0.5],0.5,1.0,-1.0,0.0,0.8,-0.8,0.0,0.5,score
hard_new,ours_refined,0.8962194217939214,1.1104521868050408,1349,2025-08-08T12:00:09,sweep_sizenew,34,0.1,10000,8000,1.0,0.0,0.0,0.5,[0.5],0.5,1.0,-1.0,0.0,0.8,-0.8,0.0,0.5,score
overall,ours_refined,0.89675,1.092,4000,2025-08-08T12:00:09,sweep_sizenew,25,0.1,10000,8000,1.0,0.0,0.0,0.5,[0.5],0.5,1.0,-1.0,0.0,0.8,-0.8,0.0,0.5,score
easy_new,ours_refined,0.8976972442431106,1.0751226878067195,2649,2025-08-08T12:00:09,sweep_sizenew,25,0.1,10000,8000,1.0,0.0,0.0,0.5,[0.5],0.5,1.0,-1.0,0.0,0.8,-0.8,0.0,0.5,score
hard_new,ours_refined,0.8948926720947447,1.1250925240562546,1351,2025-08-08T12:00:09,sweep_sizenew,25,0.1,10000,8000,1.0,0.0,0.0,0.5,[0.5],0.5,1.0,-1.0,0.0,0.8,-0.8,0.0,0.5,score
overall,ours_refined,0.885,1.105,200,2025-08-08T12:00:10,sweep_sizenew,80,0.1,10000,400,1.0,0.0,0.0,0.5,[0.5],0.5,1.0,-1.0,0.0,0.8,-0.8,0.0,0.5,score
easy_new,ours_refined,0.9083969465648855,1.083969465648855,131,2025-08-08T12:00:10,sweep_sizenew,80,0.1,10000,400,1.0,0.0,0.0,0.5,[0.5],0.5,1.0,-1.0,0.0,0.8,-0.8,0.0,0.5,score
hard_new,ours_refined,0.8405797101449275,1.144927536231884,69,2025-08-08T12:00:10,sweep_sizenew,80,0.1,10000,400,1.0,0.0,0.0,0.5,[0.5],0.5,1.0,-1.0,0.0,0.8,-0.8,0.0,0.5,score
overall,ours_refined,0.89,1.11,200,2025-08-08T12:00:10,sweep_sizenew,79,0.1,10000,400,1.0,0.0,0.0,0.5,[0.5],0.5,1.0,-1.0,0.0,0.8,-0.8,0.0,0.5,score
easy_new,ours_refined,0.9027777777777778,1.1111111111111112,144,2025-08-08T12:00:10,sweep_sizenew,79,0.1,10000,400,1.0,0.0,0.0,0.5,[0.5],0.5,1.0,-1.0,0.0,0.8,-0.8,0.0,0.5,score
hard_new,ours_refined,0.8571428571428571,1.1071428571428572,56,2025-08-08T12:00:10,sweep_sizenew,79,0.1,10000,400,1.0,0.0,0.0,0.5,[0.5],0.5,1.0,-1.0,0.0,0.8,-0.8,0.0,0.5,score
overall,ours_refined,0.888,1.0825,4000,2025-08-08T12:00:10,sweep_sizenew,31,0.1,10000,8000,1.0,0.0,0.0,0.5,[0.5],0.5,1.0,-1.0,0.0,0.8,-0.8,0.0,0.5,score
easy_new,ours_refined,0.8938356164383562,1.0776255707762556,2628,2025-08-08T12:00:10,sweep_sizenew,31,0.1,10000,8000,1.0,0.0,0.0,0.5,[0.5],0.5,1.0,-1.0,0.0,0.8,-0.8,0.0,0.5,score
hard_new,ours_refined,0.8768221574344023,1.0918367346938775,1372,2025-08-08T12:00:10,sweep_sizenew,31,0.1,10000,8000,1.0,0.0,0.0,0.5,[0.5],0.5,1.0,-1.0,0.0,0.8,-0.8,0.0,0.5,score
overall,ours_refined,0.865,1.035,200,2025-08-08T12:00:10,sweep_sizenew,78,0.1,10000,400,1.0,0.0,0.0,0.5,[0.5],0.5,1.0,-1.0,0.0,0.8,-0.8,0.0,0.5,score
easy_new,ours_refined,0.8636363636363636,1.0378787878787878,132,2025-08-08T12:00:10,sweep_sizenew,78,0.1,10000,400,1.0,0.0,0.0,0.5,[0.5],0.5,1.0,-1.0,0.0,0.8,-0.8,0.0,0.5,score
hard_new,ours_refined,0.8676470588235294,1.0294117647058822,68,2025-08-08T12:00:10,sweep_sizenew,78,0.1,10000,400,1.0,0.0,0.0,0.5,[0.5],0.5,1.0,-1.0,0.0,0.8,-0.8,0.0,0.5,score
overall,ours_refined,0.9,1.125,200,2025-08-08T12:00:10,sweep_sizenew,82,0.1,10000,400,1.0,0.0,0.0,0.5,[0.5],0.5,1.0,-1.0,0.0,0.8,-0.8,0.0,0.5,score
easy_new,ours_refined,0.9147286821705426,1.1162790697674418,129,2025-08-08T12:00:10,sweep_sizenew,82,0.1,10000,400,1.0,0.0,0.0,0.5,[0.5],0.5,1.0,-1.0,0.0,0.8,-0.8,0.0,0.5,score
hard_new,ours_refined,0.8732394366197183,1.1408450704225352,71,2025-08-08T12:00:10,sweep_sizenew,82,0.1,10000,400,1.0,0.0,0.0,0.5,[0.5],0.5,1.0,-1.0,0.0,0.8,-0.8,0.0,0.5,score
overall,ours_refined,0.87,1.04,200,2025-08-08T12:00:10,sweep_sizenew,81,0.1,10000,400,1.0,0.0,0.0,0.5,[0.5],0.5,1.0,-1.0,0.0,0.8,-0.8,0.0,0.5,score
easy_new,ours_refined,0.8538461538461538,1.0461538461538462,130,2025-08-08T12:00:10,sweep_sizenew,81,0.1,10000,400,1.0,0.0,0.0,0.5,[0.5],0.5,1.0,-1.0,0.0,0.8,-0.8,0.0,0.5,score
hard_new,ours_refined,0.9,1.0285714285714285,70,2025-08-08T12:00:10,sweep_sizenew,81,0.1,10000,400,1.0,0.0,0.0,0.5,[0.5],0.5,1.0,-1.0,0.0,0.8,-0.8,0.0,0.5,score
overall,ours_refined,0.8985,1.10225,4000,2025-08-08T12:00:10,sweep_sizenew,28,0.1,10000,8000,1.0,0.0,0.0,0.5,[0.5],0.5,1.0,-1.0,0.0,0.8,-0.8,0.0,0.5,score
easy_new,ours_refined,0.9023556231003039,1.0911854103343466,2632,2025-08-08T12:00:10,sweep_sizenew,28,0.1,10000,8000,1.0,0.0,0.0,0.5,[0.5],0.5,1.0,-1.0,0.0,0.8,-0.8,0.0,0.5,score
hard_new,ours_refined,0.8910818713450293,1.1235380116959064,1368,2025-08-08T12:00:10,sweep_sizenew,28,0.1,10000,8000,1.0,0.0,0.0,0.5,[0.5],0.5,1.0,-1.0,0.0,0.8,-0.8,0.0,0.5,score
overall,ours_refined,0.875,1.04,200,2025-08-08T12:00:10,sweep_sizenew,83,0.1,10000,400,1.0,0.0,0.0,0.5,[0.5],0.5,1.0,-1.0,0.0,0.8,-0.8,0.0,0.5,score
easy_new,ours_refined,0.8582089552238806,1.044776119402985,134,2025-08-08T12:00:10,sweep_sizenew,83,0.1,10000,400,1.0,0.0,0.0,0.5,[0.5],0.5,1.0,-1.0,0.0,0.8,-0.8,0.0,0.5,score
hard_new,ours_refined,0.9090909090909091,1.0303030303030303,66,2025-08-08T12:00:10,sweep_sizenew,83,0.1,10000,400,1.0,0.0,0.0,0.5,[0.5],0.5,1.0,-1.0,0.0,0.8,-0.8,0.0,0.5,score
overall,ours_refined,0.88,1.13,100,2025-08-08T12:00:10,sweep_sizenew,64,0.1,10000,200,1.0,0.0,0.0,0.5,[0.5],0.5,1.0,-1.0,0.0,0.8,-0.8,0.0,0.5,score
easy_new,ours_refined,0.9180327868852459,1.1311475409836065,61,2025-08-08T12:00:10,sweep_sizenew,64,0.1,10000,200,1.0,0.0,0.0,0.5,[0.5],0.5,1.0,-1.0,0.0,0.8,-0.8,0.0,0.5,score
hard_new,ours_refined,0.8205128205128205,1.1282051282051282,39,2025-08-08T12:00:10,sweep_sizenew,64,0.1,10000,200,1.0,0.0,0.0,0.5,[0.5],0.5,1.0,-1.0,0.0,0.8,-0.8,0.0,0.5,score
overall,ours_refined,0.97,1.26,100,2025-08-08T12:00:10,sweep_sizenew,63,0.1,10000,200,1.0,0.0,0.0,0.5,[0.5],0.5,1.0,-1.0,0.0,0.8,-0.8,0.0,0.5,score
easy_new,ours_refined,0.9861111111111112,1.1944444444444444,72,2025-08-08T12:00:10,sweep_sizenew,63,0.1,10000,200,1.0,0.0,0.0,0.5,[0.5],0.5,1.0,-1.0,0.0,0.8,-0.8,0.0,0.5,score
hard_new,ours_refined,0.9285714285714286,1.4285714285714286,28,2025-08-08T12:00:10,sweep_sizenew,63,0.1,10000,200,1.0,0.0,0.0,0.5,[0.5],0.5,1.0,-1.0,0.0,0.8,-0.8,0.0,0.5,score
overall,ours_refined,0.914,1.122,500,2025-08-08T12:00:10,sweep_sizenew,42,0.1,10000,1000,1.0,0.0,0.0,0.5,[0.5],0.5,1.0,-1.0,0.0,0.8,-0.8,0.0,0.5,score
easy_new,ours_refined,0.9209726443768997,1.1124620060790273,329,2025-08-08T12:00:10,sweep_sizenew,42,0.1,10000,1000,1.0,0.0,0.0,0.5,[0.5],0.5,1.0,-1.0,0.0,0.8,-0.8,0.0,0.5,score
hard_new,ours_refined,0.9005847953216374,1.1403508771929824,171,2025-08-08T12:00:10,sweep_sizenew,42,0.1,10000,1000,1.0,0.0,0.0,0.5,[0.5],0.5,1.0,-1.0,0.0,0.8,-0.8,0.0,0.5,score
overall,ours_refined,0.882,1.064,1000,2025-08-08T12:00:11,sweep_sizenew,49,0.1,10000,2000,1.0,0.0,0.0,0.5,[0.5],0.5,1.0,-1.0,0.0,0.8,-0.8,0.0,0.5,score
easy_new,ours_refined,0.9033280507131537,1.0713153724247226,631,2025-08-08T12:00:11,sweep_sizenew,49,0.1,10000,2000,1.0,0.0,0.0,0.5,[0.5],0.5,1.0,-1.0,0.0,0.8,-0.8,0.0,0.5,score
hard_new,ours_refined,0.8455284552845529,1.051490514905149,369,2025-08-08T12:00:11,sweep_sizenew,49,0.1,10000,2000,1.0,0.0,0.0,0.5,[0.5],0.5,1.0,-1.0,0.0,0.8,-0.8,0.0,0.5,score
overall,ours_refined,0.892,1.034,500,2025-08-08T12:00:11,sweep_sizenew,52,0.1,10000,1000,1.0,0.0,0.0,0.5,[0.5],0.5,1.0,-1.0,0.0,0.8,-0.8,0.0,0.5,score
easy_new,ours_refined,0.8966565349544073,1.0425531914893618,329,2025-08-08T12:00:11,sweep_sizenew,52,0.1,10000,1000,1.0,0.0,0.0,0.5,[0.5],0.5,1.0,-1.0,0.0,0.8,-0.8,0.0,0.5,score
hard_new,ours_refined,0.8830409356725146,1.0175438596491229,171,2025-08-08T12:00:11,sweep_sizenew,52,0.1,10000,1000,1.0,0.0,0.0,0.5,[0.5],0.5,1.0,-1.0,0.0,0.8,-0.8,0.0,0.5,score
overall,ours_refined,0.877,1.054,1000,2025-08-08T12:00:11,sweep_sizenew,50,0.1,10000,2000,1.0,0.0,0.0,0.5,[0.5],0.5,1.0,-1.0,0.0,0.8,-0.8,0.0,0.5,score
easy_new,ours_refined,0.8828828828828829,1.0465465465465464,666,2025-08-08T12:00:11,sweep_sizenew,50,0.1,10000,2000,1.0,0.0,0.0,0.5,[0.5],0.5,1.0,-1.0,0.0,0.8,-0.8,0.0,0.5,score
hard_new,ours_refined,0.8652694610778443,1.0688622754491017,334,2025-08-08T12:00:11,sweep_sizenew,50,0.1,10000,2000,1.0,0.0,0.0,0.5,[0.5],0.5,1.0,-1.0,0.0,0.8,-0.8,0.0,0.5,score
overall,ours_refined,0.902,1.068,500,2025-08-08T12:00:11,sweep_sizenew,26,0.1,10000,1000,1.0,0.0,0.0,0.5,[0.5],0.5,1.0,-1.0,0.0,0.8,-0.8,0.0,0.5,score
easy_new,ours_refined,0.911042944785276,1.0705521472392638,326,2025-08-08T12:00:11,sweep_sizenew,26,0.1,10000,1000,1.0,0.0,0.0,0.5,[0.5],0.5,1.0,-1.0,0.0,0.8,-0.8,0.0,0.5,score
hard_new,ours_refined,0.8850574712643678,1.0632183908045978,174,2025-08-08T12:00:11,sweep_sizenew,26,0.1,10000,1000,1.0,0.0,0.0,0.5,[0.5],0.5,1.0,-1.0,0.0,0.8,-0.8,0.0,0.5,score
overall,ours_refined,0.9046666666666666,1.089,3000,2025-08-08T12:00:11,sweep_sizenew,38,0.1,10000,6000,1.0,0.0,0.0,0.5,[0.5],0.5,1.0,-1.0,0.0,0.8,-0.8,0.0,0.5,score
easy_new,ours_refined,0.9099144438852541,1.0754906894816305,1987,2025-08-08T12:00:11,sweep_sizenew,38,0.1,10000,6000,1.0,0.0,0.0,0.5,[0.5],0.5,1.0,-1.0,0.0,0.8,-0.8,0.0,0.5,score
hard_new,ours_refined,0.8943731490621916,1.1154985192497533,1013,2025-08-08T12:00:11,sweep_sizenew,38,0.1,10000,6000,1.0,0.0,0.0,0.5,[0.5],0.5,1.0,-1.0,0.0,0.8,-0.8,0.0,0.5,score
overall,ours_refined,0.8816666666666667,1.0706666666666667,3000,2025-08-08T12:00:11,sweep_sizenew,36,0.1,10000,6000,1.0,0.0,0.0,0.5,[0.5],0.5,1.0,-1.0,0.0,0.8,-0.8,0.0,0.5,score
easy_new,ours_refined,0.8915478615071283,1.0621181262729125,1964,2025-08-08T12:00:11,sweep_sizenew,36,0.1,10000,6000,1.0,0.0,0.0,0.5,[0.5],0.5,1.0,-1.0,0.0,0.8,-0.8,0.0,0.5,score
hard_new,ours_refined,0.862934362934363,1.0868725868725868,1036,2025-08-08T12:00:11,sweep_sizenew,36,0.1,10000,6000,1.0,0.0,0.0,0.5,[0.5],0.5,1.0,-1.0,0.0,0.8,-0.8,0.0,0.5,score
overall,ours_refined,0.9003333333333333,1.0996666666666666,3000,2025-08-08T12:00:12,sweep_sizenew,37,0.1,10000,6000,1.0,0.0,0.0,0.5,[0.5],0.5,1.0,-1.0,0.0,0.8,-0.8,0.0,0.5,score
easy_new,ours_refined,0.9045,1.086,2000,2025-08-08T12:00:12,sweep_sizenew,37,0.1,10000,6000,1.0,0.0,0.0,0.5,[0.5],0.5,1.0,-1.0,0.0,0.8,-0.8,0.0,0.5,score
hard_new,ours_refined,0.892,1.127,1000,2025-08-08T12:00:12,sweep_sizenew,37,0.1,10000,6000,1.0,0.0,0.0,0.5,[0.5],0.5,1.0,-1.0,0.0,0.8,-0.8,0.0,0.5,score
overall,ours_refined,0.919,1.112,1000,2025-08-08T12:00:12,sweep_sizenew,51,0.1,10000,2000,1.0,0.0,0.0,0.5,[0.5],0.5,1.0,-1.0,0.0,0.8,-0.8,0.0,0.5,score
easy_new,ours_refined,0.9202453987730062,1.1042944785276074,652,2025-08-08T12:00:12,sweep_sizenew,51,0.1,10000,2000,1.0,0.0,0.0,0.5,[0.5],0.5,1.0,-1.0,0.0,0.8,-0.8,0.0,0.5,score
hard_new,ours_refined,0.9166666666666666,1.1264367816091954,348,2025-08-08T12:00:12,sweep_sizenew,51,0.1,10000,2000,1.0,0.0,0.0,0.5,[0.5],0.5,1.0,-1.0,0.0,0.8,-0.8,0.0,0.5,score
overall,ours_refined,0.896,1.1186666666666667,1500,2025-08-08T12:00:12,sweep_sizenew,43,0.1,10000,3000,1.0,0.0,0.0,0.5,[0.5],0.5,1.0,-1.0,0.0,0.8,-0.8,0.0,0.5,score
easy_new,ours_refined,0.9055036344755971,1.1048805815160956,963,2025-08-08T12:00:12,sweep_sizenew,43,0.1,10000,3000,1.0,0.0,0.0,0.5,[0.5],0.5,1.0,-1.0,0.0,0.8,-0.8,0.0,0.5,score
hard_new,ours_refined,0.8789571694599627,1.143389199255121,537,2025-08-08T12:00:12,sweep_sizenew,43,0.1,10000,3000,1.0,0.0,0.0,0.5,[0.5],0.5,1.0,-1.0,0.0,0.8,-0.8,0.0,0.5,score
overall,ours_refined,0.906,1.0946666666666667,1500,2025-08-08T12:00:12,sweep_sizenew,44,0.1,10000,3000,1.0,0.0,0.0,0.5,[0.5],0.5,1.0,-1.0,0.0,0.8,-0.8,0.0,0.5,score
easy_new,ours_refined,0.908820614469772,1.0782953419226957,1009,2025-08-08T12:00:12,sweep_sizenew,44,0.1,10000,3000,1.0,0.0,0.0,0.5,[0.5],0.5,1.0,-1.0,0.0,0.8,-0.8,0.0,0.5,score
hard_new,ours_refined,0.90020366598778,1.1283095723014256,491,2025-08-08T12:00:12,sweep_sizenew,44,0.1,10000,3000,1.0,0.0,0.0,0.5,[0.5],0.5,1.0,-1.0,0.0,0.8,-0.8,0.0,0.5,score
overall,ours_refined,0.908,1.106,1000,2025-08-08T12:00:12,sweep_sizenew,41,0.1,10000,2000,1.0,0.0,0.0,0.5,[0.5],0.5,1.0,-1.0,0.0,0.8,-0.8,0.0,0.5,score
easy_new,ours_refined,0.9012539184952978,1.0893416927899686,638,2025-08-08T12:00:12,sweep_sizenew,41,0.1,10000,2000,1.0,0.0,0.0,0.5,[0.5],0.5,1.0,-1.0,0.0,0.8,-0.8,0.0,0.5,score
hard_new,ours_refined,0.919889502762431,1.1353591160220995,362,2025-08-08T12:00:12,sweep_sizenew,41,0.1,10000,2000,1.0,0.0,0.0,0.5,[0.5],0.5,1.0,-1.0,0.0,0.8,-0.8,0.0,0.5,score
overall,ours_refined,0.901,1.091,4000,2025-08-08T12:00:12,sweep_sizenew,32,0.1,10000,8000,1.0,0.0,0.0,0.5,[0.5],0.5,1.0,-1.0,0.0,0.8,-0.8,0.0,0.5,score
easy_new,ours_refined,0.9065704519559438,1.0850740600075959,2633,2025-08-08T12:00:12,sweep_sizenew,32,0.1,10000,8000,1.0,0.0,0.0,0.5,[0.5],0.5,1.0,-1.0,0.0,0.8,-0.8,0.0,0.5,score
hard_new,ours_refined,0.8902706656912948,1.1024140453547915,1367,2025-08-08T12:00:12,sweep_sizenew,32,0.1,10000,8000,1.0,0.0,0.0,0.5,[0.5],0.5,1.0,-1.0,0.0,0.8,-0.8,0.0,0.5,score
overall,ours_refined,0.905,1.104,1000,2025-08-08T12:00:12,sweep_sizenew,45,0.1,10000,2000,1.0,0.0,0.0,0.5,[0.5],0.5,1.0,-1.0,0.0,0.8,-0.8,0.0,0.5,score
easy_new,ours_refined,0.9191616766467066,1.097305389221557,668,2025-08-08T12:00:12,sweep_sizenew,45,0.1,10000,2000,1.0,0.0,0.0,0.5,[0.5],0.5,1.0,-1.0,0.0,0.8,-0.8,0.0,0.5,score
hard_new,ours_refined,0.8765060240963856,1.1174698795180722,332,2025-08-08T12:00:12,sweep_sizenew,45,0.1,10000,2000,1.0,0.0,0.0,0.5,[0.5],0.5,1.0,-1.0,0.0,0.8,-0.8,0.0,0.5,score
overall,ours_refined,0.878,1.074,1000,2025-08-08T12:00:13,sweep_sizenew,46,0.1,10000,2000,1.0,0.0,0.0,0.5,[0.5],0.5,1.0,-1.0,0.0,0.8,-0.8,0.0,0.5,score
easy_new,ours_refined,0.8753799392097265,1.0699088145896656,658,2025-08-08T12:00:13,sweep_sizenew,46,0.1,10000,2000,1.0,0.0,0.0,0.5,[0.5],0.5,1.0,-1.0,0.0,0.8,-0.8,0.0,0.5,score
hard_new,ours_refined,0.8830409356725146,1.0818713450292399,342,2025-08-08T12:00:13,sweep_sizenew,46,0.1,10000,2000,1.0,0.0,0.0,0.5,[0.5],0.5,1.0,-1.0,0.0,0.8,-0.8,0.0,0.5,score
overall,ours_refined,0.92,1.106,1000,2025-08-08T12:00:13,sweep_sizenew,47,0.1,10000,2000,1.0,0.0,0.0,0.5,[0.5],0.5,1.0,-1.0,0.0,0.8,-0.8,0.0,0.5,score
easy_new,ours_refined,0.9280245022970903,1.0995405819295558,653,2025-08-08T12:00:13,sweep_sizenew,47,0.1,10000,2000,1.0,0.0,0.0,0.5,[0.5],0.5,1.0,-1.0,0.0,0.8,-0.8,0.0,0.5,score
hard_new,ours_refined,0.9048991354466859,1.1181556195965419,347,2025-08-08T12:00:13,sweep_sizenew,47,0.1,10000,2000,1.0,0.0,0.0,0.5,[0.5],0.5,1.0,-1.0,0.0,0.8,-0.8,0.0,0.5,score
overall,ours_refined,0.91,1.13,100,2025-08-08T12:00:13,sweep_sizenew,58,0.1,10000,200,1.0,0.0,0.0,0.5,[0.5],0.5,1.0,-1.0,0.0,0.8,-0.8,0.0,0.5,score
easy_new,ours_refined,0.9305555555555556,1.1388888888888888,72,2025-08-08T12:00:13,sweep_sizenew,58,0.1,10000,200,1.0,0.0,0.0,0.5,[0.5],0.5,1.0,-1.0,0.0,0.8,-0.8,0.0,0.5,score
hard_new,ours_refined,0.8571428571428571,1.1071428571428572,28,2025-08-08T12:00:13,sweep_sizenew,58,0.1,10000,200,1.0,0.0,0.0,0.5,[0.5],0.5,1.0,-1.0,0.0,0.8,-0.8,0.0,0.5,score
overall,ours_refined,0.86,1.11,100,2025-08-08T12:00:13,sweep_sizenew,91,0.1,10000,200,1.0,0.0,0.0,0.5,[0.5],0.5,1.0,-1.0,0.0,0.8,-0.8,0.0,0.5,score
easy_new,ours_refined,0.8461538461538461,1.123076923076923,65,2025-08-08T12:00:13,sweep_sizenew,91,0.1,10000,200,1.0,0.0,0.0,0.5,[0.5],0.5,1.0,-1.0,0.0,0.8,-0.8,0.0,0.5,score
hard_new,ours_refined,0.8857142857142857,1.0857142857142856,35,2025-08-08T12:00:13,sweep_sizenew,91,0.1,10000,200,1.0,0.0,0.0,0.5,[0.5],0.5,1.0,-1.0,0.0,0.8,-0.8,0.0,0.5,score
overall,ours_refined,0.92,1.02,100,2025-08-08T12:00:13,sweep_sizenew,88,0.1,10000,200,1.0,0.0,0.0,0.5,[0.5],0.5,1.0,-1.0,0.0,0.8,-0.8,0.0,0.5,score
easy_new,ours_refined,0.9466666666666667,1.0266666666666666,75,2025-08-08T12:00:13,sweep_sizenew,88,0.1,10000,200,1.0,0.0,0.0,0.5,[0.5],0.5,1.0,-1.0,0.0,0.8,-0.8,0.0,0.5,score
hard_new,ours_refined,0.84,1.0,25,2025-08-08T12:00:13,sweep_sizenew,88,0.1,10000,200,1.0,0.0,0.0,0.5,[0.5],0.5,1.0,-1.0,0.0,0.8,-0.8,0.0,0.5,score
overall,ours_refined,0.94,1.17,100,2025-08-08T12:00:13,sweep_sizenew,84,0.1,10000,200,1.0,0.0,0.0,0.5,[0.5],0.5,1.0,-1.0,0.0,0.8,-0.8,0.0,0.5,score
easy_new,ours_refined,0.9253731343283582,1.164179104477612,67,2025-08-08T12:00:13,sweep_sizenew,84,0.1,10000,200,1.0,0.0,0.0,0.5,[0.5],0.5,1.0,-1.0,0.0,0.8,-0.8,0.0,0.5,score
hard_new,ours_refined,0.9696969696969697,1.1818181818181819,33,2025-08-08T12:00:13,sweep_sizenew,84,0.1,10000,200,1.0,0.0,0.0,0.5,[0.5],0.5,1.0,-1.0,0.0,0.8,-0.8,0.0,0.5,score
overall,ours_refined,0.83,1.02,100,2025-08-08T12:00:13,sweep_sizenew,95,0.1,10000,200,1.0,0.0,0.0,0.5,[0.5],0.5,1.0,-1.0,0.0,0.8,-0.8,0.0,0.5,score
easy_new,ours_refined,0.796875,1.015625,64,2025-08-08T12:00:13,sweep_sizenew,95,0.1,10000,200,1.0,0.0,0.0,0.5,[0.5],0.5,1.0,-1.0,0.0,0.8,-0.8,0.0,0.5,score
hard_new,ours_refined,0.8888888888888888,1.0277777777777777,36,2025-08-08T12:00:13,sweep_sizenew,95,0.1,10000,200,1.0,0.0,0.0,0.5,[0.5],0.5,1.0,-1.0,0.0,0.8,-0.8,0.0,0.5,score
overall,ours_refined,0.84,1.12,100,2025-08-08T12:00:13,sweep_sizenew,93,0.1,10000,200,1.0,0.0,0.0,0.5,[0.5],0.5,1.0,-1.0,0.0,0.8,-0.8,0.0,0.5,score
easy_new,ours_refined,0.9016393442622951,1.1147540983606556,61,2025-08-08T12:00:13,sweep_sizenew,93,0.1,10000,200,1.0,0.0,0.0,0.5,[0.5],0.5,1.0,-1.0,0.0,0.8,-0.8,0.0,0.5,score
hard_new,ours_refined,0.7435897435897436,1.1282051282051282,39,2025-08-08T12:00:13,sweep_sizenew,93,0.1,10000,200,1.0,0.0,0.0,0.5,[0.5],0.5,1.0,-1.0,0.0,0.8,-0.8,0.0,0.5,score
overall,ours_refined,0.89,1.0,100,2025-08-08T12:00:13,sweep_sizenew,85,0.1,10000,200,1.0,0.0,0.0,0.5,[0.5],0.5,1.0,-1.0,0.0,0.8,-0.8,0.0,0.5,score
easy_new,ours_refined,0.8923076923076924,1.0,65,2025-08-08T12:00:13,sweep_sizenew,85,0.1,10000,200,1.0,0.0,0.0,0.5,[0.5],0.5,1.0,-1.0,0.0,0.8,-0.8,0.0,0.5,score
hard_new,ours_refined,0.8857142857142857,1.0,35,2025-08-08T12:00:13,sweep_sizenew,85,0.1,10000,200,1.0,0.0,0.0,0.5,[0.5],0.5,1.0,-1.0,0.0,0.8,-0.8,0.0,0.5,score
overall,ours_refined,0.9,1.04,100,2025-08-08T12:00:13,sweep_sizenew,86,0.1,10000,200,1.0,0.0,0.0,0.5,[0.5],0.5,1.0,-1.0,0.0,0.8,-0.8,0.0,0.5,score
easy_new,ours_refined,0.9152542372881356,1.0508474576271187,59,2025-08-08T12:00:13,sweep_sizenew,86,0.1,10000,200,1.0,0.0,0.0,0.5,[0.5],0.5,1.0,-1.0,0.0,0.8,-0.8,0.0,0.5,score
hard_new,ours_refined,0.8780487804878049,1.024390243902439,41,2025-08-08T12:00:13,sweep_sizenew,86,0.1,10000,200,1.0,0.0,0.0,0.5,[0.5],0.5,1.0,-1.0,0.0,0.8,-0.8,0.0,0.5,score
overall,ours_refined,0.85,1.03,100,2025-08-08T12:00:13,sweep_sizenew,89,0.1,10000,200,1.0,0.0,0.0,0.5,[0.5],0.5,1.0,-1.0,0.0,0.8,-0.8,0.0,0.5,score
easy_new,ours_refined,0.8656716417910447,1.0298507462686568,67,2025-08-08T12:00:13,sweep_sizenew,89,0.1,10000,200,1.0,0.0,0.0,0.5,[0.5],0.5,1.0,-1.0,0.0,0.8,-0.8,0.0,0.5,score
hard_new,ours_refined,0.8181818181818182,1.0303030303030303,33,2025-08-08T12:00:13,sweep_sizenew,89,0.1,10000,200,1.0,0.0,0.0,0.5,[0.5],0.5,1.0,-1.0,0.0,0.8,-0.8,0.0,0.5,score
overall,ours_refined,0.88,1.12,100,2025-08-08T12:00:13,sweep_sizenew,94,0.1,10000,200,1.0,0.0,0.0,0.5,[0.5],0.5,1.0,-1.0,0.0,0.8,-0.8,0.0,0.5,score
easy_new,ours_refined,0.9206349206349206,1.0793650793650793,63,2025-08-08T12:00:13,sweep_sizenew,94,0.1,10000,200,1.0,0.0,0.0,0.5,[0.5],0.5,1.0,-1.0,0.0,0.8,-0.8,0.0,0.5,score
hard_new,ours_refined,0.8108108108108109,1.1891891891891893,37,2025-08-08T12:00:13,sweep_sizenew,94,0.1,10000,200,1.0,0.0,0.0,0.5,[0.5],0.5,1.0,-1.0,0.0,0.8,-0.8,0.0,0.5,score
overall,ours_refined,0.87,1.05,100,2025-08-08T12:00:13,sweep_sizenew,90,0.1,10000,200,1.0,0.0,0.0,0.5,[0.5],0.5,1.0,-1.0,0.0,0.8,-0.8,0.0,0.5,score
easy_new,ours_refined,0.8823529411764706,1.0441176470588236,68,2025-08-08T12:00:13,sweep_sizenew,90,0.1,10000,200,1.0,0.0,0.0,0.5,[0.5],0.5,1.0,-1.0,0.0,0.8,-0.8,0.0,0.5,score
hard_new,ours_refined,0.84375,1.0625,32,2025-08-08T12:00:13,sweep_sizenew,90,0.1,10000,200,1.0,0.0,0.0,0.5,[0.5],0.5,1.0,-1.0,0.0,0.8,-0.8,0.0,0.5,score
overall,ours_refined,0.84,0.96,100,2025-08-08T12:00:13,sweep_sizenew,92,0.1,10000,200,1.0,0.0,0.0,0.5,[0.5],0.5,1.0,-1.0,0.0,0.8,-0.8,0.0,0.5,score
easy_new,ours_refined,0.8656716417910447,0.9701492537313433,67,2025-08-08T12:00:13,sweep_sizenew,92,0.1,10000,200,1.0,0.0,0.0,0.5,[0.5],0.5,1.0,-1.0,0.0,0.8,-0.8,0.0,0.5,score
hard_new,ours_refined,0.7878787878787878,0.9393939393939394,33,2025-08-08T12:00:13,sweep_sizenew,92,0.1,10000,200,1.0,0.0,0.0,0.5,[0.5],0.5,1.0,-1.0,0.0,0.8,-0.8,0.0,0.5,score
overall,ours_refined,0.92,1.1,100,2025-08-08T12:00:13,sweep_sizenew,96,0.1,10000,200,1.0,0.0,0.0,0.5,[0.5],0.5,1.0,-1.0,0.0,0.8,-0.8,0.0,0.5,score
easy_new,ours_refined,0.9014084507042254,1.1267605633802817,71,2025-08-08T12:00:13,sweep_sizenew,96,0.1,10000,200,1.0,0.0,0.0,0.5,[0.5],0.5,1.0,-1.0,0.0,0.8,-0.8,0.0,0.5,score
hard_new,ours_refined,0.9655172413793104,1.0344827586206897,29,2025-08-08T12:00:13,sweep_sizenew,96,0.1,10000,200,1.0,0.0,0.0,0.5,[0.5],0.5,1.0,-1.0,0.0,0.8,-0.8,0.0,0.5,score
overall,ours_refined,0.89,1.04,100,2025-08-08T12:00:13,sweep_sizenew,87,0.1,10000,200,1.0,0.0,0.0,0.5,[0.5],0.5,1.0,-1.0,0.0,0.8,-0.8,0.0,0.5,score
easy_new,ours_refined,0.8888888888888888,1.0476190476190477,63,2025-08-08T12:00:13,sweep_sizenew,87,0.1,10000,200,1.0,0.0,0.0,0.5,[0.5],0.5,1.0,-1.0,0.0,0.8,-0.8,0.0,0.5,score
hard_new,ours_refined,0.8918918918918919,1.027027027027027,37,2025-08-08T12:00:13,sweep_sizenew,87,0.1,10000,200,1.0,0.0,0.0,0.5,[0.5],0.5,1.0,-1.0,0.0,0.8,-0.8,0.0,0.5,score
overall,ours_refined,0.91,1.02,100,2025-08-08T12:00:13,sweep_sizenew,57,0.1,10000,200,1.0,0.0,0.0,0.5,[0.5],0.5,1.0,-1.0,0.0,0.8,-0.8,0.0,0.5,score
easy_new,ours_refined,0.8805970149253731,1.0298507462686568,67,2025-08-08T12:00:13,sweep_sizenew,57,0.1,10000,200,1.0,0.0,0.0,0.5,[0.5],0.5,1.0,-1.0,0.0,0.8,-0.8,0.0,0.5,score
hard_new,ours_refined,0.9696969696969697,1.0,33,2025-08-08T12:00:13,sweep_sizenew,57,0.1,10000,200,1.0,0.0,0.0,0.5,[0.5],0.5,1.0,-1.0,0.0,0.8,-0.8,0.0,0.5,score
overall,ours_refined,0.893,1.055,1000,2025-08-08T12:00:13,sweep_sizenew,48,0.1,10000,2000,1.0,0.0,0.0,0.5,[0.5],0.5,1.0,-1.0,0.0,0.8,-0.8,0.0,0.5,score
easy_new,ours_refined,0.8998459167950693,1.0539291217257318,649,2025-08-08T12:00:13,sweep_sizenew,48,0.1,10000,2000,1.0,0.0,0.0,0.5,[0.5],0.5,1.0,-1.0,0.0,0.8,-0.8,0.0,0.5,score
hard_new,ours_refined,0.8803418803418803,1.056980056980057,351,2025-08-08T12:00:13,sweep_sizenew,48,0.1,10000,2000,1.0,0.0,0.0,0.5,[0.5],0.5,1.0,-1.0,0.0,0.8,-0.8,0.0,0.5,score
overall,ours_refined,0.93,1.21,100,2025-08-08T12:00:14,sweep_sizenew,74,0.1,10000,200,1.0,0.0,0.0,0.5,[0.5],0.5,1.0,-1.0,0.0,0.8,-0.8,0.0,0.5,score
easy_new,ours_refined,0.9850746268656716,1.1940298507462686,67,2025-08-08T12:00:14,sweep_sizenew,74,0.1,10000,200,1.0,0.0,0.0,0.5,[0.5],0.5,1.0,-1.0,0.0,0.8,-0.8,0.0,0.5,score
hard_new,ours_refined,0.8181818181818182,1.2424242424242424,33,2025-08-08T12:00:14,sweep_sizenew,74,0.1,10000,200,1.0,0.0,0.0,0.5,[0.5],0.5,1.0,-1.0,0.0,0.8,-0.8,0.0,0.5,score
overall,ours_refined,0.82,1.0,100,2025-08-08T12:00:14,sweep_sizenew,73,0.1,10000,200,1.0,0.0,0.0,0.5,[0.5],0.5,1.0,-1.0,0.0,0.8,-0.8,0.0,0.5,score
easy_new,ours_refined,0.7931034482758621,1.0,58,2025-08-08T12:00:14,sweep_sizenew,73,0.1,10000,200,1.0,0.0,0.0,0.5,[0.5],0.5,1.0,-1.0,0.0,0.8,-0.8,0.0,0.5,score
hard_new,ours_refined,0.8571428571428571,1.0,42,2025-08-08T12:00:14,sweep_sizenew,73,0.1,10000,200,1.0,0.0,0.0,0.5,[0.5],0.5,1.0,-1.0,0.0,0.8,-0.8,0.0,0.5,score
overall,ours_refined,0.84,1.05,300,2025-08-08T12:00:14,sweep_sizenew,53,0.1,10000,600,1.0,0.0,0.0,0.5,[0.5],0.5,1.0,-1.0,0.0,0.8,-0.8,0.0,0.5,score
easy_new,ours_refined,0.8324873096446701,1.0253807106598984,197,2025-08-08T12:00:14,sweep_sizenew,53,0.1,10000,600,1.0,0.0,0.0,0.5,[0.5],0.5,1.0,-1.0,0.0,0.8,-0.8,0.0,0.5,score
hard_new,ours_refined,0.8543689320388349,1.0970873786407767,103,2025-08-08T12:00:14,sweep_sizenew,53,0.1,10000,600,1.0,0.0,0.0,0.5,[0.5],0.5,1.0,-1.0,0.0,0.8,-0.8,0.0,0.5,score
overall,ours_refined,0.9011111111111111,1.0977777777777777,4500,2025-08-08T12:00:14,sweep_sizenew,22,0.1,10000,9000,1.0,0.0,0.0,0.5,[0.5],0.5,1.0,-1.0,0.0,0.8,-0.8,0.0,0.5,score
easy_new,ours_refined,0.8979661016949153,1.0816949152542372,2950,2025-08-08T12:00:14,sweep_sizenew,22,0.1,10000,9000,1.0,0.0,0.0,0.5,[0.5],0.5,1.0,-1.0,0.0,0.8,-0.8,0.0,0.5,score
hard_new,ours_refined,0.9070967741935484,1.1283870967741936,1550,2025-08-08T12:00:14,sweep_sizenew,22,0.1,10000,9000,1.0,0.0,0.0,0.5,[0.5],0.5,1.0,-1.0,0.0,0.8,-0.8,0.0,0.5,score
overall,ours_refined,0.88,1.09,100,2025-08-08T12:00:14,sweep_sizenew,56,0.1,10000,200,1.0,0.0,0.0,0.5,[0.5],0.5,1.0,-1.0,0.0,0.8,-0.8,0.0,0.5,score
easy_new,ours_refined,0.9,1.1,70,2025-08-08T12:00:14,sweep_sizenew,56,0.1,10000,200,1.0,0.0,0.0,0.5,[0.5],0.5,1.0,-1.0,0.0,0.8,-0.8,0.0,0.5,score
hard_new,ours_refined,0.8333333333333334,1.0666666666666667,30,2025-08-08T12:00:14,sweep_sizenew,56,0.1,10000,200,1.0,0.0,0.0,0.5,[0.5],0.5,1.0,-1.0,0.0,0.8,-0.8,0.0,0.5,score
overall,ours_refined,0.96,1.2,100,2025-08-08T12:00:14,sweep_sizenew,55,0.1,10000,200,1.0,0.0,0.0,0.5,[0.5],0.5,1.0,-1.0,0.0,0.8,-0.8,0.0,0.5,score
easy_new,ours_refined,0.971830985915493,1.2112676056338028,71,2025-08-08T12:00:14,sweep_sizenew,55,0.1,10000,200,1.0,0.0,0.0,0.5,[0.5],0.5,1.0,-1.0,0.0,0.8,-0.8,0.0,0.5,score
hard_new,ours_refined,0.9310344827586207,1.1724137931034482,29,2025-08-08T12:00:14,sweep_sizenew,55,0.1,10000,200,1.0,0.0,0.0,0.5,[0.5],0.5,1.0,-1.0,0.0,0.8,-0.8,0.0,0.5,score
overall,ours_refined,0.8,1.1,50,2025-08-08T12:00:14,sweep_sizenew,67,0.1,10000,100,1.0,0.0,0.0,0.5,[0.5],0.5,1.0,-1.0,0.0,0.8,-0.8,0.0,0.5,score
easy_new,ours_refined,0.8181818181818182,1.121212121212121,33,2025-08-08T12:00:14,sweep_sizenew,67,0.1,10000,100,1.0,0.0,0.0,0.5,[0.5],0.5,1.0,-1.0,0.0,0.8,-0.8,0.0,0.5,score
hard_new,ours_refined,0.7647058823529411,1.0588235294117647,17,2025-08-08T12:00:14,sweep_sizenew,67,0.1,10000,100,1.0,0.0,0.0,0.5,[0.5],0.5,1.0,-1.0,0.0,0.8,-0.8,0.0,0.5,score
overall,ours_refined,0.9,1.26,50,2025-08-08T12:00:14,sweep_sizenew,68,0.1,10000,100,1.0,0.0,0.0,0.5,[0.5],0.5,1.0,-1.0,0.0,0.8,-0.8,0.0,0.5,score
easy_new,ours_refined,0.896551724137931,1.2758620689655173,29,2025-08-08T12:00:14,sweep_sizenew,68,0.1,10000,100,1.0,0.0,0.0,0.5,[0.5],0.5,1.0,-1.0,0.0,0.8,-0.8,0.0,0.5,score
hard_new,ours_refined,0.9047619047619048,1.2380952380952381,21,2025-08-08T12:00:14,sweep_sizenew,68,0.1,10000,100,1.0,0.0,0.0,0.5,[0.5],0.5,1.0,-1.0,0.0,0.8,-0.8,0.0,0.5,score
overall,ours_refined,0.9,1.12,50,2025-08-08T12:00:14,sweep_sizenew,66,0.1,10000,100,1.0,0.0,0.0,0.5,[0.5],0.5,1.0,-1.0,0.0,0.8,-0.8,0.0,0.5,score
easy_new,ours_refined,0.896551724137931,1.103448275862069,29,2025-08-08T12:00:14,sweep_sizenew,66,0.1,10000,100,1.0,0.0,0.0,0.5,[0.5],0.5,1.0,-1.0,0.0,0.8,-0.8,0.0,0.5,score
hard_new,ours_refined,0.9047619047619048,1.1428571428571428,21,2025-08-08T12:00:14,sweep_sizenew,66,0.1,10000,100,1.0,0.0,0.0,0.5,[0.5],0.5,1.0,-1.0,0.0,0.8,-0.8,0.0,0.5,score
overall,ours_refined,0.9133333333333333,1.1233333333333333,300,2025-08-08T12:00:14,sweep_sizenew,80,0.1,10000,600,1.0,0.0,0.0,0.5,[0.5],0.5,1.0,-1.0,0.0,0.8,-0.8,0.0,0.5,score
easy_new,ours_refined,0.93,1.105,200,2025-08-08T12:00:14,sweep_sizenew,80,0.1,10000,600,1.0,0.0,0.0,0.5,[0.5],0.5,1.0,-1.0,0.0,0.8,-0.8,0.0,0.5,score
hard_new,ours_refined,0.88,1.16,100,2025-08-08T12:00:14,sweep_sizenew,80,0.1,10000,600,1.0,0.0,0.0,0.5,[0.5],0.5,1.0,-1.0,0.0,0.8,-0.8,0.0,0.5,score
overall,ours_refined,0.9,1.14,50,2025-08-08T12:00:14,sweep_sizenew,65,0.1,10000,100,1.0,0.0,0.0,0.5,[0.5],0.5,1.0,-1.0,0.0,0.8,-0.8,0.0,0.5,score
easy_new,ours_refined,0.875,1.03125,32,2025-08-08T12:00:14,sweep_sizenew,65,0.1,10000,100,1.0,0.0,0.0,0.5,[0.5],0.5,1.0,-1.0,0.0,0.8,-0.8,0.0,0.5,score
hard_new,ours_refined,0.9444444444444444,1.3333333333333333,18,2025-08-08T12:00:14,sweep_sizenew,65,0.1,10000,100,1.0,0.0,0.0,0.5,[0.5],0.5,1.0,-1.0,0.0,0.8,-0.8,0.0,0.5,score
overall,ours_refined,0.9033333333333333,1.0366666666666666,300,2025-08-08T12:00:14,sweep_sizenew,79,0.1,10000,600,1.0,0.0,0.0,0.5,[0.5],0.5,1.0,-1.0,0.0,0.8,-0.8,0.0,0.5,score
easy_new,ours_refined,0.9019607843137255,1.0245098039215685,204,2025-08-08T12:00:14,sweep_sizenew,79,0.1,10000,600,1.0,0.0,0.0,0.5,[0.5],0.5,1.0,-1.0,0.0,0.8,-0.8,0.0,0.5,score
hard_new,ours_refined,0.90625,1.0625,96,2025-08-08T12:00:14,sweep_sizenew,79,0.1,10000,600,1.0,0.0,0.0,0.5,[0.5],0.5,1.0,-1.0,0.0,0.8,-0.8,0.0,0.5,score
overall,ours_refined,0.86,1.01,100,2025-08-08T12:00:14,sweep_sizenew,72,0.1,10000,200,1.0,0.0,0.0,0.5,[0.5],0.5,1.0,-1.0,0.0,0.8,-0.8,0.0,0.5,score
easy_new,ours_refined,0.8833333333333333,1.0166666666666666,60,2025-08-08T12:00:14,sweep_sizenew,72,0.1,10000,200,1.0,0.0,0.0,0.5,[0.5],0.5,1.0,-1.0,0.0,0.8,-0.8,0.0,0.5,score
hard_new,ours_refined,0.825,1.0,40,2025-08-08T12:00:14,sweep_sizenew,72,0.1,10000,200,1.0,0.0,0.0,0.5,[0.5],0.5,1.0,-1.0,0.0,0.8,-0.8,0.0,0.5,score
overall,ours_refined,0.84,0.97,100,2025-08-08T12:00:14,sweep_sizenew,70,0.1,10000,200,1.0,0.0,0.0,0.5,[0.5],0.5,1.0,-1.0,0.0,0.8,-0.8,0.0,0.5,score
easy_new,ours_refined,0.8266666666666667,0.96,75,2025-08-08T12:00:14,sweep_sizenew,70,0.1,10000,200,1.0,0.0,0.0,0.5,[0.5],0.5,1.0,-1.0,0.0,0.8,-0.8,0.0,0.5,score
hard_new,ours_refined,0.88,1.0,25,2025-08-08T12:00:14,sweep_sizenew,70,0.1,10000,200,1.0,0.0,0.0,0.5,[0.5],0.5,1.0,-1.0,0.0,0.8,-0.8,0.0,0.5,score
overall,ours_refined,0.92,1.17,100,2025-08-08T12:00:14,sweep_sizenew,69,0.1,10000,200,1.0,0.0,0.0,0.5,[0.5],0.5,1.0,-1.0,0.0,0.8,-0.8,0.0,0.5,score
easy_new,ours_refined,0.9354838709677419,1.1451612903225807,62,2025-08-08T12:00:14,sweep_sizenew,69,0.1,10000,200,1.0,0.0,0.0,0.5,[0.5],0.5,1.0,-1.0,0.0,0.8,-0.8,0.0,0.5,score
hard_new,ours_refined,0.8947368421052632,1.2105263157894737,38,2025-08-08T12:00:14,sweep_sizenew,69,0.1,10000,200,1.0,0.0,0.0,0.5,[0.5],0.5,1.0,-1.0,0.0,0.8,-0.8,0.0,0.5,score
overall,ours_refined,0.92,1.13,100,2025-08-08T12:00:15,sweep_sizenew,71,0.1,10000,200,1.0,0.0,0.0,0.5,[0.5],0.5,1.0,-1.0,0.0,0.8,-0.8,0.0,0.5,score
easy_new,ours_refined,0.9333333333333333,1.1333333333333333,60,2025-08-08T12:00:15,sweep_sizenew,71,0.1,10000,200,1.0,0.0,0.0,0.5,[0.5],0.5,1.0,-1.0,0.0,0.8,-0.8,0.0,0.5,score
hard_new,ours_refined,0.9,1.125,40,2025-08-08T12:00:15,sweep_sizenew,71,0.1,10000,200,1.0,0.0,0.0,0.5,[0.5],0.5,1.0,-1.0,0.0,0.8,-0.8,0.0,0.5,score
overall,ours_refined,0.8966666666666666,1.0833333333333333,300,2025-08-08T12:00:15,sweep_sizenew,78,0.1,10000,600,1.0,0.0,0.0,0.5,[0.5],0.5,1.0,-1.0,0.0,0.8,-0.8,0.0,0.5,score
easy_new,ours_refined,0.8877551020408163,1.0816326530612246,196,2025-08-08T12:00:15,sweep_sizenew,78,0.1,10000,600,1.0,0.0,0.0,0.5,[0.5],0.5,1.0,-1.0,0.0,0.8,-0.8,0.0,0.5,score
hard_new,ours_refined,0.9134615384615384,1.0865384615384615,104,2025-08-08T12:00:15,sweep_sizenew,78,0.1,10000,600,1.0,0.0,0.0,0.5,[0.5],0.5,1.0,-1.0,0.0,0.8,-0.8,0.0,0.5,score
overall,ours_refined,0.9066666666666666,1.0966666666666667,300,2025-08-08T12:00:15,sweep_sizenew,81,0.1,10000,600,1.0,0.0,0.0,0.5,[0.5],0.5,1.0,-1.0,0.0,0.8,-0.8,0.0,0.5,score
easy_new,ours_refined,0.9128205128205128,1.0923076923076922,195,2025-08-08T12:00:15,sweep_sizenew,81,0.1,10000,600,1.0,0.0,0.0,0.5,[0.5],0.5,1.0,-1.0,0.0,0.8,-0.8,0.0,0.5,score
hard_new,ours_refined,0.8952380952380953,1.1047619047619048,105,2025-08-08T12:00:15,sweep_sizenew,81,0.1,10000,600,1.0,0.0,0.0,0.5,[0.5],0.5,1.0,-1.0,0.0,0.8,-0.8,0.0,0.5,score
overall,ours_refined,0.8966666666666666,1.1066666666666667,300,2025-08-08T12:00:15,sweep_sizenew,82,0.1,10000,600,1.0,0.0,0.0,0.5,[0.5],0.5,1.0,-1.0,0.0,0.8,-0.8,0.0,0.5,score
easy_new,ours_refined,0.8958333333333334,1.078125,192,2025-08-08T12:00:15,sweep_sizenew,82,0.1,10000,600,1.0,0.0,0.0,0.5,[0.5],0.5,1.0,-1.0,0.0,0.8,-0.8,0.0,0.5,score
hard_new,ours_refined,0.8981481481481481,1.1574074074074074,108,2025-08-08T12:00:15,sweep_sizenew,82,0.1,10000,600,1.0,0.0,0.0,0.5,[0.5],0.5,1.0,-1.0,0.0,0.8,-0.8,0.0,0.5,score
overall,ours_refined,0.87,1.03,100,2025-08-08T12:00:15,sweep_sizenew,59,0.1,10000,200,1.0,0.0,0.0,0.5,[0.5],0.5,1.0,-1.0,0.0,0.8,-0.8,0.0,0.5,score
easy_new,ours_refined,0.819672131147541,1.0,61,2025-08-08T12:00:15,sweep_sizenew,59,0.1,10000,200,1.0,0.0,0.0,0.5,[0.5],0.5,1.0,-1.0,0.0,0.8,-0.8,0.0,0.5,score
hard_new,ours_refined,0.9487179487179487,1.0769230769230769,39,2025-08-08T12:00:15,sweep_sizenew,59,0.1,10000,200,1.0,0.0,0.0,0.5,[0.5],0.5,1.0,-1.0,0.0,0.8,-0.8,0.0,0.5,score
overall,ours_refined,0.95,1.18,100,2025-08-08T12:00:15,sweep_sizenew,60,0.1,10000,200,1.0,0.0,0.0,0.5,[0.5],0.5,1.0,-1.0,0.0,0.8,-0.8,0.0,0.5,score
easy_new,ours_refined,0.9538461538461539,1.1538461538461537,65,2025-08-08T12:00:15,sweep_sizenew,60,0.1,10000,200,1.0,0.0,0.0,0.5,[0.5],0.5,1.0,-1.0,0.0,0.8,-0.8,0.0,0.5,score
hard_new,ours_refined,0.9428571428571428,1.2285714285714286,35,2025-08-08T12:00:15,sweep_sizenew,60,0.1,10000,200,1.0,0.0,0.0,0.5,[0.5],0.5,1.0,-1.0,0.0,0.8,-0.8,0.0,0.5,score
overall,ours_refined,0.8233333333333334,0.9866666666666667,300,2025-08-08T12:00:15,sweep_sizenew,83,0.1,10000,600,1.0,0.0,0.0,0.5,[0.5],0.5,1.0,-1.0,0.0,0.8,-0.8,0.0,0.5,score
easy_new,ours_refined,0.8277511961722488,0.9952153110047847,209,2025-08-08T12:00:15,sweep_sizenew,83,0.1,10000,600,1.0,0.0,0.0,0.5,[0.5],0.5,1.0,-1.0,0.0,0.8,-0.8,0.0,0.5,score
hard_new,ours_refined,0.8131868131868132,0.967032967032967,91,2025-08-08T12:00:15,sweep_sizenew,83,0.1,10000,600,1.0,0.0,0.0,0.5,[0.5],0.5,1.0,-1.0,0.0,0.8,-0.8,0.0,0.5,score
overall,ours_refined,0.906,1.108,3500,2025-08-08T12:00:16,sweep_sizenew,40,0.1,10000,7000,1.0,0.0,0.0,0.5,[0.5],0.5,1.0,-1.0,0.0,0.8,-0.8,0.0,0.5,score
easy_new,ours_refined,0.9184397163120568,1.0908687943262412,2256,2025-08-08T12:00:16,sweep_sizenew,40,0.1,10000,7000,1.0,0.0,0.0,0.5,[0.5],0.5,1.0,-1.0,0.0,0.8,-0.8,0.0,0.5,score
hard_new,ours_refined,0.8834405144694534,1.1390675241157557,1244,2025-08-08T12:00:16,sweep_sizenew,40,0.1,10000,7000,1.0,0.0,0.0,0.5,[0.5],0.5,1.0,-1.0,0.0,0.8,-0.8,0.0,0.5,score
overall,ours_refined,0.8997142857142857,1.0802857142857143,3500,2025-08-08T12:00:16,sweep_sizenew,39,0.1,10000,7000,1.0,0.0,0.0,0.5,[0.5],0.5,1.0,-1.0,0.0,0.8,-0.8,0.0,0.5,score
easy_new,ours_refined,0.9006968641114983,1.0709930313588851,2296,2025-08-08T12:00:16,sweep_sizenew,39,0.1,10000,7000,1.0,0.0,0.0,0.5,[0.5],0.5,1.0,-1.0,0.0,0.8,-0.8,0.0,0.5,score
hard_new,ours_refined,0.8978405315614618,1.0980066445182723,1204,2025-08-08T12:00:16,sweep_sizenew,39,0.1,10000,7000,1.0,0.0,0.0,0.5,[0.5],0.5,1.0,-1.0,0.0,0.8,-0.8,0.0,0.5,score
overall,ours_refined,0.9042222222222223,1.0973333333333333,4500,2025-08-08T12:00:16,sweep_sizenew,27,0.1,10000,9000,1.0,0.0,0.0,0.5,[0.5],0.5,1.0,-1.0,0.0,0.8,-0.8,0.0,0.5,score
easy_new,ours_refined,0.9089398471252907,1.088069125955467,3009,2025-08-08T12:00:16,sweep_sizenew,27,0.1,10000,9000,1.0,0.0,0.0,0.5,[0.5],0.5,1.0,-1.0,0.0,0.8,-0.8,0.0,0.5,score
hard_new,ours_refined,0.8947015425888666,1.1160295103957076,1491,2025-08-08T12:00:16,sweep_sizenew,27,0.1,10000,9000,1.0,0.0,0.0,0.5,[0.5],0.5,1.0,-1.0,0.0,0.8,-0.8,0.0,0.5,score
overall,ours_refined,0.8966666666666666,1.0966666666666667,4500,2025-08-08T12:00:17,sweep_sizenew,24,0.1,10000,9000,1.0,0.0,0.0,0.5,[0.5],0.5,1.0,-1.0,0.0,0.8,-0.8,0.0,0.5,score
easy_new,ours_refined,0.899452804377565,1.0841313269493844,2924,2025-08-08T12:00:17,sweep_sizenew,24,0.1,10000,9000,1.0,0.0,0.0,0.5,[0.5],0.5,1.0,-1.0,0.0,0.8,-0.8,0.0,0.5,score
hard_new,ours_refined,0.891497461928934,1.1199238578680204,1576,2025-08-08T12:00:17,sweep_sizenew,24,0.1,10000,9000,1.0,0.0,0.0,0.5,[0.5],0.5,1.0,-1.0,0.0,0.8,-0.8,0.0,0.5,score
overall,ours_refined,0.9024,1.0884,2500,2025-08-08T12:00:17,sweep_sizenew,33,0.1,10000,5000,1.0,0.0,0.0,0.5,[0.5],0.5,1.0,-1.0,0.0,0.8,-0.8,0.0,0.5,score
easy_new,ours_refined,0.9026128266033254,1.077790973871734,1684,2025-08-08T12:00:17,sweep_sizenew,33,0.1,10000,5000,1.0,0.0,0.0,0.5,[0.5],0.5,1.0,-1.0,0.0,0.8,-0.8,0.0,0.5,score
hard_new,ours_refined,0.9019607843137255,1.1102941176470589,816,2025-08-08T12:00:17,sweep_sizenew,33,0.1,10000,5000,1.0,0.0,0.0,0.5,[0.5],0.5,1.0,-1.0,0.0,0.8,-0.8,0.0,0.5,score
overall,ours_refined,0.895,1.01,200,2025-08-08T12:00:17,sweep_sizenew,58,0.1,10000,400,1.0,0.0,0.0,0.5,[0.5],0.5,1.0,-1.0,0.0,0.8,-0.8,0.0,0.5,score
easy_new,ours_refined,0.8796992481203008,1.0075187969924813,133,2025-08-08T12:00:17,sweep_sizenew,58,0.1,10000,400,1.0,0.0,0.0,0.5,[0.5],0.5,1.0,-1.0,0.0,0.8,-0.8,0.0,0.5,score
hard_new,ours_refined,0.9253731343283582,1.0149253731343284,67,2025-08-08T12:00:17,sweep_sizenew,58,0.1,10000,400,1.0,0.0,0.0,0.5,[0.5],0.5,1.0,-1.0,0.0,0.8,-0.8,0.0,0.5,score
overall,ours_refined,0.955,1.21,200,2025-08-08T12:00:18,sweep_sizenew,84,0.1,10000,400,1.0,0.0,0.0,0.5,[0.5],0.5,1.0,-1.0,0.0,0.8,-0.8,0.0,0.5,score
easy_new,ours_refined,0.9555555555555556,1.162962962962963,135,2025-08-08T12:00:18,sweep_sizenew,84,0.1,10000,400,1.0,0.0,0.0,0.5,[0.5],0.5,1.0,-1.0,0.0,0.8,-0.8,0.0,0.5,score
hard_new,ours_refined,0.9538461538461539,1.3076923076923077,65,2025-08-08T12:00:18,sweep_sizenew,84,0.1,10000,400,1.0,0.0,0.0,0.5,[0.5],0.5,1.0,-1.0,0.0,0.8,-0.8,0.0,0.5,score
overall,ours_refined,0.94,1.2,200,2025-08-08T12:00:18,sweep_sizenew,91,0.1,10000,400,1.0,0.0,0.0,0.5,[0.5],0.5,1.0,-1.0,0.0,0.8,-0.8,0.0,0.5,score
easy_new,ours_refined,0.9632352941176471,1.2058823529411764,136,2025-08-08T12:00:18,sweep_sizenew,91,0.1,10000,400,1.0,0.0,0.0,0.5,[0.5],0.5,1.0,-1.0,0.0,0.8,-0.8,0.0,0.5,score
hard_new,ours_refined,0.890625,1.1875,64,2025-08-08T12:00:18,sweep_sizenew,91,0.1,10000,400,1.0,0.0,0.0,0.5,[0.5],0.5,1.0,-1.0,0.0,0.8,-0.8,0.0,0.5,score
overall,ours_refined,0.935,1.16,200,2025-08-08T12:00:18,sweep_sizenew,95,0.1,10000,400,1.0,0.0,0.0,0.5,[0.5],0.5,1.0,-1.0,0.0,0.8,-0.8,0.0,0.5,score
easy_new,ours_refined,0.9435483870967742,1.1290322580645162,124,2025-08-08T12:00:18,sweep_sizenew,95,0.1,10000,400,1.0,0.0,0.0,0.5,[0.5],0.5,1.0,-1.0,0.0,0.8,-0.8,0.0,0.5,score
hard_new,ours_refined,0.9210526315789473,1.2105263157894737,76,2025-08-08T12:00:18,sweep_sizenew,95,0.1,10000,400,1.0,0.0,0.0,0.5,[0.5],0.5,1.0,-1.0,0.0,0.8,-0.8,0.0,0.5,score
overall,ours_refined,0.945,1.21,200,2025-08-08T12:00:18,sweep_sizenew,93,0.1,10000,400,1.0,0.0,0.0,0.5,[0.5],0.5,1.0,-1.0,0.0,0.8,-0.8,0.0,0.5,score
easy_new,ours_refined,0.959349593495935,1.1951219512195121,123,2025-08-08T12:00:18,sweep_sizenew,93,0.1,10000,400,1.0,0.0,0.0,0.5,[0.5],0.5,1.0,-1.0,0.0,0.8,-0.8,0.0,0.5,score
hard_new,ours_refined,0.922077922077922,1.2337662337662338,77,2025-08-08T12:00:18,sweep_sizenew,93,0.1,10000,400,1.0,0.0,0.0,0.5,[0.5],0.5,1.0,-1.0,0.0,0.8,-0.8,0.0,0.5,score
overall,ours_refined,0.915,1.125,200,2025-08-08T12:00:18,sweep_sizenew,88,0.1,10000,400,1.0,0.0,0.0,0.5,[0.5],0.5,1.0,-1.0,0.0,0.8,-0.8,0.0,0.5,score
easy_new,ours_refined,0.917910447761194,1.1194029850746268,134,2025-08-08T12:00:18,sweep_sizenew,88,0.1,10000,400,1.0,0.0,0.0,0.5,[0.5],0.5,1.0,-1.0,0.0,0.8,-0.8,0.0,0.5,score
hard_new,ours_refined,0.9090909090909091,1.1363636363636365,66,2025-08-08T12:00:18,sweep_sizenew,88,0.1,10000,400,1.0,0.0,0.0,0.5,[0.5],0.5,1.0,-1.0,0.0,0.8,-0.8,0.0,0.5,score
overall,ours_refined,0.95,1.2,200,2025-08-08T12:00:18,sweep_sizenew,94,0.1,10000,400,1.0,0.0,0.0,0.5,[0.5],0.5,1.0,-1.0,0.0,0.8,-0.8,0.0,0.5,score
easy_new,ours_refined,0.9402985074626866,1.1194029850746268,134,2025-08-08T12:00:18,sweep_sizenew,94,0.1,10000,400,1.0,0.0,0.0,0.5,[0.5],0.5,1.0,-1.0,0.0,0.8,-0.8,0.0,0.5,score
hard_new,ours_refined,0.9696969696969697,1.3636363636363635,66,2025-08-08T12:00:18,sweep_sizenew,94,0.1,10000,400,1.0,0.0,0.0,0.5,[0.5],0.5,1.0,-1.0,0.0,0.8,-0.8,0.0,0.5,score
overall,ours_refined,0.89,1.02,200,2025-08-08T12:00:18,sweep_sizenew,89,0.1,10000,400,1.0,0.0,0.0,0.5,[0.5],0.5,1.0,-1.0,0.0,0.8,-0.8,0.0,0.5,score
easy_new,ours_refined,0.8872180451127819,1.0150375939849625,133,2025-08-08T12:00:18,sweep_sizenew,89,0.1,10000,400,1.0,0.0,0.0,0.5,[0.5],0.5,1.0,-1.0,0.0,0.8,-0.8,0.0,0.5,score
hard_new,ours_refined,0.8955223880597015,1.0298507462686568,67,2025-08-08T12:00:18,sweep_sizenew,89,0.1,10000,400,1.0,0.0,0.0,0.5,[0.5],0.5,1.0,-1.0,0.0,0.8,-0.8,0.0,0.5,score
overall,ours_refined,0.895,1.07,200,2025-08-08T12:00:18,sweep_sizenew,90,0.1,10000,400,1.0,0.0,0.0,0.5,[0.5],0.5,1.0,-1.0,0.0,0.8,-0.8,0.0,0.5,score
easy_new,ours_refined,0.8936170212765957,1.049645390070922,141,2025-08-08T12:00:18,sweep_sizenew,90,0.1,10000,400,1.0,0.0,0.0,0.5,[0.5],0.5,1.0,-1.0,0.0,0.8,-0.8,0.0,0.5,score
hard_new,ours_refined,0.8983050847457628,1.11864406779661,59,2025-08-08T12:00:18,sweep_sizenew,90,0.1,10000,400,1.0,0.0,0.0,0.5,[0.5],0.5,1.0,-1.0,0.0,0.8,-0.8,0.0,0.5,score
overall,ours_refined,0.835,1.01,200,2025-08-08T12:00:18,sweep_sizenew,87,0.1,10000,400,1.0,0.0,0.0,0.5,[0.5],0.5,1.0,-1.0,0.0,0.8,-0.8,0.0,0.5,score
easy_new,ours_refined,0.8382352941176471,1.0147058823529411,136,2025-08-08T12:00:18,sweep_sizenew,87,0.1,10000,400,1.0,0.0,0.0,0.5,[0.5],0.5,1.0,-1.0,0.0,0.8,-0.8,0.0,0.5,score
hard_new,ours_refined,0.828125,1.0,64,2025-08-08T12:00:18,sweep_sizenew,87,0.1,10000,400,1.0,0.0,0.0,0.5,[0.5],0.5,1.0,-1.0,0.0,0.8,-0.8,0.0,0.5,score
overall,ours_refined,0.875,1.015,200,2025-08-08T12:00:18,sweep_sizenew,92,0.1,10000,400,1.0,0.0,0.0,0.5,[0.5],0.5,1.0,-1.0,0.0,0.8,-0.8,0.0,0.5,score
easy_new,ours_refined,0.8712121212121212,1.0151515151515151,132,2025-08-08T12:00:18,sweep_sizenew,92,0.1,10000,400,1.0,0.0,0.0,0.5,[0.5],0.5,1.0,-1.0,0.0,0.8,-0.8,0.0,0.5,score
hard_new,ours_refined,0.8823529411764706,1.0147058823529411,68,2025-08-08T12:00:18,sweep_sizenew,92,0.1,10000,400,1.0,0.0,0.0,0.5,[0.5],0.5,1.0,-1.0,0.0,0.8,-0.8,0.0,0.5,score
overall,ours_refined,0.96,1.195,200,2025-08-08T12:00:18,sweep_sizenew,85,0.1,10000,400,1.0,0.0,0.0,0.5,[0.5],0.5,1.0,-1.0,0.0,0.8,-0.8,0.0,0.5,score
easy_new,ours_refined,0.95,1.1666666666666667,120,2025-08-08T12:00:18,sweep_sizenew,85,0.1,10000,400,1.0,0.0,0.0,0.5,[0.5],0.5,1.0,-1.0,0.0,0.8,-0.8,0.0,0.5,score
hard_new,ours_refined,0.975,1.2375,80,2025-08-08T12:00:18,sweep_sizenew,85,0.1,10000,400,1.0,0.0,0.0,0.5,[0.5],0.5,1.0,-1.0,0.0,0.8,-0.8,0.0,0.5,score
overall,ours_refined,0.925,1.18,200,2025-08-08T12:00:18,sweep_sizenew,57,0.1,10000,400,1.0,0.0,0.0,0.5,[0.5],0.5,1.0,-1.0,0.0,0.8,-0.8,0.0,0.5,score
easy_new,ours_refined,0.9402985074626866,1.164179104477612,134,2025-08-08T12:00:18,sweep_sizenew,57,0.1,10000,400,1.0,0.0,0.0,0.5,[0.5],0.5,1.0,-1.0,0.0,0.8,-0.8,0.0,0.5,score
hard_new,ours_refined,0.8939393939393939,1.2121212121212122,66,2025-08-08T12:00:18,sweep_sizenew,57,0.1,10000,400,1.0,0.0,0.0,0.5,[0.5],0.5,1.0,-1.0,0.0,0.8,-0.8,0.0,0.5,score
overall,ours_refined,0.91,1.125,200,2025-08-08T12:00:18,sweep_sizenew,86,0.1,10000,400,1.0,0.0,0.0,0.5,[0.5],0.5,1.0,-1.0,0.0,0.8,-0.8,0.0,0.5,score
easy_new,ours_refined,0.8976377952755905,1.1023622047244095,127,2025-08-08T12:00:18,sweep_sizenew,86,0.1,10000,400,1.0,0.0,0.0,0.5,[0.5],0.5,1.0,-1.0,0.0,0.8,-0.8,0.0,0.5,score
hard_new,ours_refined,0.9315068493150684,1.1643835616438356,73,2025-08-08T12:00:18,sweep_sizenew,86,0.1,10000,400,1.0,0.0,0.0,0.5,[0.5],0.5,1.0,-1.0,0.0,0.8,-0.8,0.0,0.5,score
overall,ours_refined,0.885,1.1,200,2025-08-08T12:00:18,sweep_sizenew,96,0.1,10000,400,1.0,0.0,0.0,0.5,[0.5],0.5,1.0,-1.0,0.0,0.8,-0.8,0.0,0.5,score
easy_new,ours_refined,0.9236111111111112,1.0902777777777777,144,2025-08-08T12:00:18,sweep_sizenew,96,0.1,10000,400,1.0,0.0,0.0,0.5,[0.5],0.5,1.0,-1.0,0.0,0.8,-0.8,0.0,0.5,score
hard_new,ours_refined,0.7857142857142857,1.125,56,2025-08-08T12:00:18,sweep_sizenew,96,0.1,10000,400,1.0,0.0,0.0,0.5,[0.5],0.5,1.0,-1.0,0.0,0.8,-0.8,0.0,0.5,score
overall,ours_refined,0.8993333333333333,1.0797777777777777,4500,2025-08-08T12:00:18,sweep_sizenew,23,0.1,10000,9000,1.0,0.0,0.0,0.5,[0.5],0.5,1.0,-1.0,0.0,0.8,-0.8,0.0,0.5,score
easy_new,ours_refined,0.9014512318596017,1.0678366520418494,2963,2025-08-08T12:00:18,sweep_sizenew,23,0.1,10000,9000,1.0,0.0,0.0,0.5,[0.5],0.5,1.0,-1.0,0.0,0.8,-0.8,0.0,0.5,score
hard_new,ours_refined,0.8952504879635654,1.1027976577748861,1537,2025-08-08T12:00:18,sweep_sizenew,23,0.1,10000,9000,1.0,0.0,0.0,0.5,[0.5],0.5,1.0,-1.0,0.0,0.8,-0.8,0.0,0.5,score
overall,ours_refined,0.92,1.13,100,2025-08-08T12:00:18,sweep_sizenew,77,0.1,10000,200,1.0,0.0,0.0,0.5,[0.5],0.5,1.0,-1.0,0.0,0.8,-0.8,0.0,0.5,score
easy_new,ours_refined,0.9342105263157895,1.144736842105263,76,2025-08-08T12:00:18,sweep_sizenew,77,0.1,10000,200,1.0,0.0,0.0,0.5,[0.5],0.5,1.0,-1.0,0.0,0.8,-0.8,0.0,0.5,score
hard_new,ours_refined,0.875,1.0833333333333333,24,2025-08-08T12:00:18,sweep_sizenew,77,0.1,10000,200,1.0,0.0,0.0,0.5,[0.5],0.5,1.0,-1.0,0.0,0.8,-0.8,0.0,0.5,score
overall,ours_refined,0.88,1.03,100,2025-08-08T12:00:18,sweep_sizenew,76,0.1,10000,200,1.0,0.0,0.0,0.5,[0.5],0.5,1.0,-1.0,0.0,0.8,-0.8,0.0,0.5,score
easy_new,ours_refined,0.9523809523809523,1.0476190476190477,63,2025-08-08T12:00:18,sweep_sizenew,76,0.1,10000,200,1.0,0.0,0.0,0.5,[0.5],0.5,1.0,-1.0,0.0,0.8,-0.8,0.0,0.5,score
hard_new,ours_refined,0.7567567567567568,1.0,37,2025-08-08T12:00:18,sweep_sizenew,76,0.1,10000,200,1.0,0.0,0.0,0.5,[0.5],0.5,1.0,-1.0,0.0,0.8,-0.8,0.0,0.5,score
overall,ours_refined,0.925,1.125,200,2025-08-08T12:00:18,sweep_sizenew,63,0.1,10000,400,1.0,0.0,0.0,0.5,[0.5],0.5,1.0,-1.0,0.0,0.8,-0.8,0.0,0.5,score
easy_new,ours_refined,0.9338235294117647,1.088235294117647,136,2025-08-08T12:00:18,sweep_sizenew,63,0.1,10000,400,1.0,0.0,0.0,0.5,[0.5],0.5,1.0,-1.0,0.0,0.8,-0.8,0.0,0.5,score
hard_new,ours_refined,0.90625,1.203125,64,2025-08-08T12:00:18,sweep_sizenew,63,0.1,10000,400,1.0,0.0,0.0,0.5,[0.5],0.5,1.0,-1.0,0.0,0.8,-0.8,0.0,0.5,score
overall,ours_refined,0.94,1.19,100,2025-08-08T12:00:18,sweep_sizenew,75,0.1,10000,200,1.0,0.0,0.0,0.5,[0.5],0.5,1.0,-1.0,0.0,0.8,-0.8,0.0,0.5,score
easy_new,ours_refined,0.9384615384615385,1.1846153846153846,65,2025-08-08T12:00:18,sweep_sizenew,75,0.1,10000,200,1.0,0.0,0.0,0.5,[0.5],0.5,1.0,-1.0,0.0,0.8,-0.8,0.0,0.5,score
hard_new,ours_refined,0.9428571428571428,1.2,35,2025-08-08T12:00:18,sweep_sizenew,75,0.1,10000,200,1.0,0.0,0.0,0.5,[0.5],0.5,1.0,-1.0,0.0,0.8,-0.8,0.0,0.5,score
overall,ours_refined,0.9,0.985,200,2025-08-08T12:00:18,sweep_sizenew,64,0.1,10000,400,1.0,0.0,0.0,0.5,[0.5],0.5,1.0,-1.0,0.0,0.8,-0.8,0.0,0.5,score
easy_new,ours_refined,0.9044117647058824,0.9852941176470589,136,2025-08-08T12:00:18,sweep_sizenew,64,0.1,10000,400,1.0,0.0,0.0,0.5,[0.5],0.5,1.0,-1.0,0.0,0.8,-0.8,0.0,0.5,score
hard_new,ours_refined,0.890625,0.984375,64,2025-08-08T12:00:18,sweep_sizenew,64,0.1,10000,400,1.0,0.0,0.0,0.5,[0.5],0.5,1.0,-1.0,0.0,0.8,-0.8,0.0,0.5,score
overall,ours_refined,0.8917777777777778,1.072,4500,2025-08-08T12:00:18,sweep_sizenew,29,0.1,10000,9000,1.0,0.0,0.0,0.5,[0.5],0.5,1.0,-1.0,0.0,0.8,-0.8,0.0,0.5,score
easy_new,ours_refined,0.8933601609657947,1.0647216633132126,2982,2025-08-08T12:00:18,sweep_sizenew,29,0.1,10000,9000,1.0,0.0,0.0,0.5,[0.5],0.5,1.0,-1.0,0.0,0.8,-0.8,0.0,0.5,score
hard_new,ours_refined,0.88866930171278,1.0862977602108037,1518,2025-08-08T12:00:18,sweep_sizenew,29,0.1,10000,9000,1.0,0.0,0.0,0.5,[0.5],0.5,1.0,-1.0,0.0,0.8,-0.8,0.0,0.5,score
overall,ours_refined,0.8888888888888888,1.0877777777777777,4500,2025-08-08T12:00:18,sweep_sizenew,30,0.1,10000,9000,1.0,0.0,0.0,0.5,[0.5],0.5,1.0,-1.0,0.0,0.8,-0.8,0.0,0.5,score
easy_new,ours_refined,0.8892225558892226,1.075075075075075,2997,2025-08-08T12:00:18,sweep_sizenew,30,0.1,10000,9000,1.0,0.0,0.0,0.5,[0.5],0.5,1.0,-1.0,0.0,0.8,-0.8,0.0,0.5,score
hard_new,ours_refined,0.8882235528942116,1.1131071190951431,1503,2025-08-08T12:00:18,sweep_sizenew,30,0.1,10000,9000,1.0,0.0,0.0,0.5,[0.5],0.5,1.0,-1.0,0.0,0.8,-0.8,0.0,0.5,score
overall,ours_refined,0.902,1.0693333333333332,1500,2025-08-08T12:00:18,sweep_sizenew,41,0.1,10000,3000,1.0,0.0,0.0,0.5,[0.5],0.5,1.0,-1.0,0.0,0.8,-0.8,0.0,0.5,score
easy_new,ours_refined,0.8962739174219537,1.0654582074521652,993,2025-08-08T12:00:18,sweep_sizenew,41,0.1,10000,3000,1.0,0.0,0.0,0.5,[0.5],0.5,1.0,-1.0,0.0,0.8,-0.8,0.0,0.5,score
hard_new,ours_refined,0.9132149901380671,1.0769230769230769,507,2025-08-08T12:00:18,sweep_sizenew,41,0.1,10000,3000,1.0,0.0,0.0,0.5,[0.5],0.5,1.0,-1.0,0.0,0.8,-0.8,0.0,0.5,score
overall,ours_refined,0.9225,1.065,400,2025-08-08T12:00:19,sweep_sizenew,53,0.1,10000,800,1.0,0.0,0.0,0.5,[0.5],0.5,1.0,-1.0,0.0,0.8,-0.8,0.0,0.5,score
easy_new,ours_refined,0.9111111111111111,1.0666666666666667,270,2025-08-08T12:00:19,sweep_sizenew,53,0.1,10000,800,1.0,0.0,0.0,0.5,[0.5],0.5,1.0,-1.0,0.0,0.8,-0.8,0.0,0.5,score
hard_new,ours_refined,0.9461538461538461,1.0615384615384615,130,2025-08-08T12:00:19,sweep_sizenew,53,0.1,10000,800,1.0,0.0,0.0,0.5,[0.5],0.5,1.0,-1.0,0.0,0.8,-0.8,0.0,0.5,score
overall,ours_refined,0.9,1.04,200,2025-08-08T12:00:19,sweep_sizenew,56,0.1,10000,400,1.0,0.0,0.0,0.5,[0.5],0.5,1.0,-1.0,0.0,0.8,-0.8,0.0,0.5,score
easy_new,ours_refined,0.8978102189781022,1.051094890510949,137,2025-08-08T12:00:19,sweep_sizenew,56,0.1,10000,400,1.0,0.0,0.0,0.5,[0.5],0.5,1.0,-1.0,0.0,0.8,-0.8,0.0,0.5,score
hard_new,ours_refined,0.9047619047619048,1.0158730158730158,63,2025-08-08T12:00:19,sweep_sizenew,56,0.1,10000,400,1.0,0.0,0.0,0.5,[0.5],0.5,1.0,-1.0,0.0,0.8,-0.8,0.0,0.5,score
overall,ours_refined,0.915,1.07,200,2025-08-08T12:00:19,sweep_sizenew,74,0.1,10000,400,1.0,0.0,0.0,0.5,[0.5],0.5,1.0,-1.0,0.0,0.8,-0.8,0.0,0.5,score
easy_new,ours_refined,0.9393939393939394,1.0681818181818181,132,2025-08-08T12:00:19,sweep_sizenew,74,0.1,10000,400,1.0,0.0,0.0,0.5,[0.5],0.5,1.0,-1.0,0.0,0.8,-0.8,0.0,0.5,score
hard_new,ours_refined,0.8676470588235294,1.0735294117647058,68,2025-08-08T12:00:19,sweep_sizenew,74,0.1,10000,400,1.0,0.0,0.0,0.5,[0.5],0.5,1.0,-1.0,0.0,0.8,-0.8,0.0,0.5,score
overall,ours_refined,0.865,1.03,200,2025-08-08T12:00:19,sweep_sizenew,55,0.1,10000,400,1.0,0.0,0.0,0.5,[0.5],0.5,1.0,-1.0,0.0,0.8,-0.8,0.0,0.5,score
easy_new,ours_refined,0.8740740740740741,1.0296296296296297,135,2025-08-08T12:00:19,sweep_sizenew,55,0.1,10000,400,1.0,0.0,0.0,0.5,[0.5],0.5,1.0,-1.0,0.0,0.8,-0.8,0.0,0.5,score
hard_new,ours_refined,0.8461538461538461,1.0307692307692307,65,2025-08-08T12:00:19,sweep_sizenew,55,0.1,10000,400,1.0,0.0,0.0,0.5,[0.5],0.5,1.0,-1.0,0.0,0.8,-0.8,0.0,0.5,score
overall,ours_refined,0.898,1.084,1500,2025-08-08T12:00:19,sweep_sizenew,49,0.1,10000,3000,1.0,0.0,0.0,0.5,[0.5],0.5,1.0,-1.0,0.0,0.8,-0.8,0.0,0.5,score
easy_new,ours_refined,0.8937246963562753,1.0789473684210527,988,2025-08-08T12:00:19,sweep_sizenew,49,0.1,10000,3000,1.0,0.0,0.0,0.5,[0.5],0.5,1.0,-1.0,0.0,0.8,-0.8,0.0,0.5,score
hard_new,ours_refined,0.90625,1.09375,512,2025-08-08T12:00:19,sweep_sizenew,49,0.1,10000,3000,1.0,0.0,0.0,0.5,[0.5],0.5,1.0,-1.0,0.0,0.8,-0.8,0.0,0.5,score
overall,ours_refined,0.92,1.19,200,2025-08-08T12:00:19,sweep_sizenew,72,0.1,10000,400,1.0,0.0,0.0,0.5,[0.5],0.5,1.0,-1.0,0.0,0.8,-0.8,0.0,0.5,score
easy_new,ours_refined,0.9147286821705426,1.1627906976744187,129,2025-08-08T12:00:19,sweep_sizenew,72,0.1,10000,400,1.0,0.0,0.0,0.5,[0.5],0.5,1.0,-1.0,0.0,0.8,-0.8,0.0,0.5,score
hard_new,ours_refined,0.9295774647887324,1.2394366197183098,71,2025-08-08T12:00:19,sweep_sizenew,72,0.1,10000,400,1.0,0.0,0.0,0.5,[0.5],0.5,1.0,-1.0,0.0,0.8,-0.8,0.0,0.5,score
overall,ours_refined,0.9037777777777778,1.1082222222222222,4500,2025-08-08T12:00:19,sweep_sizenew,35,0.1,10000,9000,1.0,0.0,0.0,0.5,[0.5],0.5,1.0,-1.0,0.0,0.8,-0.8,0.0,0.5,score
easy_new,ours_refined,0.9035785288270378,1.091451292246521,3018,2025-08-08T12:00:19,sweep_sizenew,35,0.1,10000,9000,1.0,0.0,0.0,0.5,[0.5],0.5,1.0,-1.0,0.0,0.8,-0.8,0.0,0.5,score
hard_new,ours_refined,0.9041835357624831,1.1423751686909582,1482,2025-08-08T12:00:19,sweep_sizenew,35,0.1,10000,9000,1.0,0.0,0.0,0.5,[0.5],0.5,1.0,-1.0,0.0,0.8,-0.8,0.0,0.5,score
overall,ours_refined,0.9166666666666666,1.1186666666666667,1500,2025-08-08T12:00:19,sweep_sizenew,51,0.1,10000,3000,1.0,0.0,0.0,0.5,[0.5],0.5,1.0,-1.0,0.0,0.8,-0.8,0.0,0.5,score
easy_new,ours_refined,0.9245087900723888,1.0972078593588417,967,2025-08-08T12:00:19,sweep_sizenew,51,0.1,10000,3000,1.0,0.0,0.0,0.5,[0.5],0.5,1.0,-1.0,0.0,0.8,-0.8,0.0,0.5,score
hard_new,ours_refined,0.9024390243902439,1.1575984990619137,533,2025-08-08T12:00:19,sweep_sizenew,51,0.1,10000,3000,1.0,0.0,0.0,0.5,[0.5],0.5,1.0,-1.0,0.0,0.8,-0.8,0.0,0.5,score
overall,ours_refined,0.8675,1.03,400,2025-08-08T12:00:19,sweep_sizenew,80,0.1,10000,800,1.0,0.0,0.0,0.5,[0.5],0.5,1.0,-1.0,0.0,0.8,-0.8,0.0,0.5,score
easy_new,ours_refined,0.8571428571428571,1.0154440154440154,259,2025-08-08T12:00:19,sweep_sizenew,80,0.1,10000,800,1.0,0.0,0.0,0.5,[0.5],0.5,1.0,-1.0,0.0,0.8,-0.8,0.0,0.5,score
hard_new,ours_refined,0.8865248226950354,1.0567375886524824,141,2025-08-08T12:00:19,sweep_sizenew,80,0.1,10000,800,1.0,0.0,0.0,0.5,[0.5],0.5,1.0,-1.0,0.0,0.8,-0.8,0.0,0.5,score
overall,ours_refined,0.905,1.16,200,2025-08-08T12:00:19,sweep_sizenew,73,0.1,10000,400,1.0,0.0,0.0,0.5,[0.5],0.5,1.0,-1.0,0.0,0.8,-0.8,0.0,0.5,score
easy_new,ours_refined,0.916030534351145,1.1145038167938932,131,2025-08-08T12:00:19,sweep_sizenew,73,0.1,10000,400,1.0,0.0,0.0,0.5,[0.5],0.5,1.0,-1.0,0.0,0.8,-0.8,0.0,0.5,score
hard_new,ours_refined,0.8840579710144928,1.2463768115942029,69,2025-08-08T12:00:19,sweep_sizenew,73,0.1,10000,400,1.0,0.0,0.0,0.5,[0.5],0.5,1.0,-1.0,0.0,0.8,-0.8,0.0,0.5,score
overall,ours_refined,0.94,1.23,200,2025-08-08T12:00:19,sweep_sizenew,69,0.1,10000,400,1.0,0.0,0.0,0.5,[0.5],0.5,1.0,-1.0,0.0,0.8,-0.8,0.0,0.5,score
easy_new,ours_refined,0.9365079365079365,1.1746031746031746,126,2025-08-08T12:00:19,sweep_sizenew,69,0.1,10000,400,1.0,0.0,0.0,0.5,[0.5],0.5,1.0,-1.0,0.0,0.8,-0.8,0.0,0.5,score
hard_new,ours_refined,0.9459459459459459,1.3243243243243243,74,2025-08-08T12:00:19,sweep_sizenew,69,0.1,10000,400,1.0,0.0,0.0,0.5,[0.5],0.5,1.0,-1.0,0.0,0.8,-0.8,0.0,0.5,score
overall,ours_refined,0.8975,1.0975,400,2025-08-08T12:00:19,sweep_sizenew,79,0.1,10000,800,1.0,0.0,0.0,0.5,[0.5],0.5,1.0,-1.0,0.0,0.8,-0.8,0.0,0.5,score
easy_new,ours_refined,0.8933823529411765,1.0919117647058822,272,2025-08-08T12:00:19,sweep_sizenew,79,0.1,10000,800,1.0,0.0,0.0,0.5,[0.5],0.5,1.0,-1.0,0.0,0.8,-0.8,0.0,0.5,score
hard_new,ours_refined,0.90625,1.109375,128,2025-08-08T12:00:19,sweep_sizenew,79,0.1,10000,800,1.0,0.0,0.0,0.5,[0.5],0.5,1.0,-1.0,0.0,0.8,-0.8,0.0,0.5,score
overall,ours_refined,0.9,1.075,200,2025-08-08T12:00:19,sweep_sizenew,70,0.1,10000,400,1.0,0.0,0.0,0.5,[0.5],0.5,1.0,-1.0,0.0,0.8,-0.8,0.0,0.5,score
easy_new,ours_refined,0.8888888888888888,1.0625,144,2025-08-08T12:00:19,sweep_sizenew,70,0.1,10000,400,1.0,0.0,0.0,0.5,[0.5],0.5,1.0,-1.0,0.0,0.8,-0.8,0.0,0.5,score
hard_new,ours_refined,0.9285714285714286,1.1071428571428572,56,2025-08-08T12:00:19,sweep_sizenew,70,0.1,10000,400,1.0,0.0,0.0,0.5,[0.5],0.5,1.0,-1.0,0.0,0.8,-0.8,0.0,0.5,score
overall,ours_refined,0.8955555555555555,1.092,4500,2025-08-08T12:00:19,sweep_sizenew,34,0.1,10000,9000,1.0,0.0,0.0,0.5,[0.5],0.5,1.0,-1.0,0.0,0.8,-0.8,0.0,0.5,score
easy_new,ours_refined,0.9064580559254327,1.0818908122503328,3004,2025-08-08T12:00:19,sweep_sizenew,34,0.1,10000,9000,1.0,0.0,0.0,0.5,[0.5],0.5,1.0,-1.0,0.0,0.8,-0.8,0.0,0.5,score
hard_new,ours_refined,0.8736631016042781,1.1122994652406417,1496,2025-08-08T12:00:19,sweep_sizenew,34,0.1,10000,9000,1.0,0.0,0.0,0.5,[0.5],0.5,1.0,-1.0,0.0,0.8,-0.8,0.0,0.5,score
overall,ours_refined,0.8944444444444445,1.082,4500,2025-08-08T12:00:19,sweep_sizenew,25,0.1,10000,9000,1.0,0.0,0.0,0.5,[0.5],0.5,1.0,-1.0,0.0,0.8,-0.8,0.0,0.5,score
easy_new,ours_refined,0.8951612903225806,1.0735887096774193,2976,2025-08-08T12:00:19,sweep_sizenew,25,0.1,10000,9000,1.0,0.0,0.0,0.5,[0.5],0.5,1.0,-1.0,0.0,0.8,-0.8,0.0,0.5,score
hard_new,ours_refined,0.8930446194225722,1.0984251968503937,1524,2025-08-08T12:00:19,sweep_sizenew,25,0.1,10000,9000,1.0,0.0,0.0,0.5,[0.5],0.5,1.0,-1.0,0.0,0.8,-0.8,0.0,0.5,score
overall,ours_refined,0.885,1.05,200,2025-08-08T12:00:19,sweep_sizenew,71,0.1,10000,400,1.0,0.0,0.0,0.5,[0.5],0.5,1.0,-1.0,0.0,0.8,-0.8,0.0,0.5,score
easy_new,ours_refined,0.896,1.032,125,2025-08-08T12:00:19,sweep_sizenew,71,0.1,10000,400,1.0,0.0,0.0,0.5,[0.5],0.5,1.0,-1.0,0.0,0.8,-0.8,0.0,0.5,score
hard_new,ours_refined,0.8666666666666667,1.08,75,2025-08-08T12:00:19,sweep_sizenew,71,0.1,10000,400,1.0,0.0,0.0,0.5,[0.5],0.5,1.0,-1.0,0.0,0.8,-0.8,0.0,0.5,score
overall,ours_refined,0.919,1.1,1000,2025-08-08T12:00:20,sweep_sizenew,42,0.1,10000,2000,1.0,0.0,0.0,0.5,[0.5],0.5,1.0,-1.0,0.0,0.8,-0.8,0.0,0.5,score
easy_new,ours_refined,0.9187969924812031,1.0842105263157895,665,2025-08-08T12:00:20,sweep_sizenew,42,0.1,10000,2000,1.0,0.0,0.0,0.5,[0.5],0.5,1.0,-1.0,0.0,0.8,-0.8,0.0,0.5,score
hard_new,ours_refined,0.9194029850746268,1.1313432835820896,335,2025-08-08T12:00:20,sweep_sizenew,42,0.1,10000,2000,1.0,0.0,0.0,0.5,[0.5],0.5,1.0,-1.0,0.0,0.8,-0.8,0.0,0.5,score
overall,ours_refined,0.9175,1.125,400,2025-08-08T12:00:20,sweep_sizenew,78,0.1,10000,800,1.0,0.0,0.0,0.5,[0.5],0.5,1.0,-1.0,0.0,0.8,-0.8,0.0,0.5,score
easy_new,ours_refined,0.9230769230769231,1.1172161172161172,273,2025-08-08T12:00:20,sweep_sizenew,78,0.1,10000,800,1.0,0.0,0.0,0.5,[0.5],0.5,1.0,-1.0,0.0,0.8,-0.8,0.0,0.5,score
hard_new,ours_refined,0.905511811023622,1.141732283464567,127,2025-08-08T12:00:20,sweep_sizenew,78,0.1,10000,800,1.0,0.0,0.0,0.5,[0.5],0.5,1.0,-1.0,0.0,0.8,-0.8,0.0,0.5,score
overall,ours_refined,0.91,1.06,400,2025-08-08T12:00:20,sweep_sizenew,81,0.1,10000,800,1.0,0.0,0.0,0.5,[0.5],0.5,1.0,-1.0,0.0,0.8,-0.8,0.0,0.5,score
easy_new,ours_refined,0.9157088122605364,1.0727969348659003,261,2025-08-08T12:00:20,sweep_sizenew,81,0.1,10000,800,1.0,0.0,0.0,0.5,[0.5],0.5,1.0,-1.0,0.0,0.8,-0.8,0.0,0.5,score
hard_new,ours_refined,0.8992805755395683,1.0359712230215827,139,2025-08-08T12:00:20,sweep_sizenew,81,0.1,10000,800,1.0,0.0,0.0,0.5,[0.5],0.5,1.0,-1.0,0.0,0.8,-0.8,0.0,0.5,score
overall,ours_refined,0.91,1.1025,400,2025-08-08T12:00:20,sweep_sizenew,82,0.1,10000,800,1.0,0.0,0.0,0.5,[0.5],0.5,1.0,-1.0,0.0,0.8,-0.8,0.0,0.5,score
easy_new,ours_refined,0.9261992619926199,1.070110701107011,271,2025-08-08T12:00:20,sweep_sizenew,82,0.1,10000,800,1.0,0.0,0.0,0.5,[0.5],0.5,1.0,-1.0,0.0,0.8,-0.8,0.0,0.5,score
hard_new,ours_refined,0.875968992248062,1.1705426356589148,129,2025-08-08T12:00:20,sweep_sizenew,82,0.1,10000,800,1.0,0.0,0.0,0.5,[0.5],0.5,1.0,-1.0,0.0,0.8,-0.8,0.0,0.5,score
overall,ours_refined,0.8968888888888888,1.0844444444444445,4500,2025-08-08T12:00:20,sweep_sizenew,31,0.1,10000,9000,1.0,0.0,0.0,0.5,[0.5],0.5,1.0,-1.0,0.0,0.8,-0.8,0.0,0.5,score
easy_new,ours_refined,0.8982822499157965,1.0727517682721455,2969,2025-08-08T12:00:20,sweep_sizenew,31,0.1,10000,9000,1.0,0.0,0.0,0.5,[0.5],0.5,1.0,-1.0,0.0,0.8,-0.8,0.0,0.5,score
hard_new,ours_refined,0.8941868060091444,1.1071195297191379,1531,2025-08-08T12:00:20,sweep_sizenew,31,0.1,10000,9000,1.0,0.0,0.0,0.5,[0.5],0.5,1.0,-1.0,0.0,0.8,-0.8,0.0,0.5,score
overall,ours_refined,0.8806666666666667,1.0566666666666666,1500,2025-08-08T12:00:20,sweep_sizenew,50,0.1,10000,3000,1.0,0.0,0.0,0.5,[0.5],0.5,1.0,-1.0,0.0,0.8,-0.8,0.0,0.5,score
easy_new,ours_refined,0.8873517786561265,1.0553359683794465,1012,2025-08-08T12:00:20,sweep_sizenew,50,0.1,10000,3000,1.0,0.0,0.0,0.5,[0.5],0.5,1.0,-1.0,0.0,0.8,-0.8,0.0,0.5,score
hard_new,ours_refined,0.8668032786885246,1.0594262295081966,488,2025-08-08T12:00:20,sweep_sizenew,50,0.1,10000,3000,1.0,0.0,0.0,0.5,[0.5],0.5,1.0,-1.0,0.0,0.8,-0.8,0.0,0.5,score
overall,ours_refined,0.915,1.11,400,2025-08-08T12:00:20,sweep_sizenew,83,0.1,10000,800,1.0,0.0,0.0,0.5,[0.5],0.5,1.0,-1.0,0.0,0.8,-0.8,0.0,0.5,score
easy_new,ours_refined,0.9266409266409267,1.1042471042471043,259,2025-08-08T12:00:20,sweep_sizenew,83,0.1,10000,800,1.0,0.0,0.0,0.5,[0.5],0.5,1.0,-1.0,0.0,0.8,-0.8,0.0,0.5,score
hard_new,ours_refined,0.8936170212765957,1.1205673758865249,141,2025-08-08T12:00:20,sweep_sizenew,83,0.1,10000,800,1.0,0.0,0.0,0.5,[0.5],0.5,1.0,-1.0,0.0,0.8,-0.8,0.0,0.5,score
overall,ours_refined,0.878,1.077,1000,2025-08-08T12:00:20,sweep_sizenew,26,0.1,10000,2000,1.0,0.0,0.0,0.5,[0.5],0.5,1.0,-1.0,0.0,0.8,-0.8,0.0,0.5,score
easy_new,ours_refined,0.8833333333333333,1.0757575757575757,660,2025-08-08T12:00:20,sweep_sizenew,26,0.1,10000,2000,1.0,0.0,0.0,0.5,[0.5],0.5,1.0,-1.0,0.0,0.8,-0.8,0.0,0.5,score
hard_new,ours_refined,0.8676470588235294,1.0794117647058823,340,2025-08-08T12:00:20,sweep_sizenew,26,0.1,10000,2000,1.0,0.0,0.0,0.5,[0.5],0.5,1.0,-1.0,0.0,0.8,-0.8,0.0,0.5,score
overall,ours_refined,0.904,1.0805,2000,2025-08-08T12:00:20,sweep_sizenew,43,0.1,10000,4000,1.0,0.0,0.0,0.5,[0.5],0.5,1.0,-1.0,0.0,0.8,-0.8,0.0,0.5,score
easy_new,ours_refined,0.9166666666666666,1.070216049382716,1296,2025-08-08T12:00:20,sweep_sizenew,43,0.1,10000,4000,1.0,0.0,0.0,0.5,[0.5],0.5,1.0,-1.0,0.0,0.8,-0.8,0.0,0.5,score
hard_new,ours_refined,0.8806818181818182,1.0994318181818181,704,2025-08-08T12:00:20,sweep_sizenew,43,0.1,10000,4000,1.0,0.0,0.0,0.5,[0.5],0.5,1.0,-1.0,0.0,0.8,-0.8,0.0,0.5,score
overall,ours_refined,0.906,1.0885,2000,2025-08-08T12:00:20,sweep_sizenew,44,0.1,10000,4000,1.0,0.0,0.0,0.5,[0.5],0.5,1.0,-1.0,0.0,0.8,-0.8,0.0,0.5,score
easy_new,ours_refined,0.9071537290715372,1.0799086757990868,1314,2025-08-08T12:00:20,sweep_sizenew,44,0.1,10000,4000,1.0,0.0,0.0,0.5,[0.5],0.5,1.0,-1.0,0.0,0.8,-0.8,0.0,0.5,score
hard_new,ours_refined,0.9037900874635568,1.1049562682215743,686,2025-08-08T12:00:20,sweep_sizenew,44,0.1,10000,4000,1.0,0.0,0.0,0.5,[0.5],0.5,1.0,-1.0,0.0,0.8,-0.8,0.0,0.5,score
overall,ours_refined,0.9035555555555556,1.09,4500,2025-08-08T12:00:20,sweep_sizenew,28,0.1,10000,9000,1.0,0.0,0.0,0.5,[0.5],0.5,1.0,-1.0,0.0,0.8,-0.8,0.0,0.5,score
easy_new,ours_refined,0.9111338100102145,1.079673135852911,2937,2025-08-08T12:00:20,sweep_sizenew,28,0.1,10000,9000,1.0,0.0,0.0,0.5,[0.5],0.5,1.0,-1.0,0.0,0.8,-0.8,0.0,0.5,score
hard_new,ours_refined,0.889315419065899,1.109404990403071,1563,2025-08-08T12:00:20,sweep_sizenew,28,0.1,10000,9000,1.0,0.0,0.0,0.5,[0.5],0.5,1.0,-1.0,0.0,0.8,-0.8,0.0,0.5,score
overall,ours_refined,0.91,1.088,1000,2025-08-08T12:00:20,sweep_sizenew,52,0.1,10000,2000,1.0,0.0,0.0,0.5,[0.5],0.5,1.0,-1.0,0.0,0.8,-0.8,0.0,0.5,score
easy_new,ours_refined,0.9121725731895224,1.0724191063174113,649,2025-08-08T12:00:20,sweep_sizenew,52,0.1,10000,2000,1.0,0.0,0.0,0.5,[0.5],0.5,1.0,-1.0,0.0,0.8,-0.8,0.0,0.5,score
hard_new,ours_refined,0.905982905982906,1.1168091168091168,351,2025-08-08T12:00:20,sweep_sizenew,52,0.1,10000,2000,1.0,0.0,0.0,0.5,[0.5],0.5,1.0,-1.0,0.0,0.8,-0.8,0.0,0.5,score
overall,ours_refined,0.884,1.0646666666666667,1500,2025-08-08T12:00:21,sweep_sizenew,46,0.1,10000,3000,1.0,0.0,0.0,0.5,[0.5],0.5,1.0,-1.0,0.0,0.8,-0.8,0.0,0.5,score
easy_new,ours_refined,0.8861386138613861,1.0584158415841585,1010,2025-08-08T12:00:21,sweep_sizenew,46,0.1,10000,3000,1.0,0.0,0.0,0.5,[0.5],0.5,1.0,-1.0,0.0,0.8,-0.8,0.0,0.5,score
hard_new,ours_refined,0.8795918367346939,1.0775510204081633,490,2025-08-08T12:00:21,sweep_sizenew,46,0.1,10000,3000,1.0,0.0,0.0,0.5,[0.5],0.5,1.0,-1.0,0.0,0.8,-0.8,0.0,0.5,score
overall,ours_refined,0.9073333333333333,1.082,1500,2025-08-08T12:00:21,sweep_sizenew,47,0.1,10000,3000,1.0,0.0,0.0,0.5,[0.5],0.5,1.0,-1.0,0.0,0.8,-0.8,0.0,0.5,score
easy_new,ours_refined,0.9167533818938606,1.0790842872008324,961,2025-08-08T12:00:21,sweep_sizenew,47,0.1,10000,3000,1.0,0.0,0.0,0.5,[0.5],0.5,1.0,-1.0,0.0,0.8,-0.8,0.0,0.5,score
hard_new,ours_refined,0.8905380333951762,1.0871985157699444,539,2025-08-08T12:00:21,sweep_sizenew,47,0.1,10000,3000,1.0,0.0,0.0,0.5,[0.5],0.5,1.0,-1.0,0.0,0.8,-0.8,0.0,0.5,score
overall,ours_refined,0.9026666666666666,1.0973333333333333,1500,2025-08-08T12:00:21,sweep_sizenew,45,0.1,10000,3000,1.0,0.0,0.0,0.5,[0.5],0.5,1.0,-1.0,0.0,0.8,-0.8,0.0,0.5,score
easy_new,ours_refined,0.9048096192384769,1.088176352705411,998,2025-08-08T12:00:21,sweep_sizenew,45,0.1,10000,3000,1.0,0.0,0.0,0.5,[0.5],0.5,1.0,-1.0,0.0,0.8,-0.8,0.0,0.5,score
hard_new,ours_refined,0.898406374501992,1.1155378486055776,502,2025-08-08T12:00:21,sweep_sizenew,45,0.1,10000,3000,1.0,0.0,0.0,0.5,[0.5],0.5,1.0,-1.0,0.0,0.8,-0.8,0.0,0.5,score
overall,ours_refined,0.9173333333333333,1.0913333333333333,1500,2025-08-08T12:00:21,sweep_sizenew,48,0.1,10000,3000,1.0,0.0,0.0,0.5,[0.5],0.5,1.0,-1.0,0.0,0.8,-0.8,0.0,0.5,score
easy_new,ours_refined,0.9183040330920372,1.0889348500517062,967,2025-08-08T12:00:21,sweep_sizenew,48,0.1,10000,3000,1.0,0.0,0.0,0.5,[0.5],0.5,1.0,-1.0,0.0,0.8,-0.8,0.0,0.5,score
hard_new,ours_refined,0.9155722326454033,1.0956848030018762,533,2025-08-08T12:00:21,sweep_sizenew,48,0.1,10000,3000,1.0,0.0,0.0,0.5,[0.5],0.5,1.0,-1.0,0.0,0.8,-0.8,0.0,0.5,score
overall,ours_refined,0.955,1.225,200,2025-08-08T12:00:21,sweep_sizenew,59,0.1,10000,400,1.0,0.0,0.0,0.5,[0.5],0.5,1.0,-1.0,0.0,0.8,-0.8,0.0,0.5,score
easy_new,ours_refined,0.9426229508196722,1.1639344262295082,122,2025-08-08T12:00:21,sweep_sizenew,59,0.1,10000,400,1.0,0.0,0.0,0.5,[0.5],0.5,1.0,-1.0,0.0,0.8,-0.8,0.0,0.5,score
hard_new,ours_refined,0.9743589743589743,1.3205128205128205,78,2025-08-08T12:00:21,sweep_sizenew,59,0.1,10000,400,1.0,0.0,0.0,0.5,[0.5],0.5,1.0,-1.0,0.0,0.8,-0.8,0.0,0.5,score
overall,ours_refined,0.87,1.03,200,2025-08-08T12:00:21,sweep_sizenew,60,0.1,10000,400,1.0,0.0,0.0,0.5,[0.5],0.5,1.0,-1.0,0.0,0.8,-0.8,0.0,0.5,score
easy_new,ours_refined,0.8978102189781022,1.0072992700729928,137,2025-08-08T12:00:21,sweep_sizenew,60,0.1,10000,400,1.0,0.0,0.0,0.5,[0.5],0.5,1.0,-1.0,0.0,0.8,-0.8,0.0,0.5,score
hard_new,ours_refined,0.8095238095238095,1.0793650793650793,63,2025-08-08T12:00:21,sweep_sizenew,60,0.1,10000,400,1.0,0.0,0.0,0.5,[0.5],0.5,1.0,-1.0,0.0,0.8,-0.8,0.0,0.5,score
overall,ours_refined,0.8891111111111111,1.0873333333333333,4500,2025-08-08T12:00:22,sweep_sizenew,32,0.1,10000,9000,1.0,0.0,0.0,0.5,[0.5],0.5,1.0,-1.0,0.0,0.8,-0.8,0.0,0.5,score
easy_new,ours_refined,0.8909761824890976,1.0744716538074472,2981,2025-08-08T12:00:22,sweep_sizenew,32,0.1,10000,9000,1.0,0.0,0.0,0.5,[0.5],0.5,1.0,-1.0,0.0,0.8,-0.8,0.0,0.5,score
hard_new,ours_refined,0.8854509545753786,1.1125740618828177,1519,2025-08-08T12:00:22,sweep_sizenew,32,0.1,10000,9000,1.0,0.0,0.0,0.5,[0.5],0.5,1.0,-1.0,0.0,0.8,-0.8,0.0,0.5,score
overall,ours_refined,0.9037142857142857,1.076857142857143,3500,2025-08-08T12:00:22,sweep_sizenew,36,0.1,10000,7000,1.0,0.0,0.0,0.5,[0.5],0.5,1.0,-1.0,0.0,0.8,-0.8,0.0,0.5,score
easy_new,ours_refined,0.9105655414291978,1.0736519070583077,2281,2025-08-08T12:00:22,sweep_sizenew,36,0.1,10000,7000,1.0,0.0,0.0,0.5,[0.5],0.5,1.0,-1.0,0.0,0.8,-0.8,0.0,0.5,score
hard_new,ours_refined,0.8908941755537325,1.0828547990155866,1219,2025-08-08T12:00:22,sweep_sizenew,36,0.1,10000,7000,1.0,0.0,0.0,0.5,[0.5],0.5,1.0,-1.0,0.0,0.8,-0.8,0.0,0.5,score
overall,ours_refined,0.8988571428571429,1.0765714285714285,3500,2025-08-08T12:00:22,sweep_sizenew,37,0.1,10000,7000,1.0,0.0,0.0,0.5,[0.5],0.5,1.0,-1.0,0.0,0.8,-0.8,0.0,0.5,score
easy_new,ours_refined,0.9009816474605207,1.0742637644046096,2343,2025-08-08T12:00:22,sweep_sizenew,37,0.1,10000,7000,1.0,0.0,0.0,0.5,[0.5],0.5,1.0,-1.0,0.0,0.8,-0.8,0.0,0.5,score
hard_new,ours_refined,0.8945548833189283,1.0812445980985306,1157,2025-08-08T12:00:22,sweep_sizenew,37,0.1,10000,7000,1.0,0.0,0.0,0.5,[0.5],0.5,1.0,-1.0,0.0,0.8,-0.8,0.0,0.5,score
overall,ours_refined,0.912,1.102,3500,2025-08-08T12:00:22,sweep_sizenew,38,0.1,10000,7000,1.0,0.0,0.0,0.5,[0.5],0.5,1.0,-1.0,0.0,0.8,-0.8,0.0,0.5,score
easy_new,ours_refined,0.914738646101114,1.0976863753213368,2334,2025-08-08T12:00:22,sweep_sizenew,38,0.1,10000,7000,1.0,0.0,0.0,0.5,[0.5],0.5,1.0,-1.0,0.0,0.8,-0.8,0.0,0.5,score
hard_new,ours_refined,0.9065180102915952,1.1106346483704974,1166,2025-08-08T12:00:22,sweep_sizenew,38,0.1,10000,7000,1.0,0.0,0.0,0.5,[0.5],0.5,1.0,-1.0,0.0,0.8,-0.8,0.0,0.5,score
overall,ours_refined,0.9233333333333333,1.1233333333333333,300,2025-08-08T12:00:23,sweep_sizenew,91,0.1,10000,600,1.0,0.0,0.0,0.5,[0.5],0.5,1.0,-1.0,0.0,0.8,-0.8,0.0,0.5,score
easy_new,ours_refined,0.9264705882352942,1.1225490196078431,204,2025-08-08T12:00:23,sweep_sizenew,91,0.1,10000,600,1.0,0.0,0.0,0.5,[0.5],0.5,1.0,-1.0,0.0,0.8,-0.8,0.0,0.5,score
hard_new,ours_refined,0.9166666666666666,1.125,96,2025-08-08T12:00:23,sweep_sizenew,91,0.1,10000,600,1.0,0.0,0.0,0.5,[0.5],0.5,1.0,-1.0,0.0,0.8,-0.8,0.0,0.5,score
overall,ours_refined,0.9,1.08,300,2025-08-08T12:00:23,sweep_sizenew,95,0.1,10000,600,1.0,0.0,0.0,0.5,[0.5],0.5,1.0,-1.0,0.0,0.8,-0.8,0.0,0.5,score
easy_new,ours_refined,0.915,1.07,200,2025-08-08T12:00:23,sweep_sizenew,95,0.1,10000,600,1.0,0.0,0.0,0.5,[0.5],0.5,1.0,-1.0,0.0,0.8,-0.8,0.0,0.5,score
hard_new,ours_refined,0.87,1.1,100,2025-08-08T12:00:23,sweep_sizenew,95,0.1,10000,600,1.0,0.0,0.0,0.5,[0.5],0.5,1.0,-1.0,0.0,0.8,-0.8,0.0,0.5,score
overall,ours_refined,0.8733333333333333,1.0833333333333333,300,2025-08-08T12:00:23,sweep_sizenew,84,0.1,10000,600,1.0,0.0,0.0,0.5,[0.5],0.5,1.0,-1.0,0.0,0.8,-0.8,0.0,0.5,score
easy_new,ours_refined,0.8888888888888888,1.0808080808080809,198,2025-08-08T12:00:23,sweep_sizenew,84,0.1,10000,600,1.0,0.0,0.0,0.5,[0.5],0.5,1.0,-1.0,0.0,0.8,-0.8,0.0,0.5,score
hard_new,ours_refined,0.8431372549019608,1.088235294117647,102,2025-08-08T12:00:23,sweep_sizenew,84,0.1,10000,600,1.0,0.0,0.0,0.5,[0.5],0.5,1.0,-1.0,0.0,0.8,-0.8,0.0,0.5,score
overall,ours_refined,0.8633333333333333,1.11,300,2025-08-08T12:00:23,sweep_sizenew,93,0.1,10000,600,1.0,0.0,0.0,0.5,[0.5],0.5,1.0,-1.0,0.0,0.8,-0.8,0.0,0.5,score
easy_new,ours_refined,0.8728323699421965,1.0867052023121386,173,2025-08-08T12:00:23,sweep_sizenew,93,0.1,10000,600,1.0,0.0,0.0,0.5,[0.5],0.5,1.0,-1.0,0.0,0.8,-0.8,0.0,0.5,score
hard_new,ours_refined,0.8503937007874016,1.141732283464567,127,2025-08-08T12:00:23,sweep_sizenew,93,0.1,10000,600,1.0,0.0,0.0,0.5,[0.5],0.5,1.0,-1.0,0.0,0.8,-0.8,0.0,0.5,score
overall,ours_refined,0.9166666666666666,1.1333333333333333,300,2025-08-08T12:00:23,sweep_sizenew,88,0.1,10000,600,1.0,0.0,0.0,0.5,[0.5],0.5,1.0,-1.0,0.0,0.8,-0.8,0.0,0.5,score
easy_new,ours_refined,0.9230769230769231,1.123076923076923,195,2025-08-08T12:00:23,sweep_sizenew,88,0.1,10000,600,1.0,0.0,0.0,0.5,[0.5],0.5,1.0,-1.0,0.0,0.8,-0.8,0.0,0.5,score
hard_new,ours_refined,0.9047619047619048,1.1523809523809523,105,2025-08-08T12:00:23,sweep_sizenew,88,0.1,10000,600,1.0,0.0,0.0,0.5,[0.5],0.5,1.0,-1.0,0.0,0.8,-0.8,0.0,0.5,score
overall,ours_refined,0.8833333333333333,1.0366666666666666,300,2025-08-08T12:00:23,sweep_sizenew,89,0.1,10000,600,1.0,0.0,0.0,0.5,[0.5],0.5,1.0,-1.0,0.0,0.8,-0.8,0.0,0.5,score
easy_new,ours_refined,0.8838383838383839,1.0404040404040404,198,2025-08-08T12:00:23,sweep_sizenew,89,0.1,10000,600,1.0,0.0,0.0,0.5,[0.5],0.5,1.0,-1.0,0.0,0.8,-0.8,0.0,0.5,score
hard_new,ours_refined,0.8823529411764706,1.0294117647058822,102,2025-08-08T12:00:23,sweep_sizenew,89,0.1,10000,600,1.0,0.0,0.0,0.5,[0.5],0.5,1.0,-1.0,0.0,0.8,-0.8,0.0,0.5,score
overall,ours_refined,0.87,1.0366666666666666,300,2025-08-08T12:00:23,sweep_sizenew,94,0.1,10000,600,1.0,0.0,0.0,0.5,[0.5],0.5,1.0,-1.0,0.0,0.8,-0.8,0.0,0.5,score
easy_new,ours_refined,0.8792270531400966,1.038647342995169,207,2025-08-08T12:00:23,sweep_sizenew,94,0.1,10000,600,1.0,0.0,0.0,0.5,[0.5],0.5,1.0,-1.0,0.0,0.8,-0.8,0.0,0.5,score
hard_new,ours_refined,0.8494623655913979,1.032258064516129,93,2025-08-08T12:00:23,sweep_sizenew,94,0.1,10000,600,1.0,0.0,0.0,0.5,[0.5],0.5,1.0,-1.0,0.0,0.8,-0.8,0.0,0.5,score
overall,ours_refined,0.8933333333333333,1.0466666666666666,300,2025-08-08T12:00:23,sweep_sizenew,92,0.1,10000,600,1.0,0.0,0.0,0.5,[0.5],0.5,1.0,-1.0,0.0,0.8,-0.8,0.0,0.5,score
easy_new,ours_refined,0.882051282051282,1.035897435897436,195,2025-08-08T12:00:23,sweep_sizenew,92,0.1,10000,600,1.0,0.0,0.0,0.5,[0.5],0.5,1.0,-1.0,0.0,0.8,-0.8,0.0,0.5,score
hard_new,ours_refined,0.9142857142857143,1.0666666666666667,105,2025-08-08T12:00:23,sweep_sizenew,92,0.1,10000,600,1.0,0.0,0.0,0.5,[0.5],0.5,1.0,-1.0,0.0,0.8,-0.8,0.0,0.5,score
overall,ours_refined,0.8633333333333333,1.08,300,2025-08-08T12:00:23,sweep_sizenew,85,0.1,10000,600,1.0,0.0,0.0,0.5,[0.5],0.5,1.0,-1.0,0.0,0.8,-0.8,0.0,0.5,score
easy_new,ours_refined,0.855,1.075,200,2025-08-08T12:00:23,sweep_sizenew,85,0.1,10000,600,1.0,0.0,0.0,0.5,[0.5],0.5,1.0,-1.0,0.0,0.8,-0.8,0.0,0.5,score
hard_new,ours_refined,0.88,1.09,100,2025-08-08T12:00:23,sweep_sizenew,85,0.1,10000,600,1.0,0.0,0.0,0.5,[0.5],0.5,1.0,-1.0,0.0,0.8,-0.8,0.0,0.5,score
overall,ours_refined,0.92,1.1633333333333333,300,2025-08-08T12:00:23,sweep_sizenew,96,0.1,10000,600,1.0,0.0,0.0,0.5,[0.5],0.5,1.0,-1.0,0.0,0.8,-0.8,0.0,0.5,score
easy_new,ours_refined,0.9219512195121952,1.1512195121951219,205,2025-08-08T12:00:23,sweep_sizenew,96,0.1,10000,600,1.0,0.0,0.0,0.5,[0.5],0.5,1.0,-1.0,0.0,0.8,-0.8,0.0,0.5,score
hard_new,ours_refined,0.9157894736842105,1.1894736842105262,95,2025-08-08T12:00:23,sweep_sizenew,96,0.1,10000,600,1.0,0.0,0.0,0.5,[0.5],0.5,1.0,-1.0,0.0,0.8,-0.8,0.0,0.5,score
overall,ours_refined,0.9133333333333333,1.1266666666666667,300,2025-08-08T12:00:23,sweep_sizenew,90,0.1,10000,600,1.0,0.0,0.0,0.5,[0.5],0.5,1.0,-1.0,0.0,0.8,-0.8,0.0,0.5,score
easy_new,ours_refined,0.9205607476635514,1.1261682242990654,214,2025-08-08T12:00:23,sweep_sizenew,90,0.1,10000,600,1.0,0.0,0.0,0.5,[0.5],0.5,1.0,-1.0,0.0,0.8,-0.8,0.0,0.5,score
hard_new,ours_refined,0.8953488372093024,1.127906976744186,86,2025-08-08T12:00:23,sweep_sizenew,90,0.1,10000,600,1.0,0.0,0.0,0.5,[0.5],0.5,1.0,-1.0,0.0,0.8,-0.8,0.0,0.5,score
overall,ours_refined,0.8933333333333333,1.1,300,2025-08-08T12:00:23,sweep_sizenew,87,0.1,10000,600,1.0,0.0,0.0,0.5,[0.5],0.5,1.0,-1.0,0.0,0.8,-0.8,0.0,0.5,score
easy_new,ours_refined,0.8985507246376812,1.1014492753623188,207,2025-08-08T12:00:23,sweep_sizenew,87,0.1,10000,600,1.0,0.0,0.0,0.5,[0.5],0.5,1.0,-1.0,0.0,0.8,-0.8,0.0,0.5,score
hard_new,ours_refined,0.8817204301075269,1.096774193548387,93,2025-08-08T12:00:23,sweep_sizenew,87,0.1,10000,600,1.0,0.0,0.0,0.5,[0.5],0.5,1.0,-1.0,0.0,0.8,-0.8,0.0,0.5,score
overall,ours_refined,0.9133333333333333,1.2,300,2025-08-08T12:00:23,sweep_sizenew,86,0.1,10000,600,1.0,0.0,0.0,0.5,[0.5],0.5,1.0,-1.0,0.0,0.8,-0.8,0.0,0.5,score
easy_new,ours_refined,0.9405940594059405,1.1386138613861385,202,2025-08-08T12:00:23,sweep_sizenew,86,0.1,10000,600,1.0,0.0,0.0,0.5,[0.5],0.5,1.0,-1.0,0.0,0.8,-0.8,0.0,0.5,score
hard_new,ours_refined,0.8571428571428571,1.3265306122448979,98,2025-08-08T12:00:23,sweep_sizenew,86,0.1,10000,600,1.0,0.0,0.0,0.5,[0.5],0.5,1.0,-1.0,0.0,0.8,-0.8,0.0,0.5,score
overall,ours_refined,0.86,1.07,200,2025-08-08T12:00:23,sweep_sizenew,76,0.1,10000,400,1.0,0.0,0.0,0.5,[0.5],0.5,1.0,-1.0,0.0,0.8,-0.8,0.0,0.5,score
easy_new,ours_refined,0.8527131782945736,1.062015503875969,129,2025-08-08T12:00:23,sweep_sizenew,76,0.1,10000,400,1.0,0.0,0.0,0.5,[0.5],0.5,1.0,-1.0,0.0,0.8,-0.8,0.0,0.5,score
hard_new,ours_refined,0.8732394366197183,1.0845070422535212,71,2025-08-08T12:00:23,sweep_sizenew,76,0.1,10000,400,1.0,0.0,0.0,0.5,[0.5],0.5,1.0,-1.0,0.0,0.8,-0.8,0.0,0.5,score
overall,ours_refined,0.93,1.155,200,2025-08-08T12:00:23,sweep_sizenew,77,0.1,10000,400,1.0,0.0,0.0,0.5,[0.5],0.5,1.0,-1.0,0.0,0.8,-0.8,0.0,0.5,score
easy_new,ours_refined,0.9154929577464789,1.1619718309859155,142,2025-08-08T12:00:23,sweep_sizenew,77,0.1,10000,400,1.0,0.0,0.0,0.5,[0.5],0.5,1.0,-1.0,0.0,0.8,-0.8,0.0,0.5,score
hard_new,ours_refined,0.9655172413793104,1.1379310344827587,58,2025-08-08T12:00:23,sweep_sizenew,77,0.1,10000,400,1.0,0.0,0.0,0.5,[0.5],0.5,1.0,-1.0,0.0,0.8,-0.8,0.0,0.5,score
overall,ours_refined,0.93,1.17,300,2025-08-08T12:00:23,sweep_sizenew,58,0.1,10000,600,1.0,0.0,0.0,0.5,[0.5],0.5,1.0,-1.0,0.0,0.8,-0.8,0.0,0.5,score
easy_new,ours_refined,0.9289099526066351,1.1374407582938388,211,2025-08-08T12:00:23,sweep_sizenew,58,0.1,10000,600,1.0,0.0,0.0,0.5,[0.5],0.5,1.0,-1.0,0.0,0.8,-0.8,0.0,0.5,score
hard_new,ours_refined,0.9325842696629213,1.247191011235955,89,2025-08-08T12:00:23,sweep_sizenew,58,0.1,10000,600,1.0,0.0,0.0,0.5,[0.5],0.5,1.0,-1.0,0.0,0.8,-0.8,0.0,0.5,score
overall,ours_refined,0.88,1.0733333333333333,300,2025-08-08T12:00:23,sweep_sizenew,57,0.1,10000,600,1.0,0.0,0.0,0.5,[0.5],0.5,1.0,-1.0,0.0,0.8,-0.8,0.0,0.5,score
easy_new,ours_refined,0.8932038834951457,1.0679611650485437,206,2025-08-08T12:00:23,sweep_sizenew,57,0.1,10000,600,1.0,0.0,0.0,0.5,[0.5],0.5,1.0,-1.0,0.0,0.8,-0.8,0.0,0.5,score
hard_new,ours_refined,0.851063829787234,1.0851063829787233,94,2025-08-08T12:00:23,sweep_sizenew,57,0.1,10000,600,1.0,0.0,0.0,0.5,[0.5],0.5,1.0,-1.0,0.0,0.8,-0.8,0.0,0.5,score
overall,ours_refined,0.875,1.05,200,2025-08-08T12:00:23,sweep_sizenew,75,0.1,10000,400,1.0,0.0,0.0,0.5,[0.5],0.5,1.0,-1.0,0.0,0.8,-0.8,0.0,0.5,score
easy_new,ours_refined,0.864,1.04,125,2025-08-08T12:00:23,sweep_sizenew,75,0.1,10000,400,1.0,0.0,0.0,0.5,[0.5],0.5,1.0,-1.0,0.0,0.8,-0.8,0.0,0.5,score
hard_new,ours_refined,0.8933333333333333,1.0666666666666667,75,2025-08-08T12:00:23,sweep_sizenew,75,0.1,10000,400,1.0,0.0,0.0,0.5,[0.5],0.5,1.0,-1.0,0.0,0.8,-0.8,0.0,0.5,score
overall,ours_refined,0.8666666666666667,1.0533333333333332,300,2025-08-08T12:00:24,sweep_sizenew,56,0.1,10000,600,1.0,0.0,0.0,0.5,[0.5],0.5,1.0,-1.0,0.0,0.8,-0.8,0.0,0.5,score
easy_new,ours_refined,0.8571428571428571,1.0689655172413792,203,2025-08-08T12:00:24,sweep_sizenew,56,0.1,10000,600,1.0,0.0,0.0,0.5,[0.5],0.5,1.0,-1.0,0.0,0.8,-0.8,0.0,0.5,score
hard_new,ours_refined,0.8865979381443299,1.0206185567010309,97,2025-08-08T12:00:24,sweep_sizenew,56,0.1,10000,600,1.0,0.0,0.0,0.5,[0.5],0.5,1.0,-1.0,0.0,0.8,-0.8,0.0,0.5,score
overall,ours_refined,0.9033333333333333,1.0666666666666667,300,2025-08-08T12:00:24,sweep_sizenew,55,0.1,10000,600,1.0,0.0,0.0,0.5,[0.5],0.5,1.0,-1.0,0.0,0.8,-0.8,0.0,0.5,score
easy_new,ours_refined,0.9158878504672897,1.0654205607476634,214,2025-08-08T12:00:24,sweep_sizenew,55,0.1,10000,600,1.0,0.0,0.0,0.5,[0.5],0.5,1.0,-1.0,0.0,0.8,-0.8,0.0,0.5,score
hard_new,ours_refined,0.872093023255814,1.069767441860465,86,2025-08-08T12:00:24,sweep_sizenew,55,0.1,10000,600,1.0,0.0,0.0,0.5,[0.5],0.5,1.0,-1.0,0.0,0.8,-0.8,0.0,0.5,score
overall,ours_refined,0.882,1.082,500,2025-08-08T12:00:24,sweep_sizenew,53,0.1,10000,1000,1.0,0.0,0.0,0.5,[0.5],0.5,1.0,-1.0,0.0,0.8,-0.8,0.0,0.5,score
easy_new,ours_refined,0.8858024691358025,1.0833333333333333,324,2025-08-08T12:00:24,sweep_sizenew,53,0.1,10000,1000,1.0,0.0,0.0,0.5,[0.5],0.5,1.0,-1.0,0.0,0.8,-0.8,0.0,0.5,score
hard_new,ours_refined,0.875,1.0795454545454546,176,2025-08-08T12:00:24,sweep_sizenew,53,0.1,10000,1000,1.0,0.0,0.0,0.5,[0.5],0.5,1.0,-1.0,0.0,0.8,-0.8,0.0,0.5,score
overall,ours_refined,0.8433333333333334,1.0633333333333332,300,2025-08-08T12:00:24,sweep_sizenew,72,0.1,10000,600,1.0,0.0,0.0,0.5,[0.5],0.5,1.0,-1.0,0.0,0.8,-0.8,0.0,0.5,score
easy_new,ours_refined,0.8489583333333334,1.046875,192,2025-08-08T12:00:24,sweep_sizenew,72,0.1,10000,600,1.0,0.0,0.0,0.5,[0.5],0.5,1.0,-1.0,0.0,0.8,-0.8,0.0,0.5,score
hard_new,ours_refined,0.8333333333333334,1.0925925925925926,108,2025-08-08T12:00:24,sweep_sizenew,72,0.1,10000,600,1.0,0.0,0.0,0.5,[0.5],0.5,1.0,-1.0,0.0,0.8,-0.8,0.0,0.5,score
overall,ours_refined,0.95,1.1333333333333333,300,2025-08-08T12:00:24,sweep_sizenew,69,0.1,10000,600,1.0,0.0,0.0,0.5,[0.5],0.5,1.0,-1.0,0.0,0.8,-0.8,0.0,0.5,score
easy_new,ours_refined,0.9405940594059405,1.0940594059405941,202,2025-08-08T12:00:24,sweep_sizenew,69,0.1,10000,600,1.0,0.0,0.0,0.5,[0.5],0.5,1.0,-1.0,0.0,0.8,-0.8,0.0,0.5,score
hard_new,ours_refined,0.9693877551020408,1.2142857142857142,98,2025-08-08T12:00:24,sweep_sizenew,69,0.1,10000,600,1.0,0.0,0.0,0.5,[0.5],0.5,1.0,-1.0,0.0,0.8,-0.8,0.0,0.5,score
overall,ours_refined,0.8533333333333334,1.0833333333333333,300,2025-08-08T12:00:24,sweep_sizenew,74,0.1,10000,600,1.0,0.0,0.0,0.5,[0.5],0.5,1.0,-1.0,0.0,0.8,-0.8,0.0,0.5,score
easy_new,ours_refined,0.883495145631068,1.0825242718446602,206,2025-08-08T12:00:24,sweep_sizenew,74,0.1,10000,600,1.0,0.0,0.0,0.5,[0.5],0.5,1.0,-1.0,0.0,0.8,-0.8,0.0,0.5,score
hard_new,ours_refined,0.7872340425531915,1.0851063829787233,94,2025-08-08T12:00:24,sweep_sizenew,74,0.1,10000,600,1.0,0.0,0.0,0.5,[0.5],0.5,1.0,-1.0,0.0,0.8,-0.8,0.0,0.5,score
overall,ours_refined,0.938,1.126,500,2025-08-08T12:00:24,sweep_sizenew,80,0.1,10000,1000,1.0,0.0,0.0,0.5,[0.5],0.5,1.0,-1.0,0.0,0.8,-0.8,0.0,0.5,score
easy_new,ours_refined,0.950920245398773,1.1104294478527608,326,2025-08-08T12:00:24,sweep_sizenew,80,0.1,10000,1000,1.0,0.0,0.0,0.5,[0.5],0.5,1.0,-1.0,0.0,0.8,-0.8,0.0,0.5,score
hard_new,ours_refined,0.9137931034482759,1.1551724137931034,174,2025-08-08T12:00:24,sweep_sizenew,80,0.1,10000,1000,1.0,0.0,0.0,0.5,[0.5],0.5,1.0,-1.0,0.0,0.8,-0.8,0.0,0.5,score
overall,ours_refined,0.8966666666666666,1.13,300,2025-08-08T12:00:24,sweep_sizenew,70,0.1,10000,600,1.0,0.0,0.0,0.5,[0.5],0.5,1.0,-1.0,0.0,0.8,-0.8,0.0,0.5,score
easy_new,ours_refined,0.905,1.12,200,2025-08-08T12:00:24,sweep_sizenew,70,0.1,10000,600,1.0,0.0,0.0,0.5,[0.5],0.5,1.0,-1.0,0.0,0.8,-0.8,0.0,0.5,score
hard_new,ours_refined,0.88,1.15,100,2025-08-08T12:00:24,sweep_sizenew,70,0.1,10000,600,1.0,0.0,0.0,0.5,[0.5],0.5,1.0,-1.0,0.0,0.8,-0.8,0.0,0.5,score
overall,ours_refined,0.874,1.032,500,2025-08-08T12:00:24,sweep_sizenew,79,0.1,10000,1000,1.0,0.0,0.0,0.5,[0.5],0.5,1.0,-1.0,0.0,0.8,-0.8,0.0,0.5,score
easy_new,ours_refined,0.8734939759036144,1.0240963855421688,332,2025-08-08T12:00:24,sweep_sizenew,79,0.1,10000,1000,1.0,0.0,0.0,0.5,[0.5],0.5,1.0,-1.0,0.0,0.8,-0.8,0.0,0.5,score
hard_new,ours_refined,0.875,1.0476190476190477,168,2025-08-08T12:00:24,sweep_sizenew,79,0.1,10000,1000,1.0,0.0,0.0,0.5,[0.5],0.5,1.0,-1.0,0.0,0.8,-0.8,0.0,0.5,score
overall,ours_refined,0.9333333333333333,1.0766666666666667,300,2025-08-08T12:00:24,sweep_sizenew,71,0.1,10000,600,1.0,0.0,0.0,0.5,[0.5],0.5,1.0,-1.0,0.0,0.8,-0.8,0.0,0.5,score
easy_new,ours_refined,0.9230769230769231,1.0666666666666667,195,2025-08-08T12:00:24,sweep_sizenew,71,0.1,10000,600,1.0,0.0,0.0,0.5,[0.5],0.5,1.0,-1.0,0.0,0.8,-0.8,0.0,0.5,score
hard_new,ours_refined,0.9523809523809523,1.0952380952380953,105,2025-08-08T12:00:24,sweep_sizenew,71,0.1,10000,600,1.0,0.0,0.0,0.5,[0.5],0.5,1.0,-1.0,0.0,0.8,-0.8,0.0,0.5,score
overall,ours_refined,0.8966666666666666,1.07,300,2025-08-08T12:00:24,sweep_sizenew,73,0.1,10000,600,1.0,0.0,0.0,0.5,[0.5],0.5,1.0,-1.0,0.0,0.8,-0.8,0.0,0.5,score
easy_new,ours_refined,0.9119170984455959,1.0466321243523315,193,2025-08-08T12:00:24,sweep_sizenew,73,0.1,10000,600,1.0,0.0,0.0,0.5,[0.5],0.5,1.0,-1.0,0.0,0.8,-0.8,0.0,0.5,score
hard_new,ours_refined,0.8691588785046729,1.1121495327102804,107,2025-08-08T12:00:24,sweep_sizenew,73,0.1,10000,600,1.0,0.0,0.0,0.5,[0.5],0.5,1.0,-1.0,0.0,0.8,-0.8,0.0,0.5,score
overall,ours_refined,0.886,1.09,500,2025-08-08T12:00:25,sweep_sizenew,78,0.1,10000,1000,1.0,0.0,0.0,0.5,[0.5],0.5,1.0,-1.0,0.0,0.8,-0.8,0.0,0.5,score
easy_new,ours_refined,0.8902077151335311,1.089020771513353,337,2025-08-08T12:00:25,sweep_sizenew,78,0.1,10000,1000,1.0,0.0,0.0,0.5,[0.5],0.5,1.0,-1.0,0.0,0.8,-0.8,0.0,0.5,score
hard_new,ours_refined,0.8773006134969326,1.0920245398773005,163,2025-08-08T12:00:25,sweep_sizenew,78,0.1,10000,1000,1.0,0.0,0.0,0.5,[0.5],0.5,1.0,-1.0,0.0,0.8,-0.8,0.0,0.5,score
overall,ours_refined,0.922,1.082,500,2025-08-08T12:00:25,sweep_sizenew,82,0.1,10000,1000,1.0,0.0,0.0,0.5,[0.5],0.5,1.0,-1.0,0.0,0.8,-0.8,0.0,0.5,score
easy_new,ours_refined,0.9279279279279279,1.087087087087087,333,2025-08-08T12:00:25,sweep_sizenew,82,0.1,10000,1000,1.0,0.0,0.0,0.5,[0.5],0.5,1.0,-1.0,0.0,0.8,-0.8,0.0,0.5,score
hard_new,ours_refined,0.9101796407185628,1.0718562874251496,167,2025-08-08T12:00:25,sweep_sizenew,82,0.1,10000,1000,1.0,0.0,0.0,0.5,[0.5],0.5,1.0,-1.0,0.0,0.8,-0.8,0.0,0.5,score
overall,ours_refined,0.87,1.068,500,2025-08-08T12:00:25,sweep_sizenew,81,0.1,10000,1000,1.0,0.0,0.0,0.5,[0.5],0.5,1.0,-1.0,0.0,0.8,-0.8,0.0,0.5,score
easy_new,ours_refined,0.8685015290519877,1.0642201834862386,327,2025-08-08T12:00:25,sweep_sizenew,81,0.1,10000,1000,1.0,0.0,0.0,0.5,[0.5],0.5,1.0,-1.0,0.0,0.8,-0.8,0.0,0.5,score
hard_new,ours_refined,0.8728323699421965,1.0751445086705202,173,2025-08-08T12:00:25,sweep_sizenew,81,0.1,10000,1000,1.0,0.0,0.0,0.5,[0.5],0.5,1.0,-1.0,0.0,0.8,-0.8,0.0,0.5,score
overall,ours_refined,0.92,1.15,100,2025-08-08T12:00:25,sweep_sizenew,67,0.1,10000,200,1.0,0.0,0.0,0.5,[0.5],0.5,1.0,-1.0,0.0,0.8,-0.8,0.0,0.5,score
easy_new,ours_refined,0.9516129032258065,1.1612903225806452,62,2025-08-08T12:00:25,sweep_sizenew,67,0.1,10000,200,1.0,0.0,0.0,0.5,[0.5],0.5,1.0,-1.0,0.0,0.8,-0.8,0.0,0.5,score
hard_new,ours_refined,0.868421052631579,1.131578947368421,38,2025-08-08T12:00:25,sweep_sizenew,67,0.1,10000,200,1.0,0.0,0.0,0.5,[0.5],0.5,1.0,-1.0,0.0,0.8,-0.8,0.0,0.5,score
overall,ours_refined,0.93,1.2,100,2025-08-08T12:00:25,sweep_sizenew,68,0.1,10000,200,1.0,0.0,0.0,0.5,[0.5],0.5,1.0,-1.0,0.0,0.8,-0.8,0.0,0.5,score
easy_new,ours_refined,0.9420289855072463,1.1884057971014492,69,2025-08-08T12:00:25,sweep_sizenew,68,0.1,10000,200,1.0,0.0,0.0,0.5,[0.5],0.5,1.0,-1.0,0.0,0.8,-0.8,0.0,0.5,score
hard_new,ours_refined,0.9032258064516129,1.2258064516129032,31,2025-08-08T12:00:25,sweep_sizenew,68,0.1,10000,200,1.0,0.0,0.0,0.5,[0.5],0.5,1.0,-1.0,0.0,0.8,-0.8,0.0,0.5,score
overall,ours_refined,0.9,1.15,100,2025-08-08T12:00:25,sweep_sizenew,66,0.1,10000,200,1.0,0.0,0.0,0.5,[0.5],0.5,1.0,-1.0,0.0,0.8,-0.8,0.0,0.5,score
easy_new,ours_refined,0.890625,1.125,64,2025-08-08T12:00:25,sweep_sizenew,66,0.1,10000,200,1.0,0.0,0.0,0.5,[0.5],0.5,1.0,-1.0,0.0,0.8,-0.8,0.0,0.5,score
hard_new,ours_refined,0.9166666666666666,1.1944444444444444,36,2025-08-08T12:00:25,sweep_sizenew,66,0.1,10000,200,1.0,0.0,0.0,0.5,[0.5],0.5,1.0,-1.0,0.0,0.8,-0.8,0.0,0.5,score
overall,ours_refined,0.92,1.0,100,2025-08-08T12:00:25,sweep_sizenew,65,0.1,10000,200,1.0,0.0,0.0,0.5,[0.5],0.5,1.0,-1.0,0.0,0.8,-0.8,0.0,0.5,score
easy_new,ours_refined,0.921875,1.0,64,2025-08-08T12:00:25,sweep_sizenew,65,0.1,10000,200,1.0,0.0,0.0,0.5,[0.5],0.5,1.0,-1.0,0.0,0.8,-0.8,0.0,0.5,score
hard_new,ours_refined,0.9166666666666666,1.0,36,2025-08-08T12:00:25,sweep_sizenew,65,0.1,10000,200,1.0,0.0,0.0,0.5,[0.5],0.5,1.0,-1.0,0.0,0.8,-0.8,0.0,0.5,score
overall,ours_refined,0.914,1.094,500,2025-08-08T12:00:25,sweep_sizenew,83,0.1,10000,1000,1.0,0.0,0.0,0.5,[0.5],0.5,1.0,-1.0,0.0,0.8,-0.8,0.0,0.5,score
easy_new,ours_refined,0.9121212121212121,1.0818181818181818,330,2025-08-08T12:00:25,sweep_sizenew,83,0.1,10000,1000,1.0,0.0,0.0,0.5,[0.5],0.5,1.0,-1.0,0.0,0.8,-0.8,0.0,0.5,score
hard_new,ours_refined,0.9176470588235294,1.1176470588235294,170,2025-08-08T12:00:25,sweep_sizenew,83,0.1,10000,1000,1.0,0.0,0.0,0.5,[0.5],0.5,1.0,-1.0,0.0,0.8,-0.8,0.0,0.5,score
overall,ours_refined,0.8733333333333333,1.0533333333333332,300,2025-08-08T12:00:26,sweep_sizenew,63,0.1,10000,600,1.0,0.0,0.0,0.5,[0.5],0.5,1.0,-1.0,0.0,0.8,-0.8,0.0,0.5,score
easy_new,ours_refined,0.8894472361809045,1.050251256281407,199,2025-08-08T12:00:26,sweep_sizenew,63,0.1,10000,600,1.0,0.0,0.0,0.5,[0.5],0.5,1.0,-1.0,0.0,0.8,-0.8,0.0,0.5,score
hard_new,ours_refined,0.8415841584158416,1.0594059405940595,101,2025-08-08T12:00:26,sweep_sizenew,63,0.1,10000,600,1.0,0.0,0.0,0.5,[0.5],0.5,1.0,-1.0,0.0,0.8,-0.8,0.0,0.5,score
overall,ours_refined,0.8766666666666667,1.1,300,2025-08-08T12:00:26,sweep_sizenew,64,0.1,10000,600,1.0,0.0,0.0,0.5,[0.5],0.5,1.0,-1.0,0.0,0.8,-0.8,0.0,0.5,score
easy_new,ours_refined,0.8717948717948718,1.087179487179487,195,2025-08-08T12:00:26,sweep_sizenew,64,0.1,10000,600,1.0,0.0,0.0,0.5,[0.5],0.5,1.0,-1.0,0.0,0.8,-0.8,0.0,0.5,score
hard_new,ours_refined,0.8857142857142857,1.1238095238095238,105,2025-08-08T12:00:26,sweep_sizenew,64,0.1,10000,600,1.0,0.0,0.0,0.5,[0.5],0.5,1.0,-1.0,0.0,0.8,-0.8,0.0,0.5,score
overall,ours_refined,0.903,1.091,2000,2025-08-08T12:00:26,sweep_sizenew,41,0.1,10000,4000,1.0,0.0,0.0,0.5,[0.5],0.5,1.0,-1.0,0.0,0.8,-0.8,0.0,0.5,score
easy_new,ours_refined,0.9140919366993218,1.081386586284853,1327,2025-08-08T12:00:26,sweep_sizenew,41,0.1,10000,4000,1.0,0.0,0.0,0.5,[0.5],0.5,1.0,-1.0,0.0,0.8,-0.8,0.0,0.5,score
hard_new,ours_refined,0.8811292719167905,1.1099554234769688,673,2025-08-08T12:00:26,sweep_sizenew,41,0.1,10000,4000,1.0,0.0,0.0,0.5,[0.5],0.5,1.0,-1.0,0.0,0.8,-0.8,0.0,0.5,score
overall,ours_refined,0.9094,1.1062,5000,2025-08-08T12:00:27,sweep_sizenew,27,0.1,10000,10000,1.0,0.0,0.0,0.5,[0.5],0.5,1.0,-1.0,0.0,0.8,-0.8,0.0,0.5,score
easy_new,ours_refined,0.9163647342995169,1.0978260869565217,3312,2025-08-08T12:00:27,sweep_sizenew,27,0.1,10000,10000,1.0,0.0,0.0,0.5,[0.5],0.5,1.0,-1.0,0.0,0.8,-0.8,0.0,0.5,score
hard_new,ours_refined,0.8957345971563981,1.1226303317535544,1688,2025-08-08T12:00:27,sweep_sizenew,27,0.1,10000,10000,1.0,0.0,0.0,0.5,[0.5],0.5,1.0,-1.0,0.0,0.8,-0.8,0.0,0.5,score
overall,ours_refined,0.8833333333333333,1.02,300,2025-08-08T12:00:27,sweep_sizenew,59,0.1,10000,600,1.0,0.0,0.0,0.5,[0.5],0.5,1.0,-1.0,0.0,0.8,-0.8,0.0,0.5,score
easy_new,ours_refined,0.8556149732620321,1.0053475935828877,187,2025-08-08T12:00:27,sweep_sizenew,59,0.1,10000,600,1.0,0.0,0.0,0.5,[0.5],0.5,1.0,-1.0,0.0,0.8,-0.8,0.0,0.5,score
hard_new,ours_refined,0.9292035398230089,1.0442477876106195,113,2025-08-08T12:00:27,sweep_sizenew,59,0.1,10000,600,1.0,0.0,0.0,0.5,[0.5],0.5,1.0,-1.0,0.0,0.8,-0.8,0.0,0.5,score
overall,ours_refined,0.9,1.1066666666666667,300,2025-08-08T12:00:27,sweep_sizenew,60,0.1,10000,600,1.0,0.0,0.0,0.5,[0.5],0.5,1.0,-1.0,0.0,0.8,-0.8,0.0,0.5,score
easy_new,ours_refined,0.9090909090909091,1.0802139037433156,187,2025-08-08T12:00:27,sweep_sizenew,60,0.1,10000,600,1.0,0.0,0.0,0.5,[0.5],0.5,1.0,-1.0,0.0,0.8,-0.8,0.0,0.5,score
hard_new,ours_refined,0.8849557522123894,1.1504424778761062,113,2025-08-08T12:00:27,sweep_sizenew,60,0.1,10000,600,1.0,0.0,0.0,0.5,[0.5],0.5,1.0,-1.0,0.0,0.8,-0.8,0.0,0.5,score
overall,ours_refined,0.9022,1.0964,5000,2025-08-08T12:00:27,sweep_sizenew,22,0.1,10000,10000,1.0,0.0,0.0,0.5,[0.5],0.5,1.0,-1.0,0.0,0.8,-0.8,0.0,0.5,score
easy_new,ours_refined,0.9056029232643118,1.080694275274056,3284,2025-08-08T12:00:27,sweep_sizenew,22,0.1,10000,10000,1.0,0.0,0.0,0.5,[0.5],0.5,1.0,-1.0,0.0,0.8,-0.8,0.0,0.5,score
hard_new,ours_refined,0.8956876456876457,1.1264568764568765,1716,2025-08-08T12:00:27,sweep_sizenew,22,0.1,10000,10000,1.0,0.0,0.0,0.5,[0.5],0.5,1.0,-1.0,0.0,0.8,-0.8,0.0,0.5,score
overall,ours_refined,0.9006,1.1018,5000,2025-08-08T12:00:27,sweep_sizenew,24,0.1,10000,10000,1.0,0.0,0.0,0.5,[0.5],0.5,1.0,-1.0,0.0,0.8,-0.8,0.0,0.5,score
easy_new,ours_refined,0.9039424280350438,1.0869837296620777,3196,2025-08-08T12:00:27,sweep_sizenew,24,0.1,10000,10000,1.0,0.0,0.0,0.5,[0.5],0.5,1.0,-1.0,0.0,0.8,-0.8,0.0,0.5,score
hard_new,ours_refined,0.8946784922394678,1.1280487804878048,1804,2025-08-08T12:00:27,sweep_sizenew,24,0.1,10000,10000,1.0,0.0,0.0,0.5,[0.5],0.5,1.0,-1.0,0.0,0.8,-0.8,0.0,0.5,score
overall,ours_refined,0.877,1.068,2000,2025-08-08T12:00:27,sweep_sizenew,49,0.1,10000,4000,1.0,0.0,0.0,0.5,[0.5],0.5,1.0,-1.0,0.0,0.8,-0.8,0.0,0.5,score
easy_new,ours_refined,0.8766383962991519,1.0693909020817272,1297,2025-08-08T12:00:27,sweep_sizenew,49,0.1,10000,4000,1.0,0.0,0.0,0.5,[0.5],0.5,1.0,-1.0,0.0,0.8,-0.8,0.0,0.5,score
hard_new,ours_refined,0.8776671408250356,1.065433854907539,703,2025-08-08T12:00:27,sweep_sizenew,49,0.1,10000,4000,1.0,0.0,0.0,0.5,[0.5],0.5,1.0,-1.0,0.0,0.8,-0.8,0.0,0.5,score
overall,ours_refined,0.9105,1.0885,2000,2025-08-08T12:00:27,sweep_sizenew,51,0.1,10000,4000,1.0,0.0,0.0,0.5,[0.5],0.5,1.0,-1.0,0.0,0.8,-0.8,0.0,0.5,score
easy_new,ours_refined,0.914958238420653,1.076689445709947,1317,2025-08-08T12:00:27,sweep_sizenew,51,0.1,10000,4000,1.0,0.0,0.0,0.5,[0.5],0.5,1.0,-1.0,0.0,0.8,-0.8,0.0,0.5,score
hard_new,ours_refined,0.9019033674963397,1.1112737920937041,683,2025-08-08T12:00:27,sweep_sizenew,51,0.1,10000,4000,1.0,0.0,0.0,0.5,[0.5],0.5,1.0,-1.0,0.0,0.8,-0.8,0.0,0.5,score
overall,ours_refined,0.8925,1.1,400,2025-08-08T12:00:28,sweep_sizenew,91,0.1,10000,800,1.0,0.0,0.0,0.5,[0.5],0.5,1.0,-1.0,0.0,0.8,-0.8,0.0,0.5,score
easy_new,ours_refined,0.8888888888888888,1.0962962962962963,270,2025-08-08T12:00:28,sweep_sizenew,91,0.1,10000,800,1.0,0.0,0.0,0.5,[0.5],0.5,1.0,-1.0,0.0,0.8,-0.8,0.0,0.5,score
hard_new,ours_refined,0.9,1.1076923076923078,130,2025-08-08T12:00:28,sweep_sizenew,91,0.1,10000,800,1.0,0.0,0.0,0.5,[0.5],0.5,1.0,-1.0,0.0,0.8,-0.8,0.0,0.5,score
overall,ours_refined,0.9175,1.1325,400,2025-08-08T12:00:28,sweep_sizenew,93,0.1,10000,800,1.0,0.0,0.0,0.5,[0.5],0.5,1.0,-1.0,0.0,0.8,-0.8,0.0,0.5,score
easy_new,ours_refined,0.9102564102564102,1.1153846153846154,234,2025-08-08T12:00:28,sweep_sizenew,93,0.1,10000,800,1.0,0.0,0.0,0.5,[0.5],0.5,1.0,-1.0,0.0,0.8,-0.8,0.0,0.5,score
hard_new,ours_refined,0.927710843373494,1.1566265060240963,166,2025-08-08T12:00:28,sweep_sizenew,93,0.1,10000,800,1.0,0.0,0.0,0.5,[0.5],0.5,1.0,-1.0,0.0,0.8,-0.8,0.0,0.5,score
overall,ours_refined,0.9075,1.1425,400,2025-08-08T12:00:28,sweep_sizenew,95,0.1,10000,800,1.0,0.0,0.0,0.5,[0.5],0.5,1.0,-1.0,0.0,0.8,-0.8,0.0,0.5,score
easy_new,ours_refined,0.9176029962546817,1.1310861423220975,267,2025-08-08T12:00:28,sweep_sizenew,95,0.1,10000,800,1.0,0.0,0.0,0.5,[0.5],0.5,1.0,-1.0,0.0,0.8,-0.8,0.0,0.5,score
hard_new,ours_refined,0.8872180451127819,1.1654135338345866,133,2025-08-08T12:00:28,sweep_sizenew,95,0.1,10000,800,1.0,0.0,0.0,0.5,[0.5],0.5,1.0,-1.0,0.0,0.8,-0.8,0.0,0.5,score
overall,ours_refined,0.89825,1.081,4000,2025-08-08T12:00:28,sweep_sizenew,40,0.1,10000,8000,1.0,0.0,0.0,0.5,[0.5],0.5,1.0,-1.0,0.0,0.8,-0.8,0.0,0.5,score
easy_new,ours_refined,0.908740854832499,1.0750866384289566,2597,2025-08-08T12:00:28,sweep_sizenew,40,0.1,10000,8000,1.0,0.0,0.0,0.5,[0.5],0.5,1.0,-1.0,0.0,0.8,-0.8,0.0,0.5,score
hard_new,ours_refined,0.8788310762651461,1.0919458303635068,1403,2025-08-08T12:00:28,sweep_sizenew,40,0.1,10000,8000,1.0,0.0,0.0,0.5,[0.5],0.5,1.0,-1.0,0.0,0.8,-0.8,0.0,0.5,score
overall,ours_refined,0.9,1.095,400,2025-08-08T12:00:28,sweep_sizenew,84,0.1,10000,800,1.0,0.0,0.0,0.5,[0.5],0.5,1.0,-1.0,0.0,0.8,-0.8,0.0,0.5,score
easy_new,ours_refined,0.8912280701754386,1.080701754385965,285,2025-08-08T12:00:28,sweep_sizenew,84,0.1,10000,800,1.0,0.0,0.0,0.5,[0.5],0.5,1.0,-1.0,0.0,0.8,-0.8,0.0,0.5,score
hard_new,ours_refined,0.9217391304347826,1.1304347826086956,115,2025-08-08T12:00:28,sweep_sizenew,84,0.1,10000,800,1.0,0.0,0.0,0.5,[0.5],0.5,1.0,-1.0,0.0,0.8,-0.8,0.0,0.5,score
overall,ours_refined,0.8975,1.1275,400,2025-08-08T12:00:28,sweep_sizenew,88,0.1,10000,800,1.0,0.0,0.0,0.5,[0.5],0.5,1.0,-1.0,0.0,0.8,-0.8,0.0,0.5,score
easy_new,ours_refined,0.8821292775665399,1.1064638783269962,263,2025-08-08T12:00:28,sweep_sizenew,88,0.1,10000,800,1.0,0.0,0.0,0.5,[0.5],0.5,1.0,-1.0,0.0,0.8,-0.8,0.0,0.5,score
hard_new,ours_refined,0.927007299270073,1.167883211678832,137,2025-08-08T12:00:28,sweep_sizenew,88,0.1,10000,800,1.0,0.0,0.0,0.5,[0.5],0.5,1.0,-1.0,0.0,0.8,-0.8,0.0,0.5,score
overall,ours_refined,0.91,1.13,400,2025-08-08T12:00:28,sweep_sizenew,94,0.1,10000,800,1.0,0.0,0.0,0.5,[0.5],0.5,1.0,-1.0,0.0,0.8,-0.8,0.0,0.5,score
easy_new,ours_refined,0.9328358208955224,1.0932835820895523,268,2025-08-08T12:00:28,sweep_sizenew,94,0.1,10000,800,1.0,0.0,0.0,0.5,[0.5],0.5,1.0,-1.0,0.0,0.8,-0.8,0.0,0.5,score
hard_new,ours_refined,0.8636363636363636,1.2045454545454546,132,2025-08-08T12:00:28,sweep_sizenew,94,0.1,10000,800,1.0,0.0,0.0,0.5,[0.5],0.5,1.0,-1.0,0.0,0.8,-0.8,0.0,0.5,score
overall,ours_refined,0.91,1.1175,400,2025-08-08T12:00:28,sweep_sizenew,89,0.1,10000,800,1.0,0.0,0.0,0.5,[0.5],0.5,1.0,-1.0,0.0,0.8,-0.8,0.0,0.5,score
easy_new,ours_refined,0.9042145593869731,1.1149425287356323,261,2025-08-08T12:00:28,sweep_sizenew,89,0.1,10000,800,1.0,0.0,0.0,0.5,[0.5],0.5,1.0,-1.0,0.0,0.8,-0.8,0.0,0.5,score
hard_new,ours_refined,0.920863309352518,1.1223021582733812,139,2025-08-08T12:00:28,sweep_sizenew,89,0.1,10000,800,1.0,0.0,0.0,0.5,[0.5],0.5,1.0,-1.0,0.0,0.8,-0.8,0.0,0.5,score
overall,ours_refined,0.8925,1.12,400,2025-08-08T12:00:28,sweep_sizenew,96,0.1,10000,800,1.0,0.0,0.0,0.5,[0.5],0.5,1.0,-1.0,0.0,0.8,-0.8,0.0,0.5,score
easy_new,ours_refined,0.9057971014492754,1.0869565217391304,276,2025-08-08T12:00:28,sweep_sizenew,96,0.1,10000,800,1.0,0.0,0.0,0.5,[0.5],0.5,1.0,-1.0,0.0,0.8,-0.8,0.0,0.5,score
hard_new,ours_refined,0.8629032258064516,1.1935483870967742,124,2025-08-08T12:00:28,sweep_sizenew,96,0.1,10000,800,1.0,0.0,0.0,0.5,[0.5],0.5,1.0,-1.0,0.0,0.8,-0.8,0.0,0.5,score
overall,ours_refined,0.88,1.04,400,2025-08-08T12:00:28,sweep_sizenew,92,0.1,10000,800,1.0,0.0,0.0,0.5,[0.5],0.5,1.0,-1.0,0.0,0.8,-0.8,0.0,0.5,score
easy_new,ours_refined,0.8798449612403101,1.0193798449612403,258,2025-08-08T12:00:28,sweep_sizenew,92,0.1,10000,800,1.0,0.0,0.0,0.5,[0.5],0.5,1.0,-1.0,0.0,0.8,-0.8,0.0,0.5,score
hard_new,ours_refined,0.8802816901408451,1.0774647887323943,142,2025-08-08T12:00:28,sweep_sizenew,92,0.1,10000,800,1.0,0.0,0.0,0.5,[0.5],0.5,1.0,-1.0,0.0,0.8,-0.8,0.0,0.5,score
overall,ours_refined,0.90175,1.0775,4000,2025-08-08T12:00:28,sweep_sizenew,39,0.1,10000,8000,1.0,0.0,0.0,0.5,[0.5],0.5,1.0,-1.0,0.0,0.8,-0.8,0.0,0.5,score
easy_new,ours_refined,0.9036418816388467,1.0671471927162368,2636,2025-08-08T12:00:28,sweep_sizenew,39,0.1,10000,8000,1.0,0.0,0.0,0.5,[0.5],0.5,1.0,-1.0,0.0,0.8,-0.8,0.0,0.5,score
hard_new,ours_refined,0.8980938416422287,1.097507331378299,1364,2025-08-08T12:00:28,sweep_sizenew,39,0.1,10000,8000,1.0,0.0,0.0,0.5,[0.5],0.5,1.0,-1.0,0.0,0.8,-0.8,0.0,0.5,score
overall,ours_refined,0.9075,1.095,400,2025-08-08T12:00:28,sweep_sizenew,87,0.1,10000,800,1.0,0.0,0.0,0.5,[0.5],0.5,1.0,-1.0,0.0,0.8,-0.8,0.0,0.5,score
easy_new,ours_refined,0.8976377952755905,1.0905511811023623,254,2025-08-08T12:00:28,sweep_sizenew,87,0.1,10000,800,1.0,0.0,0.0,0.5,[0.5],0.5,1.0,-1.0,0.0,0.8,-0.8,0.0,0.5,score
hard_new,ours_refined,0.9246575342465754,1.1027397260273972,146,2025-08-08T12:00:28,sweep_sizenew,87,0.1,10000,800,1.0,0.0,0.0,0.5,[0.5],0.5,1.0,-1.0,0.0,0.8,-0.8,0.0,0.5,score
overall,ours_refined,0.885,1.0725,400,2025-08-08T12:00:28,sweep_sizenew,90,0.1,10000,800,1.0,0.0,0.0,0.5,[0.5],0.5,1.0,-1.0,0.0,0.8,-0.8,0.0,0.5,score
easy_new,ours_refined,0.8831615120274914,1.0549828178694158,291,2025-08-08T12:00:28,sweep_sizenew,90,0.1,10000,800,1.0,0.0,0.0,0.5,[0.5],0.5,1.0,-1.0,0.0,0.8,-0.8,0.0,0.5,score
hard_new,ours_refined,0.8899082568807339,1.1192660550458715,109,2025-08-08T12:00:28,sweep_sizenew,90,0.1,10000,800,1.0,0.0,0.0,0.5,[0.5],0.5,1.0,-1.0,0.0,0.8,-0.8,0.0,0.5,score
overall,ours_refined,0.89,1.04,400,2025-08-08T12:00:28,sweep_sizenew,85,0.1,10000,800,1.0,0.0,0.0,0.5,[0.5],0.5,1.0,-1.0,0.0,0.8,-0.8,0.0,0.5,score
easy_new,ours_refined,0.8827838827838828,1.054945054945055,273,2025-08-08T12:00:28,sweep_sizenew,85,0.1,10000,800,1.0,0.0,0.0,0.5,[0.5],0.5,1.0,-1.0,0.0,0.8,-0.8,0.0,0.5,score
hard_new,ours_refined,0.905511811023622,1.0078740157480315,127,2025-08-08T12:00:28,sweep_sizenew,85,0.1,10000,800,1.0,0.0,0.0,0.5,[0.5],0.5,1.0,-1.0,0.0,0.8,-0.8,0.0,0.5,score
overall,ours_refined,0.8775,1.105,400,2025-08-08T12:00:28,sweep_sizenew,86,0.1,10000,800,1.0,0.0,0.0,0.5,[0.5],0.5,1.0,-1.0,0.0,0.8,-0.8,0.0,0.5,score
easy_new,ours_refined,0.8735632183908046,1.0919540229885059,261,2025-08-08T12:00:28,sweep_sizenew,86,0.1,10000,800,1.0,0.0,0.0,0.5,[0.5],0.5,1.0,-1.0,0.0,0.8,-0.8,0.0,0.5,score
hard_new,ours_refined,0.8848920863309353,1.129496402877698,139,2025-08-08T12:00:28,sweep_sizenew,86,0.1,10000,800,1.0,0.0,0.0,0.5,[0.5],0.5,1.0,-1.0,0.0,0.8,-0.8,0.0,0.5,score
overall,ours_refined,0.8833333333333333,1.07,300,2025-08-08T12:00:28,sweep_sizenew,77,0.1,10000,600,1.0,0.0,0.0,0.5,[0.5],0.5,1.0,-1.0,0.0,0.8,-0.8,0.0,0.5,score
easy_new,ours_refined,0.8725490196078431,1.0588235294117647,204,2025-08-08T12:00:28,sweep_sizenew,77,0.1,10000,600,1.0,0.0,0.0,0.5,[0.5],0.5,1.0,-1.0,0.0,0.8,-0.8,0.0,0.5,score
hard_new,ours_refined,0.90625,1.09375,96,2025-08-08T12:00:28,sweep_sizenew,77,0.1,10000,600,1.0,0.0,0.0,0.5,[0.5],0.5,1.0,-1.0,0.0,0.8,-0.8,0.0,0.5,score
overall,ours_refined,0.9233333333333333,1.1133333333333333,300,2025-08-08T12:00:28,sweep_sizenew,76,0.1,10000,600,1.0,0.0,0.0,0.5,[0.5],0.5,1.0,-1.0,0.0,0.8,-0.8,0.0,0.5,score
easy_new,ours_refined,0.9179487179487179,1.1076923076923078,195,2025-08-08T12:00:28,sweep_sizenew,76,0.1,10000,600,1.0,0.0,0.0,0.5,[0.5],0.5,1.0,-1.0,0.0,0.8,-0.8,0.0,0.5,score
hard_new,ours_refined,0.9333333333333333,1.1238095238095238,105,2025-08-08T12:00:28,sweep_sizenew,76,0.1,10000,600,1.0,0.0,0.0,0.5,[0.5],0.5,1.0,-1.0,0.0,0.8,-0.8,0.0,0.5,score
overall,ours_refined,0.8875,1.0775,400,2025-08-08T12:00:28,sweep_sizenew,58,0.1,10000,800,1.0,0.0,0.0,0.5,[0.5],0.5,1.0,-1.0,0.0,0.8,-0.8,0.0,0.5,score
easy_new,ours_refined,0.8925925925925926,1.0592592592592593,270,2025-08-08T12:00:28,sweep_sizenew,58,0.1,10000,800,1.0,0.0,0.0,0.5,[0.5],0.5,1.0,-1.0,0.0,0.8,-0.8,0.0,0.5,score
hard_new,ours_refined,0.8769230769230769,1.1153846153846154,130,2025-08-08T12:00:28,sweep_sizenew,58,0.1,10000,800,1.0,0.0,0.0,0.5,[0.5],0.5,1.0,-1.0,0.0,0.8,-0.8,0.0,0.5,score
overall,ours_refined,0.8725,1.0225,400,2025-08-08T12:00:28,sweep_sizenew,57,0.1,10000,800,1.0,0.0,0.0,0.5,[0.5],0.5,1.0,-1.0,0.0,0.8,-0.8,0.0,0.5,score
easy_new,ours_refined,0.8531468531468531,1.027972027972028,286,2025-08-08T12:00:28,sweep_sizenew,57,0.1,10000,800,1.0,0.0,0.0,0.5,[0.5],0.5,1.0,-1.0,0.0,0.8,-0.8,0.0,0.5,score
hard_new,ours_refined,0.9210526315789473,1.0087719298245614,114,2025-08-08T12:00:28,sweep_sizenew,57,0.1,10000,800,1.0,0.0,0.0,0.5,[0.5],0.5,1.0,-1.0,0.0,0.8,-0.8,0.0,0.5,score
overall,ours_refined,1.0,1.22,50,2025-08-08T12:00:28,sweep_sizenew,62,0.1,10000,100,1.0,0.0,0.0,0.5,[0.5],0.5,1.0,-1.0,0.0,0.8,-0.8,0.0,0.5,score
easy_new,ours_refined,1.0,1.1388888888888888,36,2025-08-08T12:00:28,sweep_sizenew,62,0.1,10000,100,1.0,0.0,0.0,0.5,[0.5],0.5,1.0,-1.0,0.0,0.8,-0.8,0.0,0.5,score
hard_new,ours_refined,1.0,1.4285714285714286,14,2025-08-08T12:00:28,sweep_sizenew,62,0.1,10000,100,1.0,0.0,0.0,0.5,[0.5],0.5,1.0,-1.0,0.0,0.8,-0.8,0.0,0.5,score
overall,ours_refined,0.9,1.12,50,2025-08-08T12:00:28,sweep_sizenew,61,0.1,10000,100,1.0,0.0,0.0,0.5,[0.5],0.5,1.0,-1.0,0.0,0.8,-0.8,0.0,0.5,score
easy_new,ours_refined,0.9393939393939394,1.121212121212121,33,2025-08-08T12:00:28,sweep_sizenew,61,0.1,10000,100,1.0,0.0,0.0,0.5,[0.5],0.5,1.0,-1.0,0.0,0.8,-0.8,0.0,0.5,score
hard_new,ours_refined,0.8235294117647058,1.1176470588235294,17,2025-08-08T12:00:28,sweep_sizenew,61,0.1,10000,100,1.0,0.0,0.0,0.5,[0.5],0.5,1.0,-1.0,0.0,0.8,-0.8,0.0,0.5,score
overall,ours_refined,0.9,1.0566666666666666,300,2025-08-08T12:00:29,sweep_sizenew,75,0.1,10000,600,1.0,0.0,0.0,0.5,[0.5],0.5,1.0,-1.0,0.0,0.8,-0.8,0.0,0.5,score
easy_new,ours_refined,0.9081632653061225,1.0612244897959184,196,2025-08-08T12:00:29,sweep_sizenew,75,0.1,10000,600,1.0,0.0,0.0,0.5,[0.5],0.5,1.0,-1.0,0.0,0.8,-0.8,0.0,0.5,score
hard_new,ours_refined,0.8846153846153846,1.0480769230769231,104,2025-08-08T12:00:29,sweep_sizenew,75,0.1,10000,600,1.0,0.0,0.0,0.5,[0.5],0.5,1.0,-1.0,0.0,0.8,-0.8,0.0,0.5,score
overall,ours_refined,0.915,1.07,400,2025-08-08T12:00:29,sweep_sizenew,56,0.1,10000,800,1.0,0.0,0.0,0.5,[0.5],0.5,1.0,-1.0,0.0,0.8,-0.8,0.0,0.5,score
easy_new,ours_refined,0.9032258064516129,1.07168458781362,279,2025-08-08T12:00:29,sweep_sizenew,56,0.1,10000,800,1.0,0.0,0.0,0.5,[0.5],0.5,1.0,-1.0,0.0,0.8,-0.8,0.0,0.5,score
hard_new,ours_refined,0.9421487603305785,1.0661157024793388,121,2025-08-08T12:00:29,sweep_sizenew,56,0.1,10000,800,1.0,0.0,0.0,0.5,[0.5],0.5,1.0,-1.0,0.0,0.8,-0.8,0.0,0.5,score
overall,ours_refined,0.8986,1.0864,5000,2025-08-08T12:00:29,sweep_sizenew,29,0.1,10000,10000,1.0,0.0,0.0,0.5,[0.5],0.5,1.0,-1.0,0.0,0.8,-0.8,0.0,0.5,score
easy_new,ours_refined,0.8993448481238833,1.0732578916021442,3358,2025-08-08T12:00:29,sweep_sizenew,29,0.1,10000,10000,1.0,0.0,0.0,0.5,[0.5],0.5,1.0,-1.0,0.0,0.8,-0.8,0.0,0.5,score
hard_new,ours_refined,0.8970767356881851,1.1132764920828258,1642,2025-08-08T12:00:29,sweep_sizenew,29,0.1,10000,10000,1.0,0.0,0.0,0.5,[0.5],0.5,1.0,-1.0,0.0,0.8,-0.8,0.0,0.5,score
overall,ours_refined,0.9,1.115,400,2025-08-08T12:00:29,sweep_sizenew,55,0.1,10000,800,1.0,0.0,0.0,0.5,[0.5],0.5,1.0,-1.0,0.0,0.8,-0.8,0.0,0.5,score
easy_new,ours_refined,0.9094076655052264,1.1045296167247387,287,2025-08-08T12:00:29,sweep_sizenew,55,0.1,10000,800,1.0,0.0,0.0,0.5,[0.5],0.5,1.0,-1.0,0.0,0.8,-0.8,0.0,0.5,score
hard_new,ours_refined,0.8761061946902655,1.1415929203539823,113,2025-08-08T12:00:29,sweep_sizenew,55,0.1,10000,800,1.0,0.0,0.0,0.5,[0.5],0.5,1.0,-1.0,0.0,0.8,-0.8,0.0,0.5,score
overall,ours_refined,0.8962,1.073,5000,2025-08-08T12:00:29,sweep_sizenew,30,0.1,10000,10000,1.0,0.0,0.0,0.5,[0.5],0.5,1.0,-1.0,0.0,0.8,-0.8,0.0,0.5,score
easy_new,ours_refined,0.900609756097561,1.0664634146341463,3280,2025-08-08T12:00:29,sweep_sizenew,30,0.1,10000,10000,1.0,0.0,0.0,0.5,[0.5],0.5,1.0,-1.0,0.0,0.8,-0.8,0.0,0.5,score
hard_new,ours_refined,0.8877906976744186,1.0854651162790698,1720,2025-08-08T12:00:29,sweep_sizenew,30,0.1,10000,10000,1.0,0.0,0.0,0.5,[0.5],0.5,1.0,-1.0,0.0,0.8,-0.8,0.0,0.5,score
overall,ours_refined,0.9175,1.0625,400,2025-08-08T12:00:29,sweep_sizenew,69,0.1,10000,800,1.0,0.0,0.0,0.5,[0.5],0.5,1.0,-1.0,0.0,0.8,-0.8,0.0,0.5,score
easy_new,ours_refined,0.924812030075188,1.037593984962406,266,2025-08-08T12:00:29,sweep_sizenew,69,0.1,10000,800,1.0,0.0,0.0,0.5,[0.5],0.5,1.0,-1.0,0.0,0.8,-0.8,0.0,0.5,score
hard_new,ours_refined,0.9029850746268657,1.1119402985074627,134,2025-08-08T12:00:29,sweep_sizenew,69,0.1,10000,800,1.0,0.0,0.0,0.5,[0.5],0.5,1.0,-1.0,0.0,0.8,-0.8,0.0,0.5,score
overall,ours_refined,0.887,1.0715,2000,2025-08-08T12:00:29,sweep_sizenew,50,0.1,10000,4000,1.0,0.0,0.0,0.5,[0.5],0.5,1.0,-1.0,0.0,0.8,-0.8,0.0,0.5,score
easy_new,ours_refined,0.8894697535474234,1.0642270351008216,1339,2025-08-08T12:00:29,sweep_sizenew,50,0.1,10000,4000,1.0,0.0,0.0,0.5,[0.5],0.5,1.0,-1.0,0.0,0.8,-0.8,0.0,0.5,score
hard_new,ours_refined,0.8819969742813918,1.086232980332829,661,2025-08-08T12:00:29,sweep_sizenew,50,0.1,10000,4000,1.0,0.0,0.0,0.5,[0.5],0.5,1.0,-1.0,0.0,0.8,-0.8,0.0,0.5,score
overall,ours_refined,0.8948,1.0748,2500,2025-08-08T12:00:29,sweep_sizenew,43,0.1,10000,5000,1.0,0.0,0.0,0.5,[0.5],0.5,1.0,-1.0,0.0,0.8,-0.8,0.0,0.5,score
easy_new,ours_refined,0.9004884004884005,1.0683760683760684,1638,2025-08-08T12:00:29,sweep_sizenew,43,0.1,10000,5000,1.0,0.0,0.0,0.5,[0.5],0.5,1.0,-1.0,0.0,0.8,-0.8,0.0,0.5,score
hard_new,ours_refined,0.8839907192575406,1.0870069605568446,862,2025-08-08T12:00:29,sweep_sizenew,43,0.1,10000,5000,1.0,0.0,0.0,0.5,[0.5],0.5,1.0,-1.0,0.0,0.8,-0.8,0.0,0.5,score
overall,ours_refined,0.8875,1.0825,400,2025-08-08T12:00:29,sweep_sizenew,72,0.1,10000,800,1.0,0.0,0.0,0.5,[0.5],0.5,1.0,-1.0,0.0,0.8,-0.8,0.0,0.5,score
easy_new,ours_refined,0.9007633587786259,1.0648854961832062,262,2025-08-08T12:00:29,sweep_sizenew,72,0.1,10000,800,1.0,0.0,0.0,0.5,[0.5],0.5,1.0,-1.0,0.0,0.8,-0.8,0.0,0.5,score
hard_new,ours_refined,0.8623188405797102,1.1159420289855073,138,2025-08-08T12:00:29,sweep_sizenew,72,0.1,10000,800,1.0,0.0,0.0,0.5,[0.5],0.5,1.0,-1.0,0.0,0.8,-0.8,0.0,0.5,score
overall,ours_refined,0.8875,1.1075,400,2025-08-08T12:00:29,sweep_sizenew,70,0.1,10000,800,1.0,0.0,0.0,0.5,[0.5],0.5,1.0,-1.0,0.0,0.8,-0.8,0.0,0.5,score
easy_new,ours_refined,0.8850574712643678,1.0842911877394636,261,2025-08-08T12:00:29,sweep_sizenew,70,0.1,10000,800,1.0,0.0,0.0,0.5,[0.5],0.5,1.0,-1.0,0.0,0.8,-0.8,0.0,0.5,score
hard_new,ours_refined,0.8920863309352518,1.1510791366906474,139,2025-08-08T12:00:29,sweep_sizenew,70,0.1,10000,800,1.0,0.0,0.0,0.5,[0.5],0.5,1.0,-1.0,0.0,0.8,-0.8,0.0,0.5,score
overall,ours_refined,0.905,1.0865,2000,2025-08-08T12:00:29,sweep_sizenew,47,0.1,10000,4000,1.0,0.0,0.0,0.5,[0.5],0.5,1.0,-1.0,0.0,0.8,-0.8,0.0,0.5,score
easy_new,ours_refined,0.9003067484662577,1.084355828220859,1304,2025-08-08T12:00:29,sweep_sizenew,47,0.1,10000,4000,1.0,0.0,0.0,0.5,[0.5],0.5,1.0,-1.0,0.0,0.8,-0.8,0.0,0.5,score
hard_new,ours_refined,0.9137931034482759,1.0905172413793103,696,2025-08-08T12:00:29,sweep_sizenew,47,0.1,10000,4000,1.0,0.0,0.0,0.5,[0.5],0.5,1.0,-1.0,0.0,0.8,-0.8,0.0,0.5,score
overall,ours_refined,0.915,1.112,2000,2025-08-08T12:00:29,sweep_sizenew,48,0.1,10000,4000,1.0,0.0,0.0,0.5,[0.5],0.5,1.0,-1.0,0.0,0.8,-0.8,0.0,0.5,score
easy_new,ours_refined,0.9162182936202921,1.0876249039200614,1301,2025-08-08T12:00:29,sweep_sizenew,48,0.1,10000,4000,1.0,0.0,0.0,0.5,[0.5],0.5,1.0,-1.0,0.0,0.8,-0.8,0.0,0.5,score
hard_new,ours_refined,0.9127324749642346,1.1573676680972818,699,2025-08-08T12:00:29,sweep_sizenew,48,0.1,10000,4000,1.0,0.0,0.0,0.5,[0.5],0.5,1.0,-1.0,0.0,0.8,-0.8,0.0,0.5,score
overall,ours_refined,0.89,1.0748,2500,2025-08-08T12:00:29,sweep_sizenew,44,0.1,10000,5000,1.0,0.0,0.0,0.5,[0.5],0.5,1.0,-1.0,0.0,0.8,-0.8,0.0,0.5,score
easy_new,ours_refined,0.8940754039497307,1.070616397366846,1671,2025-08-08T12:00:29,sweep_sizenew,44,0.1,10000,5000,1.0,0.0,0.0,0.5,[0.5],0.5,1.0,-1.0,0.0,0.8,-0.8,0.0,0.5,score
hard_new,ours_refined,0.8817852834740652,1.083232810615199,829,2025-08-08T12:00:29,sweep_sizenew,44,0.1,10000,5000,1.0,0.0,0.0,0.5,[0.5],0.5,1.0,-1.0,0.0,0.8,-0.8,0.0,0.5,score
overall,ours_refined,0.876,1.058,2000,2025-08-08T12:00:29,sweep_sizenew,46,0.1,10000,4000,1.0,0.0,0.0,0.5,[0.5],0.5,1.0,-1.0,0.0,0.8,-0.8,0.0,0.5,score
easy_new,ours_refined,0.8803611738148984,1.0617005267118134,1329,2025-08-08T12:00:29,sweep_sizenew,46,0.1,10000,4000,1.0,0.0,0.0,0.5,[0.5],0.5,1.0,-1.0,0.0,0.8,-0.8,0.0,0.5,score
hard_new,ours_refined,0.8673621460506706,1.0506706408345752,671,2025-08-08T12:00:29,sweep_sizenew,46,0.1,10000,4000,1.0,0.0,0.0,0.5,[0.5],0.5,1.0,-1.0,0.0,0.8,-0.8,0.0,0.5,score
overall,ours_refined,0.908,1.0915,2000,2025-08-08T12:00:29,sweep_sizenew,45,0.1,10000,4000,1.0,0.0,0.0,0.5,[0.5],0.5,1.0,-1.0,0.0,0.8,-0.8,0.0,0.5,score
easy_new,ours_refined,0.9094311377245509,1.0823353293413174,1336,2025-08-08T12:00:29,sweep_sizenew,45,0.1,10000,4000,1.0,0.0,0.0,0.5,[0.5],0.5,1.0,-1.0,0.0,0.8,-0.8,0.0,0.5,score
hard_new,ours_refined,0.9051204819277109,1.1099397590361446,664,2025-08-08T12:00:29,sweep_sizenew,45,0.1,10000,4000,1.0,0.0,0.0,0.5,[0.5],0.5,1.0,-1.0,0.0,0.8,-0.8,0.0,0.5,score
overall,ours_refined,0.8875,1.0725,400,2025-08-08T12:00:29,sweep_sizenew,71,0.1,10000,800,1.0,0.0,0.0,0.5,[0.5],0.5,1.0,-1.0,0.0,0.8,-0.8,0.0,0.5,score
easy_new,ours_refined,0.9122137404580153,1.0687022900763359,262,2025-08-08T12:00:29,sweep_sizenew,71,0.1,10000,800,1.0,0.0,0.0,0.5,[0.5],0.5,1.0,-1.0,0.0,0.8,-0.8,0.0,0.5,score
hard_new,ours_refined,0.8405797101449275,1.0797101449275361,138,2025-08-08T12:00:29,sweep_sizenew,71,0.1,10000,800,1.0,0.0,0.0,0.5,[0.5],0.5,1.0,-1.0,0.0,0.8,-0.8,0.0,0.5,score
overall,ours_refined,0.87,1.14,200,2025-08-08T12:00:29,sweep_sizenew,67,0.1,10000,400,1.0,0.0,0.0,0.5,[0.5],0.5,1.0,-1.0,0.0,0.8,-0.8,0.0,0.5,score
easy_new,ours_refined,0.8796992481203008,1.0977443609022557,133,2025-08-08T12:00:29,sweep_sizenew,67,0.1,10000,400,1.0,0.0,0.0,0.5,[0.5],0.5,1.0,-1.0,0.0,0.8,-0.8,0.0,0.5,score
hard_new,ours_refined,0.8507462686567164,1.2238805970149254,67,2025-08-08T12:00:29,sweep_sizenew,67,0.1,10000,400,1.0,0.0,0.0,0.5,[0.5],0.5,1.0,-1.0,0.0,0.8,-0.8,0.0,0.5,score
overall,ours_refined,0.889,1.065,1000,2025-08-08T12:00:30,sweep_sizenew,53,0.1,10000,2000,1.0,0.0,0.0,0.5,[0.5],0.5,1.0,-1.0,0.0,0.8,-0.8,0.0,0.5,score
easy_new,ours_refined,0.8941877794336811,1.0581222056631894,671,2025-08-08T12:00:30,sweep_sizenew,53,0.1,10000,2000,1.0,0.0,0.0,0.5,[0.5],0.5,1.0,-1.0,0.0,0.8,-0.8,0.0,0.5,score
hard_new,ours_refined,0.878419452887538,1.0790273556231003,329,2025-08-08T12:00:30,sweep_sizenew,53,0.1,10000,2000,1.0,0.0,0.0,0.5,[0.5],0.5,1.0,-1.0,0.0,0.8,-0.8,0.0,0.5,score
overall,ours_refined,0.885,1.05,200,2025-08-08T12:00:30,sweep_sizenew,68,0.1,10000,400,1.0,0.0,0.0,0.5,[0.5],0.5,1.0,-1.0,0.0,0.8,-0.8,0.0,0.5,score
easy_new,ours_refined,0.9015151515151515,1.0454545454545454,132,2025-08-08T12:00:30,sweep_sizenew,68,0.1,10000,400,1.0,0.0,0.0,0.5,[0.5],0.5,1.0,-1.0,0.0,0.8,-0.8,0.0,0.5,score
hard_new,ours_refined,0.8529411764705882,1.0588235294117647,68,2025-08-08T12:00:30,sweep_sizenew,68,0.1,10000,400,1.0,0.0,0.0,0.5,[0.5],0.5,1.0,-1.0,0.0,0.8,-0.8,0.0,0.5,score
overall,ours_refined,0.9075,1.03,400,2025-08-08T12:00:30,sweep_sizenew,74,0.1,10000,800,1.0,0.0,0.0,0.5,[0.5],0.5,1.0,-1.0,0.0,0.8,-0.8,0.0,0.5,score
easy_new,ours_refined,0.9037037037037037,1.0222222222222221,270,2025-08-08T12:00:30,sweep_sizenew,74,0.1,10000,800,1.0,0.0,0.0,0.5,[0.5],0.5,1.0,-1.0,0.0,0.8,-0.8,0.0,0.5,score
hard_new,ours_refined,0.9153846153846154,1.0461538461538462,130,2025-08-08T12:00:30,sweep_sizenew,74,0.1,10000,800,1.0,0.0,0.0,0.5,[0.5],0.5,1.0,-1.0,0.0,0.8,-0.8,0.0,0.5,score
overall,ours_refined,0.885,1.0575,400,2025-08-08T12:00:30,sweep_sizenew,73,0.1,10000,800,1.0,0.0,0.0,0.5,[0.5],0.5,1.0,-1.0,0.0,0.8,-0.8,0.0,0.5,score
easy_new,ours_refined,0.8843283582089553,1.0485074626865671,268,2025-08-08T12:00:30,sweep_sizenew,73,0.1,10000,800,1.0,0.0,0.0,0.5,[0.5],0.5,1.0,-1.0,0.0,0.8,-0.8,0.0,0.5,score
hard_new,ours_refined,0.8863636363636364,1.0757575757575757,132,2025-08-08T12:00:30,sweep_sizenew,73,0.1,10000,800,1.0,0.0,0.0,0.5,[0.5],0.5,1.0,-1.0,0.0,0.8,-0.8,0.0,0.5,score
overall,ours_refined,0.915,1.14,200,2025-08-08T12:00:30,sweep_sizenew,66,0.1,10000,400,1.0,0.0,0.0,0.5,[0.5],0.5,1.0,-1.0,0.0,0.8,-0.8,0.0,0.5,score
easy_new,ours_refined,0.9354838709677419,1.1129032258064515,124,2025-08-08T12:00:30,sweep_sizenew,66,0.1,10000,400,1.0,0.0,0.0,0.5,[0.5],0.5,1.0,-1.0,0.0,0.8,-0.8,0.0,0.5,score
hard_new,ours_refined,0.881578947368421,1.1842105263157894,76,2025-08-08T12:00:30,sweep_sizenew,66,0.1,10000,400,1.0,0.0,0.0,0.5,[0.5],0.5,1.0,-1.0,0.0,0.8,-0.8,0.0,0.5,score
overall,ours_refined,0.9,1.112,1000,2025-08-08T12:00:30,sweep_sizenew,80,0.1,10000,2000,1.0,0.0,0.0,0.5,[0.5],0.5,1.0,-1.0,0.0,0.8,-0.8,0.0,0.5,score
easy_new,ours_refined,0.8926974664679582,1.105812220566319,671,2025-08-08T12:00:30,sweep_sizenew,80,0.1,10000,2000,1.0,0.0,0.0,0.5,[0.5],0.5,1.0,-1.0,0.0,0.8,-0.8,0.0,0.5,score
hard_new,ours_refined,0.9148936170212766,1.1246200607902737,329,2025-08-08T12:00:30,sweep_sizenew,80,0.1,10000,2000,1.0,0.0,0.0,0.5,[0.5],0.5,1.0,-1.0,0.0,0.8,-0.8,0.0,0.5,score
overall,ours_refined,0.845,1.015,200,2025-08-08T12:00:30,sweep_sizenew,65,0.1,10000,400,1.0,0.0,0.0,0.5,[0.5],0.5,1.0,-1.0,0.0,0.8,-0.8,0.0,0.5,score
easy_new,ours_refined,0.855072463768116,1.0144927536231885,138,2025-08-08T12:00:30,sweep_sizenew,65,0.1,10000,400,1.0,0.0,0.0,0.5,[0.5],0.5,1.0,-1.0,0.0,0.8,-0.8,0.0,0.5,score
hard_new,ours_refined,0.8225806451612904,1.0161290322580645,62,2025-08-08T12:00:30,sweep_sizenew,65,0.1,10000,400,1.0,0.0,0.0,0.5,[0.5],0.5,1.0,-1.0,0.0,0.8,-0.8,0.0,0.5,score
overall,ours_refined,0.909,1.102,1000,2025-08-08T12:00:30,sweep_sizenew,79,0.1,10000,2000,1.0,0.0,0.0,0.5,[0.5],0.5,1.0,-1.0,0.0,0.8,-0.8,0.0,0.5,score
easy_new,ours_refined,0.9186046511627907,1.0872093023255813,688,2025-08-08T12:00:30,sweep_sizenew,79,0.1,10000,2000,1.0,0.0,0.0,0.5,[0.5],0.5,1.0,-1.0,0.0,0.8,-0.8,0.0,0.5,score
hard_new,ours_refined,0.8878205128205128,1.1346153846153846,312,2025-08-08T12:00:30,sweep_sizenew,79,0.1,10000,2000,1.0,0.0,0.0,0.5,[0.5],0.5,1.0,-1.0,0.0,0.8,-0.8,0.0,0.5,score
overall,ours_refined,0.91,1.072,1500,2025-08-08T12:00:30,sweep_sizenew,26,0.1,10000,3000,1.0,0.0,0.0,0.5,[0.5],0.5,1.0,-1.0,0.0,0.8,-0.8,0.0,0.5,score
easy_new,ours_refined,0.904320987654321,1.0751028806584362,972,2025-08-08T12:00:30,sweep_sizenew,26,0.1,10000,3000,1.0,0.0,0.0,0.5,[0.5],0.5,1.0,-1.0,0.0,0.8,-0.8,0.0,0.5,score
hard_new,ours_refined,0.9204545454545454,1.066287878787879,528,2025-08-08T12:00:30,sweep_sizenew,26,0.1,10000,3000,1.0,0.0,0.0,0.5,[0.5],0.5,1.0,-1.0,0.0,0.8,-0.8,0.0,0.5,score
overall,ours_refined,0.9226666666666666,1.1473333333333333,1500,2025-08-08T12:00:30,sweep_sizenew,42,0.1,10000,3000,1.0,0.0,0.0,0.5,[0.5],0.5,1.0,-1.0,0.0,0.8,-0.8,0.0,0.5,score
easy_new,ours_refined,0.9181459566074951,1.131163708086785,1014,2025-08-08T12:00:30,sweep_sizenew,42,0.1,10000,3000,1.0,0.0,0.0,0.5,[0.5],0.5,1.0,-1.0,0.0,0.8,-0.8,0.0,0.5,score
hard_new,ours_refined,0.9320987654320988,1.1810699588477367,486,2025-08-08T12:00:30,sweep_sizenew,42,0.1,10000,3000,1.0,0.0,0.0,0.5,[0.5],0.5,1.0,-1.0,0.0,0.8,-0.8,0.0,0.5,score
overall,ours_refined,0.9,1.0874,5000,2025-08-08T12:00:30,sweep_sizenew,35,0.1,10000,10000,1.0,0.0,0.0,0.5,[0.5],0.5,1.0,-1.0,0.0,0.8,-0.8,0.0,0.5,score
easy_new,ours_refined,0.8991596638655462,1.0696278511404562,3332,2025-08-08T12:00:30,sweep_sizenew,35,0.1,10000,10000,1.0,0.0,0.0,0.5,[0.5],0.5,1.0,-1.0,0.0,0.8,-0.8,0.0,0.5,score
hard_new,ours_refined,0.9016786570743405,1.1229016786570742,1668,2025-08-08T12:00:30,sweep_sizenew,35,0.1,10000,10000,1.0,0.0,0.0,0.5,[0.5],0.5,1.0,-1.0,0.0,0.8,-0.8,0.0,0.5,score
overall,ours_refined,0.909,1.0903333333333334,3000,2025-08-08T12:00:30,sweep_sizenew,33,0.1,10000,6000,1.0,0.0,0.0,0.5,[0.5],0.5,1.0,-1.0,0.0,0.8,-0.8,0.0,0.5,score
easy_new,ours_refined,0.9175308641975308,1.0765432098765433,2025,2025-08-08T12:00:30,sweep_sizenew,33,0.1,10000,6000,1.0,0.0,0.0,0.5,[0.5],0.5,1.0,-1.0,0.0,0.8,-0.8,0.0,0.5,score
hard_new,ours_refined,0.8912820512820513,1.118974358974359,975,2025-08-08T12:00:30,sweep_sizenew,33,0.1,10000,6000,1.0,0.0,0.0,0.5,[0.5],0.5,1.0,-1.0,0.0,0.8,-0.8,0.0,0.5,score
overall,ours_refined,0.92,1.1146666666666667,1500,2025-08-08T12:00:30,sweep_sizenew,52,0.1,10000,3000,1.0,0.0,0.0,0.5,[0.5],0.5,1.0,-1.0,0.0,0.8,-0.8,0.0,0.5,score
easy_new,ours_refined,0.9301130524152107,1.104830421377184,973,2025-08-08T12:00:30,sweep_sizenew,52,0.1,10000,3000,1.0,0.0,0.0,0.5,[0.5],0.5,1.0,-1.0,0.0,0.8,-0.8,0.0,0.5,score
hard_new,ours_refined,0.9013282732447818,1.1328273244781784,527,2025-08-08T12:00:30,sweep_sizenew,52,0.1,10000,3000,1.0,0.0,0.0,0.5,[0.5],0.5,1.0,-1.0,0.0,0.8,-0.8,0.0,0.5,score
overall,ours_refined,0.8906,1.0738,5000,2025-08-08T12:00:30,sweep_sizenew,34,0.1,10000,10000,1.0,0.0,0.0,0.5,[0.5],0.5,1.0,-1.0,0.0,0.8,-0.8,0.0,0.5,score
easy_new,ours_refined,0.8953662182361734,1.070254110612855,3345,2025-08-08T12:00:30,sweep_sizenew,34,0.1,10000,10000,1.0,0.0,0.0,0.5,[0.5],0.5,1.0,-1.0,0.0,0.8,-0.8,0.0,0.5,score
hard_new,ours_refined,0.8809667673716012,1.0809667673716012,1655,2025-08-08T12:00:30,sweep_sizenew,34,0.1,10000,10000,1.0,0.0,0.0,0.5,[0.5],0.5,1.0,-1.0,0.0,0.8,-0.8,0.0,0.5,score
overall,ours_refined,0.925,1.138,1000,2025-08-08T12:00:30,sweep_sizenew,78,0.1,10000,2000,1.0,0.0,0.0,0.5,[0.5],0.5,1.0,-1.0,0.0,0.8,-0.8,0.0,0.5,score
easy_new,ours_refined,0.9235294117647059,1.1279411764705882,680,2025-08-08T12:00:30,sweep_sizenew,78,0.1,10000,2000,1.0,0.0,0.0,0.5,[0.5],0.5,1.0,-1.0,0.0,0.8,-0.8,0.0,0.5,score
hard_new,ours_refined,0.928125,1.159375,320,2025-08-08T12:00:30,sweep_sizenew,78,0.1,10000,2000,1.0,0.0,0.0,0.5,[0.5],0.5,1.0,-1.0,0.0,0.8,-0.8,0.0,0.5,score
overall,ours_refined,0.895,1.088,1000,2025-08-08T12:00:30,sweep_sizenew,81,0.1,10000,2000,1.0,0.0,0.0,0.5,[0.5],0.5,1.0,-1.0,0.0,0.8,-0.8,0.0,0.5,score
easy_new,ours_refined,0.9051204819277109,1.0737951807228916,664,2025-08-08T12:00:30,sweep_sizenew,81,0.1,10000,2000,1.0,0.0,0.0,0.5,[0.5],0.5,1.0,-1.0,0.0,0.8,-0.8,0.0,0.5,score
hard_new,ours_refined,0.875,1.1160714285714286,336,2025-08-08T12:00:30,sweep_sizenew,81,0.1,10000,2000,1.0,0.0,0.0,0.5,[0.5],0.5,1.0,-1.0,0.0,0.8,-0.8,0.0,0.5,score
overall,ours_refined,0.9034,1.1002,5000,2025-08-08T12:00:30,sweep_sizenew,25,0.1,10000,10000,1.0,0.0,0.0,0.5,[0.5],0.5,1.0,-1.0,0.0,0.8,-0.8,0.0,0.5,score
easy_new,ours_refined,0.9080805046560528,1.0868128567137278,3329,2025-08-08T12:00:30,sweep_sizenew,25,0.1,10000,10000,1.0,0.0,0.0,0.5,[0.5],0.5,1.0,-1.0,0.0,0.8,-0.8,0.0,0.5,score
hard_new,ours_refined,0.8940754039497307,1.1268701376421304,1671,2025-08-08T12:00:30,sweep_sizenew,25,0.1,10000,10000,1.0,0.0,0.0,0.5,[0.5],0.5,1.0,-1.0,0.0,0.8,-0.8,0.0,0.5,score
overall,ours_refined,0.907,1.087,1000,2025-08-08T12:00:30,sweep_sizenew,82,0.1,10000,2000,1.0,0.0,0.0,0.5,[0.5],0.5,1.0,-1.0,0.0,0.8,-0.8,0.0,0.5,score
easy_new,ours_refined,0.9141566265060241,1.0737951807228916,664,2025-08-08T12:00:30,sweep_sizenew,82,0.1,10000,2000,1.0,0.0,0.0,0.5,[0.5],0.5,1.0,-1.0,0.0,0.8,-0.8,0.0,0.5,score
hard_new,ours_refined,0.8928571428571429,1.1130952380952381,336,2025-08-08T12:00:30,sweep_sizenew,82,0.1,10000,2000,1.0,0.0,0.0,0.5,[0.5],0.5,1.0,-1.0,0.0,0.8,-0.8,0.0,0.5,score
overall,ours_refined,0.884,1.039,1000,2025-08-08T12:00:30,sweep_sizenew,83,0.1,10000,2000,1.0,0.0,0.0,0.5,[0.5],0.5,1.0,-1.0,0.0,0.8,-0.8,0.0,0.5,score
easy_new,ours_refined,0.8821705426356589,1.0372093023255815,645,2025-08-08T12:00:30,sweep_sizenew,83,0.1,10000,2000,1.0,0.0,0.0,0.5,[0.5],0.5,1.0,-1.0,0.0,0.8,-0.8,0.0,0.5,score
hard_new,ours_refined,0.8873239436619719,1.0422535211267605,355,2025-08-08T12:00:30,sweep_sizenew,83,0.1,10000,2000,1.0,0.0,0.0,0.5,[0.5],0.5,1.0,-1.0,0.0,0.8,-0.8,0.0,0.5,score
overall,ours_refined,0.9002,1.087,5000,2025-08-08T12:00:31,sweep_sizenew,31,0.1,10000,10000,1.0,0.0,0.0,0.5,[0.5],0.5,1.0,-1.0,0.0,0.8,-0.8,0.0,0.5,score
easy_new,ours_refined,0.9070191431175935,1.078699483439684,3291,2025-08-08T12:00:31,sweep_sizenew,31,0.1,10000,10000,1.0,0.0,0.0,0.5,[0.5],0.5,1.0,-1.0,0.0,0.8,-0.8,0.0,0.5,score
hard_new,ours_refined,0.8870684610883558,1.1029842012873026,1709,2025-08-08T12:00:31,sweep_sizenew,31,0.1,10000,10000,1.0,0.0,0.0,0.5,[0.5],0.5,1.0,-1.0,0.0,0.8,-0.8,0.0,0.5,score
overall,ours_refined,0.899,1.082,5000,2025-08-08T12:00:31,sweep_sizenew,28,0.1,10000,10000,1.0,0.0,0.0,0.5,[0.5],0.5,1.0,-1.0,0.0,0.8,-0.8,0.0,0.5,score
easy_new,ours_refined,0.8963746223564955,1.0700906344410877,3310,2025-08-08T12:00:31,sweep_sizenew,28,0.1,10000,10000,1.0,0.0,0.0,0.5,[0.5],0.5,1.0,-1.0,0.0,0.8,-0.8,0.0,0.5,score
hard_new,ours_refined,0.9041420118343195,1.1053254437869822,1690,2025-08-08T12:00:31,sweep_sizenew,28,0.1,10000,10000,1.0,0.0,0.0,0.5,[0.5],0.5,1.0,-1.0,0.0,0.8,-0.8,0.0,0.5,score
overall,ours_refined,0.8938,1.0772,5000,2025-08-08T12:00:31,sweep_sizenew,23,0.1,10000,10000,1.0,0.0,0.0,0.5,[0.5],0.5,1.0,-1.0,0.0,0.8,-0.8,0.0,0.5,score
easy_new,ours_refined,0.8955133995784402,1.0683529057512797,3321,2025-08-08T12:00:31,sweep_sizenew,23,0.1,10000,10000,1.0,0.0,0.0,0.5,[0.5],0.5,1.0,-1.0,0.0,0.8,-0.8,0.0,0.5,score
hard_new,ours_refined,0.8904109589041096,1.0946992257296009,1679,2025-08-08T12:00:31,sweep_sizenew,23,0.1,10000,10000,1.0,0.0,0.0,0.5,[0.5],0.5,1.0,-1.0,0.0,0.8,-0.8,0.0,0.5,score
overall,ours_refined,0.8966,1.075,5000,2025-08-08T12:00:33,sweep_sizenew,32,0.1,10000,10000,1.0,0.0,0.0,0.5,[0.5],0.5,1.0,-1.0,0.0,0.8,-0.8,0.0,0.5,score
easy_new,ours_refined,0.8943511450381679,1.0668702290076335,3275,2025-08-08T12:00:33,sweep_sizenew,32,0.1,10000,10000,1.0,0.0,0.0,0.5,[0.5],0.5,1.0,-1.0,0.0,0.8,-0.8,0.0,0.5,score
hard_new,ours_refined,0.9008695652173913,1.0904347826086958,1725,2025-08-08T12:00:33,sweep_sizenew,32,0.1,10000,10000,1.0,0.0,0.0,0.5,[0.5],0.5,1.0,-1.0,0.0,0.8,-0.8,0.0,0.5,score
overall,ours_refined,0.888,1.058,500,2025-08-08T12:00:33,sweep_sizenew,91,0.1,10000,1000,1.0,0.0,0.0,0.5,[0.5],0.5,1.0,-1.0,0.0,0.8,-0.8,0.0,0.5,score
easy_new,ours_refined,0.8939393939393939,1.0484848484848486,330,2025-08-08T12:00:33,sweep_sizenew,91,0.1,10000,1000,1.0,0.0,0.0,0.5,[0.5],0.5,1.0,-1.0,0.0,0.8,-0.8,0.0,0.5,score
hard_new,ours_refined,0.8764705882352941,1.076470588235294,170,2025-08-08T12:00:33,sweep_sizenew,91,0.1,10000,1000,1.0,0.0,0.0,0.5,[0.5],0.5,1.0,-1.0,0.0,0.8,-0.8,0.0,0.5,score
overall,ours_refined,0.878,1.03,500,2025-08-08T12:00:33,sweep_sizenew,93,0.1,10000,1000,1.0,0.0,0.0,0.5,[0.5],0.5,1.0,-1.0,0.0,0.8,-0.8,0.0,0.5,score
easy_new,ours_refined,0.8576158940397351,1.0231788079470199,302,2025-08-08T12:00:33,sweep_sizenew,93,0.1,10000,1000,1.0,0.0,0.0,0.5,[0.5],0.5,1.0,-1.0,0.0,0.8,-0.8,0.0,0.5,score
hard_new,ours_refined,0.9090909090909091,1.0404040404040404,198,2025-08-08T12:00:33,sweep_sizenew,93,0.1,10000,1000,1.0,0.0,0.0,0.5,[0.5],0.5,1.0,-1.0,0.0,0.8,-0.8,0.0,0.5,score
overall,ours_refined,0.856,1.034,500,2025-08-08T12:00:33,sweep_sizenew,95,0.1,10000,1000,1.0,0.0,0.0,0.5,[0.5],0.5,1.0,-1.0,0.0,0.8,-0.8,0.0,0.5,score
easy_new,ours_refined,0.8636363636363636,1.0333333333333334,330,2025-08-08T12:00:33,sweep_sizenew,95,0.1,10000,1000,1.0,0.0,0.0,0.5,[0.5],0.5,1.0,-1.0,0.0,0.8,-0.8,0.0,0.5,score
hard_new,ours_refined,0.8411764705882353,1.035294117647059,170,2025-08-08T12:00:33,sweep_sizenew,95,0.1,10000,1000,1.0,0.0,0.0,0.5,[0.5],0.5,1.0,-1.0,0.0,0.8,-0.8,0.0,0.5,score
overall,ours_refined,0.914,1.108,500,2025-08-08T12:00:33,sweep_sizenew,84,0.1,10000,1000,1.0,0.0,0.0,0.5,[0.5],0.5,1.0,-1.0,0.0,0.8,-0.8,0.0,0.5,score
easy_new,ours_refined,0.9147058823529411,1.0970588235294119,340,2025-08-08T12:00:33,sweep_sizenew,84,0.1,10000,1000,1.0,0.0,0.0,0.5,[0.5],0.5,1.0,-1.0,0.0,0.8,-0.8,0.0,0.5,score
hard_new,ours_refined,0.9125,1.13125,160,2025-08-08T12:00:33,sweep_sizenew,84,0.1,10000,1000,1.0,0.0,0.0,0.5,[0.5],0.5,1.0,-1.0,0.0,0.8,-0.8,0.0,0.5,score
overall,ours_refined,0.874,1.048,500,2025-08-08T12:00:33,sweep_sizenew,88,0.1,10000,1000,1.0,0.0,0.0,0.5,[0.5],0.5,1.0,-1.0,0.0,0.8,-0.8,0.0,0.5,score
easy_new,ours_refined,0.8622754491017964,1.0538922155688624,334,2025-08-08T12:00:33,sweep_sizenew,88,0.1,10000,1000,1.0,0.0,0.0,0.5,[0.5],0.5,1.0,-1.0,0.0,0.8,-0.8,0.0,0.5,score
hard_new,ours_refined,0.8975903614457831,1.036144578313253,166,2025-08-08T12:00:33,sweep_sizenew,88,0.1,10000,1000,1.0,0.0,0.0,0.5,[0.5],0.5,1.0,-1.0,0.0,0.8,-0.8,0.0,0.5,score
overall,ours_refined,0.898,1.132,500,2025-08-08T12:00:33,sweep_sizenew,89,0.1,10000,1000,1.0,0.0,0.0,0.5,[0.5],0.5,1.0,-1.0,0.0,0.8,-0.8,0.0,0.5,score
easy_new,ours_refined,0.9090909090909091,1.0909090909090908,319,2025-08-08T12:00:33,sweep_sizenew,89,0.1,10000,1000,1.0,0.0,0.0,0.5,[0.5],0.5,1.0,-1.0,0.0,0.8,-0.8,0.0,0.5,score
hard_new,ours_refined,0.8784530386740331,1.2044198895027625,181,2025-08-08T12:00:33,sweep_sizenew,89,0.1,10000,1000,1.0,0.0,0.0,0.5,[0.5],0.5,1.0,-1.0,0.0,0.8,-0.8,0.0,0.5,score
overall,ours_refined,0.918,1.094,500,2025-08-08T12:00:33,sweep_sizenew,94,0.1,10000,1000,1.0,0.0,0.0,0.5,[0.5],0.5,1.0,-1.0,0.0,0.8,-0.8,0.0,0.5,score
easy_new,ours_refined,0.9363636363636364,1.0727272727272728,330,2025-08-08T12:00:33,sweep_sizenew,94,0.1,10000,1000,1.0,0.0,0.0,0.5,[0.5],0.5,1.0,-1.0,0.0,0.8,-0.8,0.0,0.5,score
hard_new,ours_refined,0.8823529411764706,1.1352941176470588,170,2025-08-08T12:00:33,sweep_sizenew,94,0.1,10000,1000,1.0,0.0,0.0,0.5,[0.5],0.5,1.0,-1.0,0.0,0.8,-0.8,0.0,0.5,score
overall,ours_refined,0.91,1.118,500,2025-08-08T12:00:33,sweep_sizenew,96,0.1,10000,1000,1.0,0.0,0.0,0.5,[0.5],0.5,1.0,-1.0,0.0,0.8,-0.8,0.0,0.5,score
easy_new,ours_refined,0.9210526315789473,1.1169590643274854,342,2025-08-08T12:00:33,sweep_sizenew,96,0.1,10000,1000,1.0,0.0,0.0,0.5,[0.5],0.5,1.0,-1.0,0.0,0.8,-0.8,0.0,0.5,score
hard_new,ours_refined,0.8860759493670886,1.120253164556962,158,2025-08-08T12:00:33,sweep_sizenew,96,0.1,10000,1000,1.0,0.0,0.0,0.5,[0.5],0.5,1.0,-1.0,0.0,0.8,-0.8,0.0,0.5,score
overall,ours_refined,0.898,1.112,500,2025-08-08T12:00:33,sweep_sizenew,92,0.1,10000,1000,1.0,0.0,0.0,0.5,[0.5],0.5,1.0,-1.0,0.0,0.8,-0.8,0.0,0.5,score
easy_new,ours_refined,0.9047619047619048,1.092063492063492,315,2025-08-08T12:00:33,sweep_sizenew,92,0.1,10000,1000,1.0,0.0,0.0,0.5,[0.5],0.5,1.0,-1.0,0.0,0.8,-0.8,0.0,0.5,score
hard_new,ours_refined,0.8864864864864865,1.145945945945946,185,2025-08-08T12:00:33,sweep_sizenew,92,0.1,10000,1000,1.0,0.0,0.0,0.5,[0.5],0.5,1.0,-1.0,0.0,0.8,-0.8,0.0,0.5,score
overall,ours_refined,0.89,1.074,500,2025-08-08T12:00:33,sweep_sizenew,87,0.1,10000,1000,1.0,0.0,0.0,0.5,[0.5],0.5,1.0,-1.0,0.0,0.8,-0.8,0.0,0.5,score
easy_new,ours_refined,0.8882175226586103,1.0604229607250755,331,2025-08-08T12:00:33,sweep_sizenew,87,0.1,10000,1000,1.0,0.0,0.0,0.5,[0.5],0.5,1.0,-1.0,0.0,0.8,-0.8,0.0,0.5,score
hard_new,ours_refined,0.893491124260355,1.1005917159763314,169,2025-08-08T12:00:33,sweep_sizenew,87,0.1,10000,1000,1.0,0.0,0.0,0.5,[0.5],0.5,1.0,-1.0,0.0,0.8,-0.8,0.0,0.5,score
overall,ours_refined,0.892,1.048,500,2025-08-08T12:00:33,sweep_sizenew,90,0.1,10000,1000,1.0,0.0,0.0,0.5,[0.5],0.5,1.0,-1.0,0.0,0.8,-0.8,0.0,0.5,score
easy_new,ours_refined,0.8914956011730205,1.0439882697947214,341,2025-08-08T12:00:33,sweep_sizenew,90,0.1,10000,1000,1.0,0.0,0.0,0.5,[0.5],0.5,1.0,-1.0,0.0,0.8,-0.8,0.0,0.5,score
hard_new,ours_refined,0.8930817610062893,1.0566037735849056,159,2025-08-08T12:00:33,sweep_sizenew,90,0.1,10000,1000,1.0,0.0,0.0,0.5,[0.5],0.5,1.0,-1.0,0.0,0.8,-0.8,0.0,0.5,score
overall,ours_refined,0.914,1.102,500,2025-08-08T12:00:33,sweep_sizenew,58,0.1,10000,1000,1.0,0.0,0.0,0.5,[0.5],0.5,1.0,-1.0,0.0,0.8,-0.8,0.0,0.5,score
easy_new,ours_refined,0.9122807017543859,1.0818713450292399,342,2025-08-08T12:00:33,sweep_sizenew,58,0.1,10000,1000,1.0,0.0,0.0,0.5,[0.5],0.5,1.0,-1.0,0.0,0.8,-0.8,0.0,0.5,score
hard_new,ours_refined,0.9177215189873418,1.1455696202531647,158,2025-08-08T12:00:33,sweep_sizenew,58,0.1,10000,1000,1.0,0.0,0.0,0.5,[0.5],0.5,1.0,-1.0,0.0,0.8,-0.8,0.0,0.5,score
overall,ours_refined,0.91,1.098,500,2025-08-08T12:00:33,sweep_sizenew,85,0.1,10000,1000,1.0,0.0,0.0,0.5,[0.5],0.5,1.0,-1.0,0.0,0.8,-0.8,0.0,0.5,score
easy_new,ours_refined,0.9205882352941176,1.0794117647058823,340,2025-08-08T12:00:33,sweep_sizenew,85,0.1,10000,1000,1.0,0.0,0.0,0.5,[0.5],0.5,1.0,-1.0,0.0,0.8,-0.8,0.0,0.5,score
hard_new,ours_refined,0.8875,1.1375,160,2025-08-08T12:00:33,sweep_sizenew,85,0.1,10000,1000,1.0,0.0,0.0,0.5,[0.5],0.5,1.0,-1.0,0.0,0.8,-0.8,0.0,0.5,score
overall,ours_refined,0.902,1.076,500,2025-08-08T12:00:33,sweep_sizenew,86,0.1,10000,1000,1.0,0.0,0.0,0.5,[0.5],0.5,1.0,-1.0,0.0,0.8,-0.8,0.0,0.5,score
easy_new,ours_refined,0.903125,1.0625,320,2025-08-08T12:00:33,sweep_sizenew,86,0.1,10000,1000,1.0,0.0,0.0,0.5,[0.5],0.5,1.0,-1.0,0.0,0.8,-0.8,0.0,0.5,score
hard_new,ours_refined,0.9,1.1,180,2025-08-08T12:00:33,sweep_sizenew,86,0.1,10000,1000,1.0,0.0,0.0,0.5,[0.5],0.5,1.0,-1.0,0.0,0.8,-0.8,0.0,0.5,score
overall,ours_refined,0.905,1.085,400,2025-08-08T12:00:33,sweep_sizenew,77,0.1,10000,800,1.0,0.0,0.0,0.5,[0.5],0.5,1.0,-1.0,0.0,0.8,-0.8,0.0,0.5,score
easy_new,ours_refined,0.9033457249070632,1.0557620817843867,269,2025-08-08T12:00:33,sweep_sizenew,77,0.1,10000,800,1.0,0.0,0.0,0.5,[0.5],0.5,1.0,-1.0,0.0,0.8,-0.8,0.0,0.5,score
hard_new,ours_refined,0.9083969465648855,1.1450381679389312,131,2025-08-08T12:00:33,sweep_sizenew,77,0.1,10000,800,1.0,0.0,0.0,0.5,[0.5],0.5,1.0,-1.0,0.0,0.8,-0.8,0.0,0.5,score
overall,ours_refined,0.74,0.94,50,2025-08-08T12:00:33,sweep_sizenew,98,0.1,10000,100,1.0,0.0,0.0,0.5,[0.5],0.5,1.0,-1.0,0.0,0.8,-0.8,0.0,0.5,score
easy_new,ours_refined,0.8,0.9666666666666667,30,2025-08-08T12:00:33,sweep_sizenew,98,0.1,10000,100,1.0,0.0,0.0,0.5,[0.5],0.5,1.0,-1.0,0.0,0.8,-0.8,0.0,0.5,score
hard_new,ours_refined,0.65,0.9,20,2025-08-08T12:00:33,sweep_sizenew,98,0.1,10000,100,1.0,0.0,0.0,0.5,[0.5],0.5,1.0,-1.0,0.0,0.8,-0.8,0.0,0.5,score
overall,ours_refined,0.86,1.02,50,2025-08-08T12:00:33,sweep_sizenew,100,0.1,10000,100,1.0,0.0,0.0,0.5,[0.5],0.5,1.0,-1.0,0.0,0.8,-0.8,0.0,0.5,score
easy_new,ours_refined,0.8181818181818182,1.0,33,2025-08-08T12:00:33,sweep_sizenew,100,0.1,10000,100,1.0,0.0,0.0,0.5,[0.5],0.5,1.0,-1.0,0.0,0.8,-0.8,0.0,0.5,score
hard_new,ours_refined,0.9411764705882353,1.0588235294117647,17,2025-08-08T12:00:33,sweep_sizenew,100,0.1,10000,100,1.0,0.0,0.0,0.5,[0.5],0.5,1.0,-1.0,0.0,0.8,-0.8,0.0,0.5,score
overall,ours_refined,0.96,1.12,50,2025-08-08T12:00:33,sweep_sizenew,99,0.1,10000,100,1.0,0.0,0.0,0.5,[0.5],0.5,1.0,-1.0,0.0,0.8,-0.8,0.0,0.5,score
easy_new,ours_refined,0.9375,1.03125,32,2025-08-08T12:00:33,sweep_sizenew,99,0.1,10000,100,1.0,0.0,0.0,0.5,[0.5],0.5,1.0,-1.0,0.0,0.8,-0.8,0.0,0.5,score
hard_new,ours_refined,1.0,1.2777777777777777,18,2025-08-08T12:00:33,sweep_sizenew,99,0.1,10000,100,1.0,0.0,0.0,0.5,[0.5],0.5,1.0,-1.0,0.0,0.8,-0.8,0.0,0.5,score
overall,ours_refined,0.89,1.075,400,2025-08-08T12:00:33,sweep_sizenew,76,0.1,10000,800,1.0,0.0,0.0,0.5,[0.5],0.5,1.0,-1.0,0.0,0.8,-0.8,0.0,0.5,score
easy_new,ours_refined,0.8849206349206349,1.0674603174603174,252,2025-08-08T12:00:33,sweep_sizenew,76,0.1,10000,800,1.0,0.0,0.0,0.5,[0.5],0.5,1.0,-1.0,0.0,0.8,-0.8,0.0,0.5,score
hard_new,ours_refined,0.8986486486486487,1.087837837837838,148,2025-08-08T12:00:33,sweep_sizenew,76,0.1,10000,800,1.0,0.0,0.0,0.5,[0.5],0.5,1.0,-1.0,0.0,0.8,-0.8,0.0,0.5,score
overall,ours_refined,0.89775,1.0735,4000,2025-08-08T12:00:33,sweep_sizenew,38,0.1,10000,8000,1.0,0.0,0.0,0.5,[0.5],0.5,1.0,-1.0,0.0,0.8,-0.8,0.0,0.5,score
easy_new,ours_refined,0.8992481203007519,1.0714285714285714,2660,2025-08-08T12:00:33,sweep_sizenew,38,0.1,10000,8000,1.0,0.0,0.0,0.5,[0.5],0.5,1.0,-1.0,0.0,0.8,-0.8,0.0,0.5,score
hard_new,ours_refined,0.8947761194029851,1.0776119402985074,1340,2025-08-08T12:00:33,sweep_sizenew,38,0.1,10000,8000,1.0,0.0,0.0,0.5,[0.5],0.5,1.0,-1.0,0.0,0.8,-0.8,0.0,0.5,score
overall,ours_refined,0.91,1.215,400,2025-08-08T12:00:34,sweep_sizenew,59,0.1,10000,800,1.0,0.0,0.0,0.5,[0.5],0.5,1.0,-1.0,0.0,0.8,-0.8,0.0,0.5,score
easy_new,ours_refined,0.9141630901287554,1.167381974248927,233,2025-08-08T12:00:34,sweep_sizenew,59,0.1,10000,800,1.0,0.0,0.0,0.5,[0.5],0.5,1.0,-1.0,0.0,0.8,-0.8,0.0,0.5,score
hard_new,ours_refined,0.9041916167664671,1.281437125748503,167,2025-08-08T12:00:34,sweep_sizenew,59,0.1,10000,800,1.0,0.0,0.0,0.5,[0.5],0.5,1.0,-1.0,0.0,0.8,-0.8,0.0,0.5,score
overall,ours_refined,0.90025,1.08175,4000,2025-08-08T12:00:34,sweep_sizenew,36,0.1,10000,8000,1.0,0.0,0.0,0.5,[0.5],0.5,1.0,-1.0,0.0,0.8,-0.8,0.0,0.5,score
easy_new,ours_refined,0.9040886511272449,1.0726022162781812,2617,2025-08-08T12:00:34,sweep_sizenew,36,0.1,10000,8000,1.0,0.0,0.0,0.5,[0.5],0.5,1.0,-1.0,0.0,0.8,-0.8,0.0,0.5,score
hard_new,ours_refined,0.8929862617498192,1.099060014461316,1383,2025-08-08T12:00:34,sweep_sizenew,36,0.1,10000,8000,1.0,0.0,0.0,0.5,[0.5],0.5,1.0,-1.0,0.0,0.8,-0.8,0.0,0.5,score
overall,ours_refined,0.897,1.099,4000,2025-08-08T12:00:34,sweep_sizenew,37,0.1,10000,8000,1.0,0.0,0.0,0.5,[0.5],0.5,1.0,-1.0,0.0,0.8,-0.8,0.0,0.5,score
easy_new,ours_refined,0.8984695782008212,1.0884658454647256,2679,2025-08-08T12:00:34,sweep_sizenew,37,0.1,10000,8000,1.0,0.0,0.0,0.5,[0.5],0.5,1.0,-1.0,0.0,0.8,-0.8,0.0,0.5,score
hard_new,ours_refined,0.8940196820590461,1.1203633610900832,1321,2025-08-08T12:00:34,sweep_sizenew,37,0.1,10000,8000,1.0,0.0,0.0,0.5,[0.5],0.5,1.0,-1.0,0.0,0.8,-0.8,0.0,0.5,score
overall,ours_refined,0.9025,1.0775,400,2025-08-08T12:00:34,sweep_sizenew,60,0.1,10000,800,1.0,0.0,0.0,0.5,[0.5],0.5,1.0,-1.0,0.0,0.8,-0.8,0.0,0.5,score
easy_new,ours_refined,0.9172932330827067,1.0676691729323309,266,2025-08-08T12:00:34,sweep_sizenew,60,0.1,10000,800,1.0,0.0,0.0,0.5,[0.5],0.5,1.0,-1.0,0.0,0.8,-0.8,0.0,0.5,score
hard_new,ours_refined,0.8731343283582089,1.0970149253731343,134,2025-08-08T12:00:34,sweep_sizenew,60,0.1,10000,800,1.0,0.0,0.0,0.5,[0.5],0.5,1.0,-1.0,0.0,0.8,-0.8,0.0,0.5,score
overall,ours_refined,0.9,1.06,50,2025-08-08T12:00:34,sweep_sizenew,97,0.1,10000,100,1.0,0.0,0.0,0.5,[0.5],0.5,1.0,-1.0,0.0,0.8,-0.8,0.0,0.5,score
easy_new,ours_refined,0.8928571428571429,1.0357142857142858,28,2025-08-08T12:00:34,sweep_sizenew,97,0.1,10000,100,1.0,0.0,0.0,0.5,[0.5],0.5,1.0,-1.0,0.0,0.8,-0.8,0.0,0.5,score
hard_new,ours_refined,0.9090909090909091,1.0909090909090908,22,2025-08-08T12:00:34,sweep_sizenew,97,0.1,10000,100,1.0,0.0,0.0,0.5,[0.5],0.5,1.0,-1.0,0.0,0.8,-0.8,0.0,0.5,score
overall,ours_refined,0.8975,1.055,400,2025-08-08T12:00:34,sweep_sizenew,63,0.1,10000,800,1.0,0.0,0.0,0.5,[0.5],0.5,1.0,-1.0,0.0,0.8,-0.8,0.0,0.5,score
easy_new,ours_refined,0.8913857677902621,1.048689138576779,267,2025-08-08T12:00:34,sweep_sizenew,63,0.1,10000,800,1.0,0.0,0.0,0.5,[0.5],0.5,1.0,-1.0,0.0,0.8,-0.8,0.0,0.5,score
hard_new,ours_refined,0.9097744360902256,1.0676691729323309,133,2025-08-08T12:00:34,sweep_sizenew,63,0.1,10000,800,1.0,0.0,0.0,0.5,[0.5],0.5,1.0,-1.0,0.0,0.8,-0.8,0.0,0.5,score
overall,ours_refined,0.914,1.076,500,2025-08-08T12:00:34,sweep_sizenew,57,0.1,10000,1000,1.0,0.0,0.0,0.5,[0.5],0.5,1.0,-1.0,0.0,0.8,-0.8,0.0,0.5,score
easy_new,ours_refined,0.9166666666666666,1.0603448275862069,348,2025-08-08T12:00:34,sweep_sizenew,57,0.1,10000,1000,1.0,0.0,0.0,0.5,[0.5],0.5,1.0,-1.0,0.0,0.8,-0.8,0.0,0.5,score
hard_new,ours_refined,0.9078947368421053,1.111842105263158,152,2025-08-08T12:00:34,sweep_sizenew,57,0.1,10000,1000,1.0,0.0,0.0,0.5,[0.5],0.5,1.0,-1.0,0.0,0.8,-0.8,0.0,0.5,score
overall,ours_refined,0.885,1.05,400,2025-08-08T12:00:34,sweep_sizenew,64,0.1,10000,800,1.0,0.0,0.0,0.5,[0.5],0.5,1.0,-1.0,0.0,0.8,-0.8,0.0,0.5,score
easy_new,ours_refined,0.8897058823529411,1.0514705882352942,272,2025-08-08T12:00:34,sweep_sizenew,64,0.1,10000,800,1.0,0.0,0.0,0.5,[0.5],0.5,1.0,-1.0,0.0,0.8,-0.8,0.0,0.5,score
hard_new,ours_refined,0.875,1.046875,128,2025-08-08T12:00:34,sweep_sizenew,64,0.1,10000,800,1.0,0.0,0.0,0.5,[0.5],0.5,1.0,-1.0,0.0,0.8,-0.8,0.0,0.5,score
overall,ours_refined,0.8975,1.1075,400,2025-08-08T12:00:34,sweep_sizenew,75,0.1,10000,800,1.0,0.0,0.0,0.5,[0.5],0.5,1.0,-1.0,0.0,0.8,-0.8,0.0,0.5,score
easy_new,ours_refined,0.9163346613545816,1.0836653386454183,251,2025-08-08T12:00:34,sweep_sizenew,75,0.1,10000,800,1.0,0.0,0.0,0.5,[0.5],0.5,1.0,-1.0,0.0,0.8,-0.8,0.0,0.5,score
hard_new,ours_refined,0.8657718120805369,1.1476510067114094,149,2025-08-08T12:00:34,sweep_sizenew,75,0.1,10000,800,1.0,0.0,0.0,0.5,[0.5],0.5,1.0,-1.0,0.0,0.8,-0.8,0.0,0.5,score
overall,ours_refined,0.886,1.094,500,2025-08-08T12:00:34,sweep_sizenew,56,0.1,10000,1000,1.0,0.0,0.0,0.5,[0.5],0.5,1.0,-1.0,0.0,0.8,-0.8,0.0,0.5,score
easy_new,ours_refined,0.8928571428571429,1.0773809523809523,336,2025-08-08T12:00:34,sweep_sizenew,56,0.1,10000,1000,1.0,0.0,0.0,0.5,[0.5],0.5,1.0,-1.0,0.0,0.8,-0.8,0.0,0.5,score
hard_new,ours_refined,0.8719512195121951,1.1280487804878048,164,2025-08-08T12:00:34,sweep_sizenew,56,0.1,10000,1000,1.0,0.0,0.0,0.5,[0.5],0.5,1.0,-1.0,0.0,0.8,-0.8,0.0,0.5,score
overall,ours_refined,0.922,1.112,500,2025-08-08T12:00:34,sweep_sizenew,55,0.1,10000,1000,1.0,0.0,0.0,0.5,[0.5],0.5,1.0,-1.0,0.0,0.8,-0.8,0.0,0.5,score
easy_new,ours_refined,0.9373134328358209,1.0985074626865672,335,2025-08-08T12:00:34,sweep_sizenew,55,0.1,10000,1000,1.0,0.0,0.0,0.5,[0.5],0.5,1.0,-1.0,0.0,0.8,-0.8,0.0,0.5,score
hard_new,ours_refined,0.8909090909090909,1.1393939393939394,165,2025-08-08T12:00:34,sweep_sizenew,55,0.1,10000,1000,1.0,0.0,0.0,0.5,[0.5],0.5,1.0,-1.0,0.0,0.8,-0.8,0.0,0.5,score
overall,ours_refined,0.9004,1.0812,2500,2025-08-08T12:00:34,sweep_sizenew,41,0.1,10000,5000,1.0,0.0,0.0,0.5,[0.5],0.5,1.0,-1.0,0.0,0.8,-0.8,0.0,0.5,score
easy_new,ours_refined,0.9064574532287266,1.0790585395292698,1657,2025-08-08T12:00:34,sweep_sizenew,41,0.1,10000,5000,1.0,0.0,0.0,0.5,[0.5],0.5,1.0,-1.0,0.0,0.8,-0.8,0.0,0.5,score
hard_new,ours_refined,0.8884934756820878,1.085409252669039,843,2025-08-08T12:00:34,sweep_sizenew,41,0.1,10000,5000,1.0,0.0,0.0,0.5,[0.5],0.5,1.0,-1.0,0.0,0.8,-0.8,0.0,0.5,score
overall,ours_refined,0.924,1.12,500,2025-08-08T12:00:34,sweep_sizenew,69,0.1,10000,1000,1.0,0.0,0.0,0.5,[0.5],0.5,1.0,-1.0,0.0,0.8,-0.8,0.0,0.5,score
easy_new,ours_refined,0.9164179104477612,1.1074626865671642,335,2025-08-08T12:00:34,sweep_sizenew,69,0.1,10000,1000,1.0,0.0,0.0,0.5,[0.5],0.5,1.0,-1.0,0.0,0.8,-0.8,0.0,0.5,score
hard_new,ours_refined,0.9393939393939394,1.1454545454545455,165,2025-08-08T12:00:34,sweep_sizenew,69,0.1,10000,1000,1.0,0.0,0.0,0.5,[0.5],0.5,1.0,-1.0,0.0,0.8,-0.8,0.0,0.5,score
overall,ours_refined,0.866,1.02,500,2025-08-08T12:00:34,sweep_sizenew,72,0.1,10000,1000,1.0,0.0,0.0,0.5,[0.5],0.5,1.0,-1.0,0.0,0.8,-0.8,0.0,0.5,score
easy_new,ours_refined,0.8680981595092024,1.0122699386503067,326,2025-08-08T12:00:34,sweep_sizenew,72,0.1,10000,1000,1.0,0.0,0.0,0.5,[0.5],0.5,1.0,-1.0,0.0,0.8,-0.8,0.0,0.5,score
hard_new,ours_refined,0.8620689655172413,1.0344827586206897,174,2025-08-08T12:00:34,sweep_sizenew,72,0.1,10000,1000,1.0,0.0,0.0,0.5,[0.5],0.5,1.0,-1.0,0.0,0.8,-0.8,0.0,0.5,score
overall,ours_refined,0.8833333333333333,1.0633333333333332,300,2025-08-08T12:00:34,sweep_sizenew,67,0.1,10000,600,1.0,0.0,0.0,0.5,[0.5],0.5,1.0,-1.0,0.0,0.8,-0.8,0.0,0.5,score
easy_new,ours_refined,0.8787878787878788,1.0606060606060606,198,2025-08-08T12:00:34,sweep_sizenew,67,0.1,10000,600,1.0,0.0,0.0,0.5,[0.5],0.5,1.0,-1.0,0.0,0.8,-0.8,0.0,0.5,score
hard_new,ours_refined,0.8921568627450981,1.0686274509803921,102,2025-08-08T12:00:34,sweep_sizenew,67,0.1,10000,600,1.0,0.0,0.0,0.5,[0.5],0.5,1.0,-1.0,0.0,0.8,-0.8,0.0,0.5,score
overall,ours_refined,0.9233333333333333,1.0966666666666667,300,2025-08-08T12:00:34,sweep_sizenew,68,0.1,10000,600,1.0,0.0,0.0,0.5,[0.5],0.5,1.0,-1.0,0.0,0.8,-0.8,0.0,0.5,score
easy_new,ours_refined,0.946078431372549,1.088235294117647,204,2025-08-08T12:00:34,sweep_sizenew,68,0.1,10000,600,1.0,0.0,0.0,0.5,[0.5],0.5,1.0,-1.0,0.0,0.8,-0.8,0.0,0.5,score
hard_new,ours_refined,0.875,1.1145833333333333,96,2025-08-08T12:00:34,sweep_sizenew,68,0.1,10000,600,1.0,0.0,0.0,0.5,[0.5],0.5,1.0,-1.0,0.0,0.8,-0.8,0.0,0.5,score
overall,ours_refined,0.9133333333333333,1.1566666666666667,300,2025-08-08T12:00:35,sweep_sizenew,66,0.1,10000,600,1.0,0.0,0.0,0.5,[0.5],0.5,1.0,-1.0,0.0,0.8,-0.8,0.0,0.5,score
easy_new,ours_refined,0.9193548387096774,1.1612903225806452,186,2025-08-08T12:00:35,sweep_sizenew,66,0.1,10000,600,1.0,0.0,0.0,0.5,[0.5],0.5,1.0,-1.0,0.0,0.8,-0.8,0.0,0.5,score
hard_new,ours_refined,0.9035087719298246,1.1491228070175439,114,2025-08-08T12:00:35,sweep_sizenew,66,0.1,10000,600,1.0,0.0,0.0,0.5,[0.5],0.5,1.0,-1.0,0.0,0.8,-0.8,0.0,0.5,score
overall,ours_refined,0.9,1.13,300,2025-08-08T12:00:35,sweep_sizenew,65,0.1,10000,600,1.0,0.0,0.0,0.5,[0.5],0.5,1.0,-1.0,0.0,0.8,-0.8,0.0,0.5,score
easy_new,ours_refined,0.9027777777777778,1.1203703703703705,216,2025-08-08T12:00:35,sweep_sizenew,65,0.1,10000,600,1.0,0.0,0.0,0.5,[0.5],0.5,1.0,-1.0,0.0,0.8,-0.8,0.0,0.5,score
hard_new,ours_refined,0.8928571428571429,1.1547619047619047,84,2025-08-08T12:00:35,sweep_sizenew,65,0.1,10000,600,1.0,0.0,0.0,0.5,[0.5],0.5,1.0,-1.0,0.0,0.8,-0.8,0.0,0.5,score
overall,ours_refined,0.904,1.086,500,2025-08-08T12:00:35,sweep_sizenew,71,0.1,10000,1000,1.0,0.0,0.0,0.5,[0.5],0.5,1.0,-1.0,0.0,0.8,-0.8,0.0,0.5,score
easy_new,ours_refined,0.9024390243902439,1.076219512195122,328,2025-08-08T12:00:35,sweep_sizenew,71,0.1,10000,1000,1.0,0.0,0.0,0.5,[0.5],0.5,1.0,-1.0,0.0,0.8,-0.8,0.0,0.5,score
hard_new,ours_refined,0.9069767441860465,1.1046511627906976,172,2025-08-08T12:00:35,sweep_sizenew,71,0.1,10000,1000,1.0,0.0,0.0,0.5,[0.5],0.5,1.0,-1.0,0.0,0.8,-0.8,0.0,0.5,score
overall,ours_refined,0.858,1.044,500,2025-08-08T12:00:35,sweep_sizenew,70,0.1,10000,1000,1.0,0.0,0.0,0.5,[0.5],0.5,1.0,-1.0,0.0,0.8,-0.8,0.0,0.5,score
easy_new,ours_refined,0.8541033434650456,1.0455927051671732,329,2025-08-08T12:00:35,sweep_sizenew,70,0.1,10000,1000,1.0,0.0,0.0,0.5,[0.5],0.5,1.0,-1.0,0.0,0.8,-0.8,0.0,0.5,score
hard_new,ours_refined,0.8654970760233918,1.04093567251462,171,2025-08-08T12:00:35,sweep_sizenew,70,0.1,10000,1000,1.0,0.0,0.0,0.5,[0.5],0.5,1.0,-1.0,0.0,0.8,-0.8,0.0,0.5,score
overall,ours_refined,0.864,1.014,500,2025-08-08T12:00:35,sweep_sizenew,73,0.1,10000,1000,1.0,0.0,0.0,0.5,[0.5],0.5,1.0,-1.0,0.0,0.8,-0.8,0.0,0.5,score
easy_new,ours_refined,0.8615384615384616,1.0153846153846153,325,2025-08-08T12:00:35,sweep_sizenew,73,0.1,10000,1000,1.0,0.0,0.0,0.5,[0.5],0.5,1.0,-1.0,0.0,0.8,-0.8,0.0,0.5,score
hard_new,ours_refined,0.8685714285714285,1.0114285714285713,175,2025-08-08T12:00:35,sweep_sizenew,73,0.1,10000,1000,1.0,0.0,0.0,0.5,[0.5],0.5,1.0,-1.0,0.0,0.8,-0.8,0.0,0.5,score
overall,ours_refined,0.852,1.036,500,2025-08-08T12:00:35,sweep_sizenew,74,0.1,10000,1000,1.0,0.0,0.0,0.5,[0.5],0.5,1.0,-1.0,0.0,0.8,-0.8,0.0,0.5,score
easy_new,ours_refined,0.8651026392961877,1.0439882697947214,341,2025-08-08T12:00:35,sweep_sizenew,74,0.1,10000,1000,1.0,0.0,0.0,0.5,[0.5],0.5,1.0,-1.0,0.0,0.8,-0.8,0.0,0.5,score
hard_new,ours_refined,0.8238993710691824,1.0188679245283019,159,2025-08-08T12:00:35,sweep_sizenew,74,0.1,10000,1000,1.0,0.0,0.0,0.5,[0.5],0.5,1.0,-1.0,0.0,0.8,-0.8,0.0,0.5,score
overall,ours_refined,0.884,1.0493333333333332,1500,2025-08-08T12:00:36,sweep_sizenew,80,0.1,10000,3000,1.0,0.0,0.0,0.5,[0.5],0.5,1.0,-1.0,0.0,0.8,-0.8,0.0,0.5,score
easy_new,ours_refined,0.8952668680765358,1.0473313192346425,993,2025-08-08T12:00:36,sweep_sizenew,80,0.1,10000,3000,1.0,0.0,0.0,0.5,[0.5],0.5,1.0,-1.0,0.0,0.8,-0.8,0.0,0.5,score
hard_new,ours_refined,0.8619329388560157,1.0532544378698225,507,2025-08-08T12:00:36,sweep_sizenew,80,0.1,10000,3000,1.0,0.0,0.0,0.5,[0.5],0.5,1.0,-1.0,0.0,0.8,-0.8,0.0,0.5,score
overall,ours_refined,0.9013333333333333,1.0846666666666667,1500,2025-08-08T12:00:36,sweep_sizenew,79,0.1,10000,3000,1.0,0.0,0.0,0.5,[0.5],0.5,1.0,-1.0,0.0,0.8,-0.8,0.0,0.5,score
easy_new,ours_refined,0.8990196078431373,1.0735294117647058,1020,2025-08-08T12:00:36,sweep_sizenew,79,0.1,10000,3000,1.0,0.0,0.0,0.5,[0.5],0.5,1.0,-1.0,0.0,0.8,-0.8,0.0,0.5,score
hard_new,ours_refined,0.90625,1.1083333333333334,480,2025-08-08T12:00:36,sweep_sizenew,79,0.1,10000,3000,1.0,0.0,0.0,0.5,[0.5],0.5,1.0,-1.0,0.0,0.8,-0.8,0.0,0.5,score
overall,ours_refined,0.9033333333333333,1.0726666666666667,1500,2025-08-08T12:00:36,sweep_sizenew,53,0.1,10000,3000,1.0,0.0,0.0,0.5,[0.5],0.5,1.0,-1.0,0.0,0.8,-0.8,0.0,0.5,score
easy_new,ours_refined,0.9010204081632653,1.066326530612245,980,2025-08-08T12:00:36,sweep_sizenew,53,0.1,10000,3000,1.0,0.0,0.0,0.5,[0.5],0.5,1.0,-1.0,0.0,0.8,-0.8,0.0,0.5,score
hard_new,ours_refined,0.9076923076923077,1.0846153846153845,520,2025-08-08T12:00:36,sweep_sizenew,53,0.1,10000,3000,1.0,0.0,0.0,0.5,[0.5],0.5,1.0,-1.0,0.0,0.8,-0.8,0.0,0.5,score
overall,ours_refined,0.8973333333333333,1.104,1500,2025-08-08T12:00:36,sweep_sizenew,78,0.1,10000,3000,1.0,0.0,0.0,0.5,[0.5],0.5,1.0,-1.0,0.0,0.8,-0.8,0.0,0.5,score
easy_new,ours_refined,0.9059059059059059,1.0940940940940942,999,2025-08-08T12:00:36,sweep_sizenew,78,0.1,10000,3000,1.0,0.0,0.0,0.5,[0.5],0.5,1.0,-1.0,0.0,0.8,-0.8,0.0,0.5,score
hard_new,ours_refined,0.8802395209580839,1.12375249500998,501,2025-08-08T12:00:36,sweep_sizenew,78,0.1,10000,3000,1.0,0.0,0.0,0.5,[0.5],0.5,1.0,-1.0,0.0,0.8,-0.8,0.0,0.5,score
overall,ours_refined,0.9,1.084,1500,2025-08-08T12:00:36,sweep_sizenew,81,0.1,10000,3000,1.0,0.0,0.0,0.5,[0.5],0.5,1.0,-1.0,0.0,0.8,-0.8,0.0,0.5,score
easy_new,ours_refined,0.9076142131979695,1.0720812182741117,985,2025-08-08T12:00:36,sweep_sizenew,81,0.1,10000,3000,1.0,0.0,0.0,0.5,[0.5],0.5,1.0,-1.0,0.0,0.8,-0.8,0.0,0.5,score
hard_new,ours_refined,0.8854368932038835,1.1067961165048543,515,2025-08-08T12:00:36,sweep_sizenew,81,0.1,10000,3000,1.0,0.0,0.0,0.5,[0.5],0.5,1.0,-1.0,0.0,0.8,-0.8,0.0,0.5,score
overall,ours_refined,0.9048,1.0856,2500,2025-08-08T12:00:36,sweep_sizenew,51,0.1,10000,5000,1.0,0.0,0.0,0.5,[0.5],0.5,1.0,-1.0,0.0,0.8,-0.8,0.0,0.5,score
easy_new,ours_refined,0.8963414634146342,1.072560975609756,1640,2025-08-08T12:00:36,sweep_sizenew,51,0.1,10000,5000,1.0,0.0,0.0,0.5,[0.5],0.5,1.0,-1.0,0.0,0.8,-0.8,0.0,0.5,score
hard_new,ours_refined,0.9209302325581395,1.1104651162790697,860,2025-08-08T12:00:36,sweep_sizenew,51,0.1,10000,5000,1.0,0.0,0.0,0.5,[0.5],0.5,1.0,-1.0,0.0,0.8,-0.8,0.0,0.5,score
overall,ours_refined,0.898,1.0613333333333332,1500,2025-08-08T12:00:37,sweep_sizenew,82,0.1,10000,3000,1.0,0.0,0.0,0.5,[0.5],0.5,1.0,-1.0,0.0,0.8,-0.8,0.0,0.5,score
easy_new,ours_refined,0.8950495049504951,1.0534653465346535,1010,2025-08-08T12:00:37,sweep_sizenew,82,0.1,10000,3000,1.0,0.0,0.0,0.5,[0.5],0.5,1.0,-1.0,0.0,0.8,-0.8,0.0,0.5,score
hard_new,ours_refined,0.9040816326530612,1.0775510204081633,490,2025-08-08T12:00:37,sweep_sizenew,82,0.1,10000,3000,1.0,0.0,0.0,0.5,[0.5],0.5,1.0,-1.0,0.0,0.8,-0.8,0.0,0.5,score
overall,ours_refined,0.904,1.1166666666666667,1500,2025-08-08T12:00:37,sweep_sizenew,83,0.1,10000,3000,1.0,0.0,0.0,0.5,[0.5],0.5,1.0,-1.0,0.0,0.8,-0.8,0.0,0.5,score
easy_new,ours_refined,0.8972533062054934,1.1047812817904374,983,2025-08-08T12:00:37,sweep_sizenew,83,0.1,10000,3000,1.0,0.0,0.0,0.5,[0.5],0.5,1.0,-1.0,0.0,0.8,-0.8,0.0,0.5,score
hard_new,ours_refined,0.9168278529980658,1.1392649903288201,517,2025-08-08T12:00:37,sweep_sizenew,83,0.1,10000,3000,1.0,0.0,0.0,0.5,[0.5],0.5,1.0,-1.0,0.0,0.8,-0.8,0.0,0.5,score
overall,ours_refined,0.89,1.0688,2500,2025-08-08T12:00:37,sweep_sizenew,49,0.1,10000,5000,1.0,0.0,0.0,0.5,[0.5],0.5,1.0,-1.0,0.0,0.8,-0.8,0.0,0.5,score
easy_new,ours_refined,0.8942598187311178,1.061631419939577,1655,2025-08-08T12:00:37,sweep_sizenew,49,0.1,10000,5000,1.0,0.0,0.0,0.5,[0.5],0.5,1.0,-1.0,0.0,0.8,-0.8,0.0,0.5,score
hard_new,ours_refined,0.8816568047337278,1.0828402366863905,845,2025-08-08T12:00:37,sweep_sizenew,49,0.1,10000,5000,1.0,0.0,0.0,0.5,[0.5],0.5,1.0,-1.0,0.0,0.8,-0.8,0.0,0.5,score
overall,ours_refined,0.85,1.03,100,2025-08-08T12:00:38,sweep_sizenew,62,0.1,10000,200,1.0,0.0,0.0,0.5,[0.5],0.5,1.0,-1.0,0.0,0.8,-0.8,0.0,0.5,score
easy_new,ours_refined,0.890625,1.03125,64,2025-08-08T12:00:38,sweep_sizenew,62,0.1,10000,200,1.0,0.0,0.0,0.5,[0.5],0.5,1.0,-1.0,0.0,0.8,-0.8,0.0,0.5,score
hard_new,ours_refined,0.7777777777777778,1.0277777777777777,36,2025-08-08T12:00:38,sweep_sizenew,62,0.1,10000,200,1.0,0.0,0.0,0.5,[0.5],0.5,1.0,-1.0,0.0,0.8,-0.8,0.0,0.5,score
overall,ours_refined,0.91,1.17,100,2025-08-08T12:00:38,sweep_sizenew,61,0.1,10000,200,1.0,0.0,0.0,0.5,[0.5],0.5,1.0,-1.0,0.0,0.8,-0.8,0.0,0.5,score
easy_new,ours_refined,1.0,1.1451612903225807,62,2025-08-08T12:00:38,sweep_sizenew,61,0.1,10000,200,1.0,0.0,0.0,0.5,[0.5],0.5,1.0,-1.0,0.0,0.8,-0.8,0.0,0.5,score
hard_new,ours_refined,0.7631578947368421,1.2105263157894737,38,2025-08-08T12:00:38,sweep_sizenew,61,0.1,10000,200,1.0,0.0,0.0,0.5,[0.5],0.5,1.0,-1.0,0.0,0.8,-0.8,0.0,0.5,score
overall,ours_refined,0.83,0.95,100,2025-08-08T12:00:38,sweep_sizenew,98,0.1,10000,200,1.0,0.0,0.0,0.5,[0.5],0.5,1.0,-1.0,0.0,0.8,-0.8,0.0,0.5,score
easy_new,ours_refined,0.8142857142857143,0.9428571428571428,70,2025-08-08T12:00:38,sweep_sizenew,98,0.1,10000,200,1.0,0.0,0.0,0.5,[0.5],0.5,1.0,-1.0,0.0,0.8,-0.8,0.0,0.5,score
hard_new,ours_refined,0.8666666666666667,0.9666666666666667,30,2025-08-08T12:00:38,sweep_sizenew,98,0.1,10000,200,1.0,0.0,0.0,0.5,[0.5],0.5,1.0,-1.0,0.0,0.8,-0.8,0.0,0.5,score
overall,ours_refined,0.96,1.18,100,2025-08-08T12:00:38,sweep_sizenew,100,0.1,10000,200,1.0,0.0,0.0,0.5,[0.5],0.5,1.0,-1.0,0.0,0.8,-0.8,0.0,0.5,score
easy_new,ours_refined,0.9857142857142858,1.1857142857142857,70,2025-08-08T12:00:38,sweep_sizenew,100,0.1,10000,200,1.0,0.0,0.0,0.5,[0.5],0.5,1.0,-1.0,0.0,0.8,-0.8,0.0,0.5,score
hard_new,ours_refined,0.9,1.1666666666666667,30,2025-08-08T12:00:38,sweep_sizenew,100,0.1,10000,200,1.0,0.0,0.0,0.5,[0.5],0.5,1.0,-1.0,0.0,0.8,-0.8,0.0,0.5,score
overall,ours_refined,0.93,1.14,100,2025-08-08T12:00:38,sweep_sizenew,99,0.1,10000,200,1.0,0.0,0.0,0.5,[0.5],0.5,1.0,-1.0,0.0,0.8,-0.8,0.0,0.5,score
easy_new,ours_refined,0.9516129032258065,1.096774193548387,62,2025-08-08T12:00:38,sweep_sizenew,99,0.1,10000,200,1.0,0.0,0.0,0.5,[0.5],0.5,1.0,-1.0,0.0,0.8,-0.8,0.0,0.5,score
hard_new,ours_refined,0.8947368421052632,1.2105263157894737,38,2025-08-08T12:00:38,sweep_sizenew,99,0.1,10000,200,1.0,0.0,0.0,0.5,[0.5],0.5,1.0,-1.0,0.0,0.8,-0.8,0.0,0.5,score
overall,ours_refined,0.889,1.091,1000,2025-08-08T12:00:38,sweep_sizenew,84,0.1,10000,2000,1.0,0.0,0.0,0.5,[0.5],0.5,1.0,-1.0,0.0,0.8,-0.8,0.0,0.5,score
easy_new,ours_refined,0.8918918918918919,1.072072072072072,666,2025-08-08T12:00:38,sweep_sizenew,84,0.1,10000,2000,1.0,0.0,0.0,0.5,[0.5],0.5,1.0,-1.0,0.0,0.8,-0.8,0.0,0.5,score
hard_new,ours_refined,0.8832335329341318,1.1287425149700598,334,2025-08-08T12:00:38,sweep_sizenew,84,0.1,10000,2000,1.0,0.0,0.0,0.5,[0.5],0.5,1.0,-1.0,0.0,0.8,-0.8,0.0,0.5,score
overall,ours_refined,0.899,1.078,1000,2025-08-08T12:00:38,sweep_sizenew,91,0.1,10000,2000,1.0,0.0,0.0,0.5,[0.5],0.5,1.0,-1.0,0.0,0.8,-0.8,0.0,0.5,score
easy_new,ours_refined,0.9065420560747663,1.060747663551402,642,2025-08-08T12:00:38,sweep_sizenew,91,0.1,10000,2000,1.0,0.0,0.0,0.5,[0.5],0.5,1.0,-1.0,0.0,0.8,-0.8,0.0,0.5,score
hard_new,ours_refined,0.8854748603351955,1.1089385474860336,358,2025-08-08T12:00:38,sweep_sizenew,91,0.1,10000,2000,1.0,0.0,0.0,0.5,[0.5],0.5,1.0,-1.0,0.0,0.8,-0.8,0.0,0.5,score
overall,ours_refined,0.887,1.073,1000,2025-08-08T12:00:38,sweep_sizenew,95,0.1,10000,2000,1.0,0.0,0.0,0.5,[0.5],0.5,1.0,-1.0,0.0,0.8,-0.8,0.0,0.5,score
easy_new,ours_refined,0.8883792048929664,1.062691131498471,654,2025-08-08T12:00:38,sweep_sizenew,95,0.1,10000,2000,1.0,0.0,0.0,0.5,[0.5],0.5,1.0,-1.0,0.0,0.8,-0.8,0.0,0.5,score
hard_new,ours_refined,0.884393063583815,1.092485549132948,346,2025-08-08T12:00:38,sweep_sizenew,95,0.1,10000,2000,1.0,0.0,0.0,0.5,[0.5],0.5,1.0,-1.0,0.0,0.8,-0.8,0.0,0.5,score
overall,ours_refined,0.887,1.05,1000,2025-08-08T12:00:38,sweep_sizenew,88,0.1,10000,2000,1.0,0.0,0.0,0.5,[0.5],0.5,1.0,-1.0,0.0,0.8,-0.8,0.0,0.5,score
easy_new,ours_refined,0.8882265275707899,1.0461997019374067,671,2025-08-08T12:00:38,sweep_sizenew,88,0.1,10000,2000,1.0,0.0,0.0,0.5,[0.5],0.5,1.0,-1.0,0.0,0.8,-0.8,0.0,0.5,score
hard_new,ours_refined,0.8844984802431611,1.0577507598784195,329,2025-08-08T12:00:38,sweep_sizenew,88,0.1,10000,2000,1.0,0.0,0.0,0.5,[0.5],0.5,1.0,-1.0,0.0,0.8,-0.8,0.0,0.5,score
overall,ours_refined,0.883,1.088,1000,2025-08-08T12:00:38,sweep_sizenew,93,0.1,10000,2000,1.0,0.0,0.0,0.5,[0.5],0.5,1.0,-1.0,0.0,0.8,-0.8,0.0,0.5,score
easy_new,ours_refined,0.8887122416534181,1.0858505564387917,629,2025-08-08T12:00:38,sweep_sizenew,93,0.1,10000,2000,1.0,0.0,0.0,0.5,[0.5],0.5,1.0,-1.0,0.0,0.8,-0.8,0.0,0.5,score
hard_new,ours_refined,0.8733153638814016,1.091644204851752,371,2025-08-08T12:00:38,sweep_sizenew,93,0.1,10000,2000,1.0,0.0,0.0,0.5,[0.5],0.5,1.0,-1.0,0.0,0.8,-0.8,0.0,0.5,score
overall,ours_refined,0.897,1.058,1000,2025-08-08T12:00:38,sweep_sizenew,94,0.1,10000,2000,1.0,0.0,0.0,0.5,[0.5],0.5,1.0,-1.0,0.0,0.8,-0.8,0.0,0.5,score
easy_new,ours_refined,0.8971518987341772,1.0490506329113924,632,2025-08-08T12:00:38,sweep_sizenew,94,0.1,10000,2000,1.0,0.0,0.0,0.5,[0.5],0.5,1.0,-1.0,0.0,0.8,-0.8,0.0,0.5,score
hard_new,ours_refined,0.8967391304347826,1.0733695652173914,368,2025-08-08T12:00:38,sweep_sizenew,94,0.1,10000,2000,1.0,0.0,0.0,0.5,[0.5],0.5,1.0,-1.0,0.0,0.8,-0.8,0.0,0.5,score
overall,ours_refined,0.912,1.113,1000,2025-08-08T12:00:38,sweep_sizenew,89,0.1,10000,2000,1.0,0.0,0.0,0.5,[0.5],0.5,1.0,-1.0,0.0,0.8,-0.8,0.0,0.5,score
easy_new,ours_refined,0.9165354330708662,1.1070866141732283,635,2025-08-08T12:00:38,sweep_sizenew,89,0.1,10000,2000,1.0,0.0,0.0,0.5,[0.5],0.5,1.0,-1.0,0.0,0.8,-0.8,0.0,0.5,score
hard_new,ours_refined,0.9041095890410958,1.1232876712328768,365,2025-08-08T12:00:38,sweep_sizenew,89,0.1,10000,2000,1.0,0.0,0.0,0.5,[0.5],0.5,1.0,-1.0,0.0,0.8,-0.8,0.0,0.5,score
overall,ours_refined,0.901,1.09,1000,2025-08-08T12:00:38,sweep_sizenew,96,0.1,10000,2000,1.0,0.0,0.0,0.5,[0.5],0.5,1.0,-1.0,0.0,0.8,-0.8,0.0,0.5,score
easy_new,ours_refined,0.9080996884735203,1.0856697819314642,642,2025-08-08T12:00:38,sweep_sizenew,96,0.1,10000,2000,1.0,0.0,0.0,0.5,[0.5],0.5,1.0,-1.0,0.0,0.8,-0.8,0.0,0.5,score
hard_new,ours_refined,0.888268156424581,1.0977653631284916,358,2025-08-08T12:00:38,sweep_sizenew,96,0.1,10000,2000,1.0,0.0,0.0,0.5,[0.5],0.5,1.0,-1.0,0.0,0.8,-0.8,0.0,0.5,score
overall,ours_refined,0.891,1.063,1000,2025-08-08T12:00:38,sweep_sizenew,92,0.1,10000,2000,1.0,0.0,0.0,0.5,[0.5],0.5,1.0,-1.0,0.0,0.8,-0.8,0.0,0.5,score
easy_new,ours_refined,0.8989441930618401,1.052790346907994,663,2025-08-08T12:00:38,sweep_sizenew,92,0.1,10000,2000,1.0,0.0,0.0,0.5,[0.5],0.5,1.0,-1.0,0.0,0.8,-0.8,0.0,0.5,score
hard_new,ours_refined,0.8753709198813057,1.083086053412463,337,2025-08-08T12:00:38,sweep_sizenew,92,0.1,10000,2000,1.0,0.0,0.0,0.5,[0.5],0.5,1.0,-1.0,0.0,0.8,-0.8,0.0,0.5,score
overall,ours_refined,0.923,1.104,1000,2025-08-08T12:00:39,sweep_sizenew,58,0.1,10000,2000,1.0,0.0,0.0,0.5,[0.5],0.5,1.0,-1.0,0.0,0.8,-0.8,0.0,0.5,score
easy_new,ours_refined,0.9228441754916793,1.0771558245083208,661,2025-08-08T12:00:39,sweep_sizenew,58,0.1,10000,2000,1.0,0.0,0.0,0.5,[0.5],0.5,1.0,-1.0,0.0,0.8,-0.8,0.0,0.5,score
hard_new,ours_refined,0.9233038348082596,1.1563421828908556,339,2025-08-08T12:00:39,sweep_sizenew,58,0.1,10000,2000,1.0,0.0,0.0,0.5,[0.5],0.5,1.0,-1.0,0.0,0.8,-0.8,0.0,0.5,score
overall,ours_refined,0.887,1.088,1000,2025-08-08T12:00:39,sweep_sizenew,87,0.1,10000,2000,1.0,0.0,0.0,0.5,[0.5],0.5,1.0,-1.0,0.0,0.8,-0.8,0.0,0.5,score
easy_new,ours_refined,0.8933717579250721,1.0821325648414986,694,2025-08-08T12:00:39,sweep_sizenew,87,0.1,10000,2000,1.0,0.0,0.0,0.5,[0.5],0.5,1.0,-1.0,0.0,0.8,-0.8,0.0,0.5,score
hard_new,ours_refined,0.8725490196078431,1.1013071895424837,306,2025-08-08T12:00:39,sweep_sizenew,87,0.1,10000,2000,1.0,0.0,0.0,0.5,[0.5],0.5,1.0,-1.0,0.0,0.8,-0.8,0.0,0.5,score
overall,ours_refined,0.9016,1.0764,2500,2025-08-08T12:00:39,sweep_sizenew,47,0.1,10000,5000,1.0,0.0,0.0,0.5,[0.5],0.5,1.0,-1.0,0.0,0.8,-0.8,0.0,0.5,score
easy_new,ours_refined,0.9054878048780488,1.0707317073170732,1640,2025-08-08T12:00:39,sweep_sizenew,47,0.1,10000,5000,1.0,0.0,0.0,0.5,[0.5],0.5,1.0,-1.0,0.0,0.8,-0.8,0.0,0.5,score
hard_new,ours_refined,0.8941860465116279,1.0872093023255813,860,2025-08-08T12:00:39,sweep_sizenew,47,0.1,10000,5000,1.0,0.0,0.0,0.5,[0.5],0.5,1.0,-1.0,0.0,0.8,-0.8,0.0,0.5,score
overall,ours_refined,0.868,1.074,1000,2025-08-08T12:00:39,sweep_sizenew,90,0.1,10000,2000,1.0,0.0,0.0,0.5,[0.5],0.5,1.0,-1.0,0.0,0.8,-0.8,0.0,0.5,score
easy_new,ours_refined,0.8667664670658682,1.0688622754491017,668,2025-08-08T12:00:39,sweep_sizenew,90,0.1,10000,2000,1.0,0.0,0.0,0.5,[0.5],0.5,1.0,-1.0,0.0,0.8,-0.8,0.0,0.5,score
hard_new,ours_refined,0.8704819277108434,1.0843373493975903,332,2025-08-08T12:00:39,sweep_sizenew,90,0.1,10000,2000,1.0,0.0,0.0,0.5,[0.5],0.5,1.0,-1.0,0.0,0.8,-0.8,0.0,0.5,score
overall,ours_refined,0.898,1.038,500,2025-08-08T12:00:39,sweep_sizenew,76,0.1,10000,1000,1.0,0.0,0.0,0.5,[0.5],0.5,1.0,-1.0,0.0,0.8,-0.8,0.0,0.5,score
easy_new,ours_refined,0.904320987654321,1.0246913580246915,324,2025-08-08T12:00:39,sweep_sizenew,76,0.1,10000,1000,1.0,0.0,0.0,0.5,[0.5],0.5,1.0,-1.0,0.0,0.8,-0.8,0.0,0.5,score
hard_new,ours_refined,0.8863636363636364,1.0625,176,2025-08-08T12:00:39,sweep_sizenew,76,0.1,10000,1000,1.0,0.0,0.0,0.5,[0.5],0.5,1.0,-1.0,0.0,0.8,-0.8,0.0,0.5,score
overall,ours_refined,0.895,1.08,1000,2025-08-08T12:00:39,sweep_sizenew,85,0.1,10000,2000,1.0,0.0,0.0,0.5,[0.5],0.5,1.0,-1.0,0.0,0.8,-0.8,0.0,0.5,score
easy_new,ours_refined,0.9055232558139535,1.0813953488372092,688,2025-08-08T12:00:39,sweep_sizenew,85,0.1,10000,2000,1.0,0.0,0.0,0.5,[0.5],0.5,1.0,-1.0,0.0,0.8,-0.8,0.0,0.5,score
hard_new,ours_refined,0.8717948717948718,1.0769230769230769,312,2025-08-08T12:00:39,sweep_sizenew,85,0.1,10000,2000,1.0,0.0,0.0,0.5,[0.5],0.5,1.0,-1.0,0.0,0.8,-0.8,0.0,0.5,score
overall,ours_refined,0.862,1.034,500,2025-08-08T12:00:39,sweep_sizenew,77,0.1,10000,1000,1.0,0.0,0.0,0.5,[0.5],0.5,1.0,-1.0,0.0,0.8,-0.8,0.0,0.5,score
easy_new,ours_refined,0.8562874251497006,1.0239520958083832,334,2025-08-08T12:00:39,sweep_sizenew,77,0.1,10000,1000,1.0,0.0,0.0,0.5,[0.5],0.5,1.0,-1.0,0.0,0.8,-0.8,0.0,0.5,score
hard_new,ours_refined,0.8734939759036144,1.0542168674698795,166,2025-08-08T12:00:39,sweep_sizenew,77,0.1,10000,1000,1.0,0.0,0.0,0.5,[0.5],0.5,1.0,-1.0,0.0,0.8,-0.8,0.0,0.5,score
overall,ours_refined,0.8892,1.0596,2500,2025-08-08T12:00:39,sweep_sizenew,48,0.1,10000,5000,1.0,0.0,0.0,0.5,[0.5],0.5,1.0,-1.0,0.0,0.8,-0.8,0.0,0.5,score
easy_new,ours_refined,0.8854961832061069,1.0528479154433352,1703,2025-08-08T12:00:39,sweep_sizenew,48,0.1,10000,5000,1.0,0.0,0.0,0.5,[0.5],0.5,1.0,-1.0,0.0,0.8,-0.8,0.0,0.5,score
hard_new,ours_refined,0.8971141781681304,1.0740276035131744,797,2025-08-08T12:00:39,sweep_sizenew,48,0.1,10000,5000,1.0,0.0,0.0,0.5,[0.5],0.5,1.0,-1.0,0.0,0.8,-0.8,0.0,0.5,score
overall,ours_refined,0.921,1.12,1000,2025-08-08T12:00:39,sweep_sizenew,86,0.1,10000,2000,1.0,0.0,0.0,0.5,[0.5],0.5,1.0,-1.0,0.0,0.8,-0.8,0.0,0.5,score
easy_new,ours_refined,0.9173047473200613,1.0995405819295558,653,2025-08-08T12:00:39,sweep_sizenew,86,0.1,10000,2000,1.0,0.0,0.0,0.5,[0.5],0.5,1.0,-1.0,0.0,0.8,-0.8,0.0,0.5,score
hard_new,ours_refined,0.9279538904899135,1.15850144092219,347,2025-08-08T12:00:39,sweep_sizenew,86,0.1,10000,2000,1.0,0.0,0.0,0.5,[0.5],0.5,1.0,-1.0,0.0,0.8,-0.8,0.0,0.5,score
overall,ours_refined,0.91,1.19,100,2025-08-08T12:00:39,sweep_sizenew,97,0.1,10000,200,1.0,0.0,0.0,0.5,[0.5],0.5,1.0,-1.0,0.0,0.8,-0.8,0.0,0.5,score
easy_new,ours_refined,0.9,1.1,60,2025-08-08T12:00:39,sweep_sizenew,97,0.1,10000,200,1.0,0.0,0.0,0.5,[0.5],0.5,1.0,-1.0,0.0,0.8,-0.8,0.0,0.5,score
hard_new,ours_refined,0.925,1.325,40,2025-08-08T12:00:39,sweep_sizenew,97,0.1,10000,200,1.0,0.0,0.0,0.5,[0.5],0.5,1.0,-1.0,0.0,0.8,-0.8,0.0,0.5,score
overall,ours_refined,0.87,0.99,400,2025-08-08T12:00:39,sweep_sizenew,67,0.1,10000,800,1.0,0.0,0.0,0.5,[0.5],0.5,1.0,-1.0,0.0,0.8,-0.8,0.0,0.5,score
easy_new,ours_refined,0.8659003831417624,0.9885057471264368,261,2025-08-08T12:00:39,sweep_sizenew,67,0.1,10000,800,1.0,0.0,0.0,0.5,[0.5],0.5,1.0,-1.0,0.0,0.8,-0.8,0.0,0.5,score
hard_new,ours_refined,0.8776978417266187,0.9928057553956835,139,2025-08-08T12:00:39,sweep_sizenew,67,0.1,10000,800,1.0,0.0,0.0,0.5,[0.5],0.5,1.0,-1.0,0.0,0.8,-0.8,0.0,0.5,score
overall,ours_refined,0.8884,1.078,2500,2025-08-08T12:00:39,sweep_sizenew,45,0.1,10000,5000,1.0,0.0,0.0,0.5,[0.5],0.5,1.0,-1.0,0.0,0.8,-0.8,0.0,0.5,score
easy_new,ours_refined,0.8859180035650623,1.0647653000594177,1683,2025-08-08T12:00:39,sweep_sizenew,45,0.1,10000,5000,1.0,0.0,0.0,0.5,[0.5],0.5,1.0,-1.0,0.0,0.8,-0.8,0.0,0.5,score
hard_new,ours_refined,0.8935128518971848,1.105263157894737,817,2025-08-08T12:00:39,sweep_sizenew,45,0.1,10000,5000,1.0,0.0,0.0,0.5,[0.5],0.5,1.0,-1.0,0.0,0.8,-0.8,0.0,0.5,score
overall,ours_refined,0.8904,1.0884,2500,2025-08-08T12:00:39,sweep_sizenew,46,0.1,10000,5000,1.0,0.0,0.0,0.5,[0.5],0.5,1.0,-1.0,0.0,0.8,-0.8,0.0,0.5,score
easy_new,ours_refined,0.9012875536480687,1.080318822808093,1631,2025-08-08T12:00:39,sweep_sizenew,46,0.1,10000,5000,1.0,0.0,0.0,0.5,[0.5],0.5,1.0,-1.0,0.0,0.8,-0.8,0.0,0.5,score
hard_new,ours_refined,0.8699654775604143,1.1035673187571922,869,2025-08-08T12:00:39,sweep_sizenew,46,0.1,10000,5000,1.0,0.0,0.0,0.5,[0.5],0.5,1.0,-1.0,0.0,0.8,-0.8,0.0,0.5,score
overall,ours_refined,0.912,1.0968,2500,2025-08-08T12:00:39,sweep_sizenew,50,0.1,10000,5000,1.0,0.0,0.0,0.5,[0.5],0.5,1.0,-1.0,0.0,0.8,-0.8,0.0,0.5,score
easy_new,ours_refined,0.9214501510574018,1.0821752265861027,1655,2025-08-08T12:00:39,sweep_sizenew,50,0.1,10000,5000,1.0,0.0,0.0,0.5,[0.5],0.5,1.0,-1.0,0.0,0.8,-0.8,0.0,0.5,score
hard_new,ours_refined,0.893491124260355,1.1254437869822485,845,2025-08-08T12:00:39,sweep_sizenew,50,0.1,10000,5000,1.0,0.0,0.0,0.5,[0.5],0.5,1.0,-1.0,0.0,0.8,-0.8,0.0,0.5,score
overall,ours_refined,0.894,1.093,3000,2025-08-08T12:00:39,sweep_sizenew,44,0.1,10000,6000,1.0,0.0,0.0,0.5,[0.5],0.5,1.0,-1.0,0.0,0.8,-0.8,0.0,0.5,score
easy_new,ours_refined,0.9012096774193549,1.0887096774193548,1984,2025-08-08T12:00:39,sweep_sizenew,44,0.1,10000,6000,1.0,0.0,0.0,0.5,[0.5],0.5,1.0,-1.0,0.0,0.8,-0.8,0.0,0.5,score
hard_new,ours_refined,0.8799212598425197,1.1013779527559056,1016,2025-08-08T12:00:39,sweep_sizenew,44,0.1,10000,6000,1.0,0.0,0.0,0.5,[0.5],0.5,1.0,-1.0,0.0,0.8,-0.8,0.0,0.5,score
overall,ours_refined,0.913,1.1003333333333334,3000,2025-08-08T12:00:39,sweep_sizenew,43,0.1,10000,6000,1.0,0.0,0.0,0.5,[0.5],0.5,1.0,-1.0,0.0,0.8,-0.8,0.0,0.5,score
easy_new,ours_refined,0.9186991869918699,1.0970528455284554,1968,2025-08-08T12:00:39,sweep_sizenew,43,0.1,10000,6000,1.0,0.0,0.0,0.5,[0.5],0.5,1.0,-1.0,0.0,0.8,-0.8,0.0,0.5,score
hard_new,ours_refined,0.9021317829457365,1.1065891472868217,1032,2025-08-08T12:00:39,sweep_sizenew,43,0.1,10000,6000,1.0,0.0,0.0,0.5,[0.5],0.5,1.0,-1.0,0.0,0.8,-0.8,0.0,0.5,score
overall,ours_refined,0.9275,1.1925,400,2025-08-08T12:00:39,sweep_sizenew,68,0.1,10000,800,1.0,0.0,0.0,0.5,[0.5],0.5,1.0,-1.0,0.0,0.8,-0.8,0.0,0.5,score
easy_new,ours_refined,0.9245283018867925,1.169811320754717,265,2025-08-08T12:00:39,sweep_sizenew,68,0.1,10000,800,1.0,0.0,0.0,0.5,[0.5],0.5,1.0,-1.0,0.0,0.8,-0.8,0.0,0.5,score
hard_new,ours_refined,0.9333333333333333,1.237037037037037,135,2025-08-08T12:00:39,sweep_sizenew,68,0.1,10000,800,1.0,0.0,0.0,0.5,[0.5],0.5,1.0,-1.0,0.0,0.8,-0.8,0.0,0.5,score
overall,ours_refined,0.94,1.182,500,2025-08-08T12:00:39,sweep_sizenew,75,0.1,10000,1000,1.0,0.0,0.0,0.5,[0.5],0.5,1.0,-1.0,0.0,0.8,-0.8,0.0,0.5,score
easy_new,ours_refined,0.9351851851851852,1.1604938271604939,324,2025-08-08T12:00:39,sweep_sizenew,75,0.1,10000,1000,1.0,0.0,0.0,0.5,[0.5],0.5,1.0,-1.0,0.0,0.8,-0.8,0.0,0.5,score
hard_new,ours_refined,0.9488636363636364,1.2215909090909092,176,2025-08-08T12:00:39,sweep_sizenew,75,0.1,10000,1000,1.0,0.0,0.0,0.5,[0.5],0.5,1.0,-1.0,0.0,0.8,-0.8,0.0,0.5,score
overall,ours_refined,0.915,1.09,400,2025-08-08T12:00:39,sweep_sizenew,66,0.1,10000,800,1.0,0.0,0.0,0.5,[0.5],0.5,1.0,-1.0,0.0,0.8,-0.8,0.0,0.5,score
easy_new,ours_refined,0.92,1.084,250,2025-08-08T12:00:39,sweep_sizenew,66,0.1,10000,800,1.0,0.0,0.0,0.5,[0.5],0.5,1.0,-1.0,0.0,0.8,-0.8,0.0,0.5,score
hard_new,ours_refined,0.9066666666666666,1.1,150,2025-08-08T12:00:39,sweep_sizenew,66,0.1,10000,800,1.0,0.0,0.0,0.5,[0.5],0.5,1.0,-1.0,0.0,0.8,-0.8,0.0,0.5,score
overall,ours_refined,0.898,1.073,1000,2025-08-08T12:00:40,sweep_sizenew,57,0.1,10000,2000,1.0,0.0,0.0,0.5,[0.5],0.5,1.0,-1.0,0.0,0.8,-0.8,0.0,0.5,score
easy_new,ours_refined,0.9049707602339181,1.064327485380117,684,2025-08-08T12:00:40,sweep_sizenew,57,0.1,10000,2000,1.0,0.0,0.0,0.5,[0.5],0.5,1.0,-1.0,0.0,0.8,-0.8,0.0,0.5,score
hard_new,ours_refined,0.8829113924050633,1.0917721518987342,316,2025-08-08T12:00:40,sweep_sizenew,57,0.1,10000,2000,1.0,0.0,0.0,0.5,[0.5],0.5,1.0,-1.0,0.0,0.8,-0.8,0.0,0.5,score
overall,ours_refined,0.9275,1.1575,400,2025-08-08T12:00:40,sweep_sizenew,65,0.1,10000,800,1.0,0.0,0.0,0.5,[0.5],0.5,1.0,-1.0,0.0,0.8,-0.8,0.0,0.5,score
easy_new,ours_refined,0.939622641509434,1.1471698113207547,265,2025-08-08T12:00:40,sweep_sizenew,65,0.1,10000,800,1.0,0.0,0.0,0.5,[0.5],0.5,1.0,-1.0,0.0,0.8,-0.8,0.0,0.5,score
hard_new,ours_refined,0.9037037037037037,1.1777777777777778,135,2025-08-08T12:00:40,sweep_sizenew,65,0.1,10000,800,1.0,0.0,0.0,0.5,[0.5],0.5,1.0,-1.0,0.0,0.8,-0.8,0.0,0.5,score
overall,ours_refined,0.925,1.127,1000,2025-08-08T12:00:40,sweep_sizenew,56,0.1,10000,2000,1.0,0.0,0.0,0.5,[0.5],0.5,1.0,-1.0,0.0,0.8,-0.8,0.0,0.5,score
easy_new,ours_refined,0.9324324324324325,1.1096096096096095,666,2025-08-08T12:00:40,sweep_sizenew,56,0.1,10000,2000,1.0,0.0,0.0,0.5,[0.5],0.5,1.0,-1.0,0.0,0.8,-0.8,0.0,0.5,score
hard_new,ours_refined,0.9101796407185628,1.1616766467065869,334,2025-08-08T12:00:40,sweep_sizenew,56,0.1,10000,2000,1.0,0.0,0.0,0.5,[0.5],0.5,1.0,-1.0,0.0,0.8,-0.8,0.0,0.5,score
overall,ours_refined,0.891,1.081,1000,2025-08-08T12:00:40,sweep_sizenew,55,0.1,10000,2000,1.0,0.0,0.0,0.5,[0.5],0.5,1.0,-1.0,0.0,0.8,-0.8,0.0,0.5,score
easy_new,ours_refined,0.8910162002945509,1.0574374079528719,679,2025-08-08T12:00:40,sweep_sizenew,55,0.1,10000,2000,1.0,0.0,0.0,0.5,[0.5],0.5,1.0,-1.0,0.0,0.8,-0.8,0.0,0.5,score
hard_new,ours_refined,0.8909657320872274,1.1308411214953271,321,2025-08-08T12:00:40,sweep_sizenew,55,0.1,10000,2000,1.0,0.0,0.0,0.5,[0.5],0.5,1.0,-1.0,0.0,0.8,-0.8,0.0,0.5,score
overall,ours_refined,0.898,1.101,1000,2025-08-08T12:00:40,sweep_sizenew,69,0.1,10000,2000,1.0,0.0,0.0,0.5,[0.5],0.5,1.0,-1.0,0.0,0.8,-0.8,0.0,0.5,score
easy_new,ours_refined,0.8967065868263473,1.097305389221557,668,2025-08-08T12:00:40,sweep_sizenew,69,0.1,10000,2000,1.0,0.0,0.0,0.5,[0.5],0.5,1.0,-1.0,0.0,0.8,-0.8,0.0,0.5,score
hard_new,ours_refined,0.9006024096385542,1.108433734939759,332,2025-08-08T12:00:40,sweep_sizenew,69,0.1,10000,2000,1.0,0.0,0.0,0.5,[0.5],0.5,1.0,-1.0,0.0,0.8,-0.8,0.0,0.5,score
overall,ours_refined,0.899,1.094,1000,2025-08-08T12:00:40,sweep_sizenew,72,0.1,10000,2000,1.0,0.0,0.0,0.5,[0.5],0.5,1.0,-1.0,0.0,0.8,-0.8,0.0,0.5,score
easy_new,ours_refined,0.9204892966360856,1.091743119266055,654,2025-08-08T12:00:40,sweep_sizenew,72,0.1,10000,2000,1.0,0.0,0.0,0.5,[0.5],0.5,1.0,-1.0,0.0,0.8,-0.8,0.0,0.5,score
hard_new,ours_refined,0.8583815028901735,1.0982658959537572,346,2025-08-08T12:00:40,sweep_sizenew,72,0.1,10000,2000,1.0,0.0,0.0,0.5,[0.5],0.5,1.0,-1.0,0.0,0.8,-0.8,0.0,0.5,score
overall,ours_refined,0.9,1.122,500,2025-08-08T12:00:40,sweep_sizenew,59,0.1,10000,1000,1.0,0.0,0.0,0.5,[0.5],0.5,1.0,-1.0,0.0,0.8,-0.8,0.0,0.5,score
easy_new,ours_refined,0.9196141479099679,1.1157556270096463,311,2025-08-08T12:00:40,sweep_sizenew,59,0.1,10000,1000,1.0,0.0,0.0,0.5,[0.5],0.5,1.0,-1.0,0.0,0.8,-0.8,0.0,0.5,score
hard_new,ours_refined,0.8677248677248677,1.1322751322751323,189,2025-08-08T12:00:40,sweep_sizenew,59,0.1,10000,1000,1.0,0.0,0.0,0.5,[0.5],0.5,1.0,-1.0,0.0,0.8,-0.8,0.0,0.5,score
overall,ours_refined,0.914,1.076,500,2025-08-08T12:00:40,sweep_sizenew,60,0.1,10000,1000,1.0,0.0,0.0,0.5,[0.5],0.5,1.0,-1.0,0.0,0.8,-0.8,0.0,0.5,score
easy_new,ours_refined,0.8971061093247589,1.0643086816720257,311,2025-08-08T12:00:40,sweep_sizenew,60,0.1,10000,1000,1.0,0.0,0.0,0.5,[0.5],0.5,1.0,-1.0,0.0,0.8,-0.8,0.0,0.5,score
hard_new,ours_refined,0.9417989417989417,1.0952380952380953,189,2025-08-08T12:00:40,sweep_sizenew,60,0.1,10000,1000,1.0,0.0,0.0,0.5,[0.5],0.5,1.0,-1.0,0.0,0.8,-0.8,0.0,0.5,score
overall,ours_refined,0.892,1.076,4500,2025-08-08T12:00:40,sweep_sizenew,40,0.1,10000,9000,1.0,0.0,0.0,0.5,[0.5],0.5,1.0,-1.0,0.0,0.8,-0.8,0.0,0.5,score
easy_new,ours_refined,0.8958755916159568,1.0655848546315079,2958,2025-08-08T12:00:40,sweep_sizenew,40,0.1,10000,9000,1.0,0.0,0.0,0.5,[0.5],0.5,1.0,-1.0,0.0,0.8,-0.8,0.0,0.5,score
hard_new,ours_refined,0.8845654993514915,1.0959792477302206,1542,2025-08-08T12:00:40,sweep_sizenew,40,0.1,10000,9000,1.0,0.0,0.0,0.5,[0.5],0.5,1.0,-1.0,0.0,0.8,-0.8,0.0,0.5,score
overall,ours_refined,0.898,1.087,1000,2025-08-08T12:00:40,sweep_sizenew,71,0.1,10000,2000,1.0,0.0,0.0,0.5,[0.5],0.5,1.0,-1.0,0.0,0.8,-0.8,0.0,0.5,score
easy_new,ours_refined,0.9104477611940298,1.0865671641791044,670,2025-08-08T12:00:40,sweep_sizenew,71,0.1,10000,2000,1.0,0.0,0.0,0.5,[0.5],0.5,1.0,-1.0,0.0,0.8,-0.8,0.0,0.5,score
hard_new,ours_refined,0.8727272727272727,1.087878787878788,330,2025-08-08T12:00:40,sweep_sizenew,71,0.1,10000,2000,1.0,0.0,0.0,0.5,[0.5],0.5,1.0,-1.0,0.0,0.8,-0.8,0.0,0.5,score
overall,ours_refined,0.919,1.125,1000,2025-08-08T12:00:40,sweep_sizenew,70,0.1,10000,2000,1.0,0.0,0.0,0.5,[0.5],0.5,1.0,-1.0,0.0,0.8,-0.8,0.0,0.5,score
easy_new,ours_refined,0.9197530864197531,1.1219135802469136,648,2025-08-08T12:00:40,sweep_sizenew,70,0.1,10000,2000,1.0,0.0,0.0,0.5,[0.5],0.5,1.0,-1.0,0.0,0.8,-0.8,0.0,0.5,score
hard_new,ours_refined,0.9176136363636364,1.1306818181818181,352,2025-08-08T12:00:40,sweep_sizenew,70,0.1,10000,2000,1.0,0.0,0.0,0.5,[0.5],0.5,1.0,-1.0,0.0,0.8,-0.8,0.0,0.5,score
overall,ours_refined,0.8793333333333333,1.0573333333333332,4500,2025-08-08T12:00:40,sweep_sizenew,39,0.1,10000,9000,1.0,0.0,0.0,0.5,[0.5],0.5,1.0,-1.0,0.0,0.8,-0.8,0.0,0.5,score
easy_new,ours_refined,0.8786029162427942,1.0556120718887758,2949,2025-08-08T12:00:40,sweep_sizenew,39,0.1,10000,9000,1.0,0.0,0.0,0.5,[0.5],0.5,1.0,-1.0,0.0,0.8,-0.8,0.0,0.5,score
hard_new,ours_refined,0.880722114764668,1.0606060606060606,1551,2025-08-08T12:00:40,sweep_sizenew,39,0.1,10000,9000,1.0,0.0,0.0,0.5,[0.5],0.5,1.0,-1.0,0.0,0.8,-0.8,0.0,0.5,score
overall,ours_refined,0.9145,1.096,2000,2025-08-08T12:00:40,sweep_sizenew,26,0.1,10000,4000,1.0,0.0,0.0,0.5,[0.5],0.5,1.0,-1.0,0.0,0.8,-0.8,0.0,0.5,score
easy_new,ours_refined,0.9186134137151469,1.0874152223059532,1327,2025-08-08T12:00:40,sweep_sizenew,26,0.1,10000,4000,1.0,0.0,0.0,0.5,[0.5],0.5,1.0,-1.0,0.0,0.8,-0.8,0.0,0.5,score
hard_new,ours_refined,0.9063893016344725,1.112927191679049,673,2025-08-08T12:00:40,sweep_sizenew,26,0.1,10000,4000,1.0,0.0,0.0,0.5,[0.5],0.5,1.0,-1.0,0.0,0.8,-0.8,0.0,0.5,score
overall,ours_refined,0.896,1.0775,2000,2025-08-08T12:00:41,sweep_sizenew,52,0.1,10000,4000,1.0,0.0,0.0,0.5,[0.5],0.5,1.0,-1.0,0.0,0.8,-0.8,0.0,0.5,score
easy_new,ours_refined,0.9012251148545176,1.066615620214395,1306,2025-08-08T12:00:41,sweep_sizenew,52,0.1,10000,4000,1.0,0.0,0.0,0.5,[0.5],0.5,1.0,-1.0,0.0,0.8,-0.8,0.0,0.5,score
hard_new,ours_refined,0.8861671469740634,1.0979827089337175,694,2025-08-08T12:00:41,sweep_sizenew,52,0.1,10000,4000,1.0,0.0,0.0,0.5,[0.5],0.5,1.0,-1.0,0.0,0.8,-0.8,0.0,0.5,score
overall,ours_refined,0.882,1.055,1000,2025-08-08T12:00:41,sweep_sizenew,74,0.1,10000,2000,1.0,0.0,0.0,0.5,[0.5],0.5,1.0,-1.0,0.0,0.8,-0.8,0.0,0.5,score
easy_new,ours_refined,0.8731117824773413,1.054380664652568,662,2025-08-08T12:00:41,sweep_sizenew,74,0.1,10000,2000,1.0,0.0,0.0,0.5,[0.5],0.5,1.0,-1.0,0.0,0.8,-0.8,0.0,0.5,score
hard_new,ours_refined,0.8994082840236687,1.0562130177514792,338,2025-08-08T12:00:41,sweep_sizenew,74,0.1,10000,2000,1.0,0.0,0.0,0.5,[0.5],0.5,1.0,-1.0,0.0,0.8,-0.8,0.0,0.5,score
overall,ours_refined,0.912,1.1,1000,2025-08-08T12:00:41,sweep_sizenew,73,0.1,10000,2000,1.0,0.0,0.0,0.5,[0.5],0.5,1.0,-1.0,0.0,0.8,-0.8,0.0,0.5,score
easy_new,ours_refined,0.9122541603630863,1.086232980332829,661,2025-08-08T12:00:41,sweep_sizenew,73,0.1,10000,2000,1.0,0.0,0.0,0.5,[0.5],0.5,1.0,-1.0,0.0,0.8,-0.8,0.0,0.5,score
hard_new,ours_refined,0.911504424778761,1.126843657817109,339,2025-08-08T12:00:41,sweep_sizenew,73,0.1,10000,2000,1.0,0.0,0.0,0.5,[0.5],0.5,1.0,-1.0,0.0,0.8,-0.8,0.0,0.5,score
overall,ours_refined,0.9005,1.0775,2000,2025-08-08T12:00:41,sweep_sizenew,42,0.1,10000,4000,1.0,0.0,0.0,0.5,[0.5],0.5,1.0,-1.0,0.0,0.8,-0.8,0.0,0.5,score
easy_new,ours_refined,0.9042316258351893,1.0712694877505569,1347,2025-08-08T12:00:41,sweep_sizenew,42,0.1,10000,4000,1.0,0.0,0.0,0.5,[0.5],0.5,1.0,-1.0,0.0,0.8,-0.8,0.0,0.5,score
hard_new,ours_refined,0.892802450229709,1.0903522205206737,653,2025-08-08T12:00:41,sweep_sizenew,42,0.1,10000,4000,1.0,0.0,0.0,0.5,[0.5],0.5,1.0,-1.0,0.0,0.8,-0.8,0.0,0.5,score
overall,ours_refined,0.886,1.044,500,2025-08-08T12:00:42,sweep_sizenew,63,0.1,10000,1000,1.0,0.0,0.0,0.5,[0.5],0.5,1.0,-1.0,0.0,0.8,-0.8,0.0,0.5,score
easy_new,ours_refined,0.8875379939209727,1.0425531914893618,329,2025-08-08T12:00:42,sweep_sizenew,63,0.1,10000,1000,1.0,0.0,0.0,0.5,[0.5],0.5,1.0,-1.0,0.0,0.8,-0.8,0.0,0.5,score
hard_new,ours_refined,0.8830409356725146,1.0467836257309941,171,2025-08-08T12:00:42,sweep_sizenew,63,0.1,10000,1000,1.0,0.0,0.0,0.5,[0.5],0.5,1.0,-1.0,0.0,0.8,-0.8,0.0,0.5,score
overall,ours_refined,0.889,1.088,2000,2025-08-08T12:00:42,sweep_sizenew,80,0.1,10000,4000,1.0,0.0,0.0,0.5,[0.5],0.5,1.0,-1.0,0.0,0.8,-0.8,0.0,0.5,score
easy_new,ours_refined,0.8955223880597015,1.0746268656716418,1340,2025-08-08T12:00:42,sweep_sizenew,80,0.1,10000,4000,1.0,0.0,0.0,0.5,[0.5],0.5,1.0,-1.0,0.0,0.8,-0.8,0.0,0.5,score
hard_new,ours_refined,0.8757575757575757,1.1151515151515152,660,2025-08-08T12:00:42,sweep_sizenew,80,0.1,10000,4000,1.0,0.0,0.0,0.5,[0.5],0.5,1.0,-1.0,0.0,0.8,-0.8,0.0,0.5,score
overall,ours_refined,0.894,1.108,500,2025-08-08T12:00:42,sweep_sizenew,64,0.1,10000,1000,1.0,0.0,0.0,0.5,[0.5],0.5,1.0,-1.0,0.0,0.8,-0.8,0.0,0.5,score
easy_new,ours_refined,0.8878787878787879,1.0757575757575757,330,2025-08-08T12:00:42,sweep_sizenew,64,0.1,10000,1000,1.0,0.0,0.0,0.5,[0.5],0.5,1.0,-1.0,0.0,0.8,-0.8,0.0,0.5,score
hard_new,ours_refined,0.9058823529411765,1.1705882352941177,170,2025-08-08T12:00:42,sweep_sizenew,64,0.1,10000,1000,1.0,0.0,0.0,0.5,[0.5],0.5,1.0,-1.0,0.0,0.8,-0.8,0.0,0.5,score
overall,ours_refined,0.895,1.071,2000,2025-08-08T12:00:42,sweep_sizenew,79,0.1,10000,4000,1.0,0.0,0.0,0.5,[0.5],0.5,1.0,-1.0,0.0,0.8,-0.8,0.0,0.5,score
easy_new,ours_refined,0.896807720861173,1.064587973273942,1347,2025-08-08T12:00:42,sweep_sizenew,79,0.1,10000,4000,1.0,0.0,0.0,0.5,[0.5],0.5,1.0,-1.0,0.0,0.8,-0.8,0.0,0.5,score
hard_new,ours_refined,0.891271056661562,1.0842266462480858,653,2025-08-08T12:00:42,sweep_sizenew,79,0.1,10000,4000,1.0,0.0,0.0,0.5,[0.5],0.5,1.0,-1.0,0.0,0.8,-0.8,0.0,0.5,score
overall,ours_refined,0.8996666666666666,1.0706666666666667,3000,2025-08-08T12:00:43,sweep_sizenew,41,0.1,10000,6000,1.0,0.0,0.0,0.5,[0.5],0.5,1.0,-1.0,0.0,0.8,-0.8,0.0,0.5,score
easy_new,ours_refined,0.9007633587786259,1.0610687022900764,1965,2025-08-08T12:00:43,sweep_sizenew,41,0.1,10000,6000,1.0,0.0,0.0,0.5,[0.5],0.5,1.0,-1.0,0.0,0.8,-0.8,0.0,0.5,score
hard_new,ours_refined,0.8975845410628019,1.0888888888888888,1035,2025-08-08T12:00:43,sweep_sizenew,41,0.1,10000,6000,1.0,0.0,0.0,0.5,[0.5],0.5,1.0,-1.0,0.0,0.8,-0.8,0.0,0.5,score
overall,ours_refined,0.895,1.071,2000,2025-08-08T12:00:43,sweep_sizenew,53,0.1,10000,4000,1.0,0.0,0.0,0.5,[0.5],0.5,1.0,-1.0,0.0,0.8,-0.8,0.0,0.5,score
easy_new,ours_refined,0.9008941877794336,1.0640834575260805,1342,2025-08-08T12:00:43,sweep_sizenew,53,0.1,10000,4000,1.0,0.0,0.0,0.5,[0.5],0.5,1.0,-1.0,0.0,0.8,-0.8,0.0,0.5,score
hard_new,ours_refined,0.8829787234042553,1.0851063829787233,658,2025-08-08T12:00:43,sweep_sizenew,53,0.1,10000,4000,1.0,0.0,0.0,0.5,[0.5],0.5,1.0,-1.0,0.0,0.8,-0.8,0.0,0.5,score
overall,ours_refined,0.95,1.13,200,2025-08-08T12:00:43,sweep_sizenew,98,0.1,10000,400,1.0,0.0,0.0,0.5,[0.5],0.5,1.0,-1.0,0.0,0.8,-0.8,0.0,0.5,score
easy_new,ours_refined,0.9612403100775194,1.1085271317829457,129,2025-08-08T12:00:43,sweep_sizenew,98,0.1,10000,400,1.0,0.0,0.0,0.5,[0.5],0.5,1.0,-1.0,0.0,0.8,-0.8,0.0,0.5,score
hard_new,ours_refined,0.9295774647887324,1.1690140845070423,71,2025-08-08T12:00:43,sweep_sizenew,98,0.1,10000,400,1.0,0.0,0.0,0.5,[0.5],0.5,1.0,-1.0,0.0,0.8,-0.8,0.0,0.5,score
overall,ours_refined,0.891,1.073,2000,2025-08-08T12:00:43,sweep_sizenew,78,0.1,10000,4000,1.0,0.0,0.0,0.5,[0.5],0.5,1.0,-1.0,0.0,0.8,-0.8,0.0,0.5,score
easy_new,ours_refined,0.9018126888217523,1.0694864048338368,1324,2025-08-08T12:00:43,sweep_sizenew,78,0.1,10000,4000,1.0,0.0,0.0,0.5,[0.5],0.5,1.0,-1.0,0.0,0.8,-0.8,0.0,0.5,score
hard_new,ours_refined,0.8698224852071006,1.0798816568047338,676,2025-08-08T12:00:43,sweep_sizenew,78,0.1,10000,4000,1.0,0.0,0.0,0.5,[0.5],0.5,1.0,-1.0,0.0,0.8,-0.8,0.0,0.5,score
overall,ours_refined,0.905,1.085,200,2025-08-08T12:00:43,sweep_sizenew,99,0.1,10000,400,1.0,0.0,0.0,0.5,[0.5],0.5,1.0,-1.0,0.0,0.8,-0.8,0.0,0.5,score
easy_new,ours_refined,0.8943661971830986,1.0704225352112675,142,2025-08-08T12:00:43,sweep_sizenew,99,0.1,10000,400,1.0,0.0,0.0,0.5,[0.5],0.5,1.0,-1.0,0.0,0.8,-0.8,0.0,0.5,score
hard_new,ours_refined,0.9310344827586207,1.1206896551724137,58,2025-08-08T12:00:43,sweep_sizenew,99,0.1,10000,400,1.0,0.0,0.0,0.5,[0.5],0.5,1.0,-1.0,0.0,0.8,-0.8,0.0,0.5,score
overall,ours_refined,0.925,1.19,200,2025-08-08T12:00:43,sweep_sizenew,100,0.1,10000,400,1.0,0.0,0.0,0.5,[0.5],0.5,1.0,-1.0,0.0,0.8,-0.8,0.0,0.5,score
easy_new,ours_refined,0.9440559440559441,1.167832167832168,143,2025-08-08T12:00:43,sweep_sizenew,100,0.1,10000,400,1.0,0.0,0.0,0.5,[0.5],0.5,1.0,-1.0,0.0,0.8,-0.8,0.0,0.5,score
hard_new,ours_refined,0.8771929824561403,1.2456140350877194,57,2025-08-08T12:00:43,sweep_sizenew,100,0.1,10000,400,1.0,0.0,0.0,0.5,[0.5],0.5,1.0,-1.0,0.0,0.8,-0.8,0.0,0.5,score
overall,ours_refined,0.8985,1.087,2000,2025-08-08T12:00:43,sweep_sizenew,81,0.1,10000,4000,1.0,0.0,0.0,0.5,[0.5],0.5,1.0,-1.0,0.0,0.8,-0.8,0.0,0.5,score
easy_new,ours_refined,0.9047256097560976,1.072408536585366,1312,2025-08-08T12:00:43,sweep_sizenew,81,0.1,10000,4000,1.0,0.0,0.0,0.5,[0.5],0.5,1.0,-1.0,0.0,0.8,-0.8,0.0,0.5,score
hard_new,ours_refined,0.8866279069767442,1.114825581395349,688,2025-08-08T12:00:43,sweep_sizenew,81,0.1,10000,4000,1.0,0.0,0.0,0.5,[0.5],0.5,1.0,-1.0,0.0,0.8,-0.8,0.0,0.5,score
overall,ours_refined,0.8945,1.0845,2000,2025-08-08T12:00:43,sweep_sizenew,82,0.1,10000,4000,1.0,0.0,0.0,0.5,[0.5],0.5,1.0,-1.0,0.0,0.8,-0.8,0.0,0.5,score
easy_new,ours_refined,0.9079147640791476,1.0768645357686453,1314,2025-08-08T12:00:43,sweep_sizenew,82,0.1,10000,4000,1.0,0.0,0.0,0.5,[0.5],0.5,1.0,-1.0,0.0,0.8,-0.8,0.0,0.5,score
hard_new,ours_refined,0.8688046647230321,1.099125364431487,686,2025-08-08T12:00:43,sweep_sizenew,82,0.1,10000,4000,1.0,0.0,0.0,0.5,[0.5],0.5,1.0,-1.0,0.0,0.8,-0.8,0.0,0.5,score
overall,ours_refined,0.916,1.0975,2000,2025-08-08T12:00:43,sweep_sizenew,83,0.1,10000,4000,1.0,0.0,0.0,0.5,[0.5],0.5,1.0,-1.0,0.0,0.8,-0.8,0.0,0.5,score
easy_new,ours_refined,0.9222919937205651,1.0910518053375196,1274,2025-08-08T12:00:43,sweep_sizenew,83,0.1,10000,4000,1.0,0.0,0.0,0.5,[0.5],0.5,1.0,-1.0,0.0,0.8,-0.8,0.0,0.5,score
hard_new,ours_refined,0.9049586776859504,1.1088154269972452,726,2025-08-08T12:00:43,sweep_sizenew,83,0.1,10000,4000,1.0,0.0,0.0,0.5,[0.5],0.5,1.0,-1.0,0.0,0.8,-0.8,0.0,0.5,score
overall,ours_refined,0.9074285714285715,1.098,3500,2025-08-08T12:00:44,sweep_sizenew,33,0.1,10000,7000,1.0,0.0,0.0,0.5,[0.5],0.5,1.0,-1.0,0.0,0.8,-0.8,0.0,0.5,score
easy_new,ours_refined,0.9140922556072789,1.0859077443927212,2363,2025-08-08T12:00:44,sweep_sizenew,33,0.1,10000,7000,1.0,0.0,0.0,0.5,[0.5],0.5,1.0,-1.0,0.0,0.8,-0.8,0.0,0.5,score
hard_new,ours_refined,0.8935795954265612,1.1231310466138962,1137,2025-08-08T12:00:44,sweep_sizenew,33,0.1,10000,7000,1.0,0.0,0.0,0.5,[0.5],0.5,1.0,-1.0,0.0,0.8,-0.8,0.0,0.5,score
overall,ours_refined,0.866,1.02,500,2025-08-08T12:00:44,sweep_sizenew,67,0.1,10000,1000,1.0,0.0,0.0,0.5,[0.5],0.5,1.0,-1.0,0.0,0.8,-0.8,0.0,0.5,score
easy_new,ours_refined,0.875,1.0152439024390243,328,2025-08-08T12:00:44,sweep_sizenew,67,0.1,10000,1000,1.0,0.0,0.0,0.5,[0.5],0.5,1.0,-1.0,0.0,0.8,-0.8,0.0,0.5,score
hard_new,ours_refined,0.8488372093023255,1.0290697674418605,172,2025-08-08T12:00:44,sweep_sizenew,67,0.1,10000,1000,1.0,0.0,0.0,0.5,[0.5],0.5,1.0,-1.0,0.0,0.8,-0.8,0.0,0.5,score
overall,ours_refined,0.945,1.195,200,2025-08-08T12:00:44,sweep_sizenew,97,0.1,10000,400,1.0,0.0,0.0,0.5,[0.5],0.5,1.0,-1.0,0.0,0.8,-0.8,0.0,0.5,score
easy_new,ours_refined,0.9193548387096774,1.1290322580645162,124,2025-08-08T12:00:44,sweep_sizenew,97,0.1,10000,400,1.0,0.0,0.0,0.5,[0.5],0.5,1.0,-1.0,0.0,0.8,-0.8,0.0,0.5,score
hard_new,ours_refined,0.9868421052631579,1.3026315789473684,76,2025-08-08T12:00:44,sweep_sizenew,97,0.1,10000,400,1.0,0.0,0.0,0.5,[0.5],0.5,1.0,-1.0,0.0,0.8,-0.8,0.0,0.5,score
overall,ours_refined,0.88,1.022,500,2025-08-08T12:00:44,sweep_sizenew,68,0.1,10000,1000,1.0,0.0,0.0,0.5,[0.5],0.5,1.0,-1.0,0.0,0.8,-0.8,0.0,0.5,score
easy_new,ours_refined,0.8908554572271387,1.0206489675516224,339,2025-08-08T12:00:44,sweep_sizenew,68,0.1,10000,1000,1.0,0.0,0.0,0.5,[0.5],0.5,1.0,-1.0,0.0,0.8,-0.8,0.0,0.5,score
hard_new,ours_refined,0.8571428571428571,1.0248447204968945,161,2025-08-08T12:00:44,sweep_sizenew,68,0.1,10000,1000,1.0,0.0,0.0,0.5,[0.5],0.5,1.0,-1.0,0.0,0.8,-0.8,0.0,0.5,score
overall,ours_refined,0.9086666666666666,1.1,1500,2025-08-08T12:00:44,sweep_sizenew,91,0.1,10000,3000,1.0,0.0,0.0,0.5,[0.5],0.5,1.0,-1.0,0.0,0.8,-0.8,0.0,0.5,score
easy_new,ours_refined,0.9117043121149897,1.093429158110883,974,2025-08-08T12:00:44,sweep_sizenew,91,0.1,10000,3000,1.0,0.0,0.0,0.5,[0.5],0.5,1.0,-1.0,0.0,0.8,-0.8,0.0,0.5,score
hard_new,ours_refined,0.903041825095057,1.1121673003802282,526,2025-08-08T12:00:44,sweep_sizenew,91,0.1,10000,3000,1.0,0.0,0.0,0.5,[0.5],0.5,1.0,-1.0,0.0,0.8,-0.8,0.0,0.5,score
overall,ours_refined,0.8866666666666667,1.0993333333333333,1500,2025-08-08T12:00:44,sweep_sizenew,58,0.1,10000,3000,1.0,0.0,0.0,0.5,[0.5],0.5,1.0,-1.0,0.0,0.8,-0.8,0.0,0.5,score
easy_new,ours_refined,0.8819374369323916,1.0918264379414733,991,2025-08-08T12:00:44,sweep_sizenew,58,0.1,10000,3000,1.0,0.0,0.0,0.5,[0.5],0.5,1.0,-1.0,0.0,0.8,-0.8,0.0,0.5,score
hard_new,ours_refined,0.8958742632612967,1.1139489194499017,509,2025-08-08T12:00:44,sweep_sizenew,58,0.1,10000,3000,1.0,0.0,0.0,0.5,[0.5],0.5,1.0,-1.0,0.0,0.8,-0.8,0.0,0.5,score
overall,ours_refined,0.922,1.1173333333333333,1500,2025-08-08T12:00:44,sweep_sizenew,84,0.1,10000,3000,1.0,0.0,0.0,0.5,[0.5],0.5,1.0,-1.0,0.0,0.8,-0.8,0.0,0.5,score
easy_new,ours_refined,0.9178356713426854,1.1042084168336674,998,2025-08-08T12:00:44,sweep_sizenew,84,0.1,10000,3000,1.0,0.0,0.0,0.5,[0.5],0.5,1.0,-1.0,0.0,0.8,-0.8,0.0,0.5,score
hard_new,ours_refined,0.9302788844621513,1.1434262948207172,502,2025-08-08T12:00:44,sweep_sizenew,84,0.1,10000,3000,1.0,0.0,0.0,0.5,[0.5],0.5,1.0,-1.0,0.0,0.8,-0.8,0.0,0.5,score
overall,ours_refined,0.8953333333333333,1.0966666666666667,1500,2025-08-08T12:00:44,sweep_sizenew,95,0.1,10000,3000,1.0,0.0,0.0,0.5,[0.5],0.5,1.0,-1.0,0.0,0.8,-0.8,0.0,0.5,score
easy_new,ours_refined,0.9,1.0785714285714285,980,2025-08-08T12:00:44,sweep_sizenew,95,0.1,10000,3000,1.0,0.0,0.0,0.5,[0.5],0.5,1.0,-1.0,0.0,0.8,-0.8,0.0,0.5,score
hard_new,ours_refined,0.8865384615384615,1.1307692307692307,520,2025-08-08T12:00:44,sweep_sizenew,95,0.1,10000,3000,1.0,0.0,0.0,0.5,[0.5],0.5,1.0,-1.0,0.0,0.8,-0.8,0.0,0.5,score
overall,ours_refined,0.882,1.058,1000,2025-08-08T12:00:44,sweep_sizenew,77,0.1,10000,2000,1.0,0.0,0.0,0.5,[0.5],0.5,1.0,-1.0,0.0,0.8,-0.8,0.0,0.5,score
easy_new,ours_refined,0.8829953198127926,1.046801872074883,641,2025-08-08T12:00:44,sweep_sizenew,77,0.1,10000,2000,1.0,0.0,0.0,0.5,[0.5],0.5,1.0,-1.0,0.0,0.8,-0.8,0.0,0.5,score
hard_new,ours_refined,0.8802228412256268,1.0779944289693593,359,2025-08-08T12:00:44,sweep_sizenew,77,0.1,10000,2000,1.0,0.0,0.0,0.5,[0.5],0.5,1.0,-1.0,0.0,0.8,-0.8,0.0,0.5,score
overall,ours_refined,0.9086666666666666,1.0926666666666667,1500,2025-08-08T12:00:45,sweep_sizenew,93,0.1,10000,3000,1.0,0.0,0.0,0.5,[0.5],0.5,1.0,-1.0,0.0,0.8,-0.8,0.0,0.5,score
easy_new,ours_refined,0.9072916666666667,1.0760416666666666,960,2025-08-08T12:00:45,sweep_sizenew,93,0.1,10000,3000,1.0,0.0,0.0,0.5,[0.5],0.5,1.0,-1.0,0.0,0.8,-0.8,0.0,0.5,score
hard_new,ours_refined,0.9111111111111111,1.1222222222222222,540,2025-08-08T12:00:45,sweep_sizenew,93,0.1,10000,3000,1.0,0.0,0.0,0.5,[0.5],0.5,1.0,-1.0,0.0,0.8,-0.8,0.0,0.5,score
overall,ours_refined,0.906,1.152,500,2025-08-08T12:00:45,sweep_sizenew,66,0.1,10000,1000,1.0,0.0,0.0,0.5,[0.5],0.5,1.0,-1.0,0.0,0.8,-0.8,0.0,0.5,score
easy_new,ours_refined,0.9050632911392406,1.110759493670886,316,2025-08-08T12:00:45,sweep_sizenew,66,0.1,10000,1000,1.0,0.0,0.0,0.5,[0.5],0.5,1.0,-1.0,0.0,0.8,-0.8,0.0,0.5,score
hard_new,ours_refined,0.907608695652174,1.2228260869565217,184,2025-08-08T12:00:45,sweep_sizenew,66,0.1,10000,1000,1.0,0.0,0.0,0.5,[0.5],0.5,1.0,-1.0,0.0,0.8,-0.8,0.0,0.5,score
overall,ours_refined,0.908,1.103,1000,2025-08-08T12:00:45,sweep_sizenew,76,0.1,10000,2000,1.0,0.0,0.0,0.5,[0.5],0.5,1.0,-1.0,0.0,0.8,-0.8,0.0,0.5,score
easy_new,ours_refined,0.9025487256371814,1.1004497751124438,667,2025-08-08T12:00:45,sweep_sizenew,76,0.1,10000,2000,1.0,0.0,0.0,0.5,[0.5],0.5,1.0,-1.0,0.0,0.8,-0.8,0.0,0.5,score
hard_new,ours_refined,0.918918918918919,1.1081081081081081,333,2025-08-08T12:00:45,sweep_sizenew,76,0.1,10000,2000,1.0,0.0,0.0,0.5,[0.5],0.5,1.0,-1.0,0.0,0.8,-0.8,0.0,0.5,score
overall,ours_refined,0.906,1.078,1500,2025-08-08T12:00:45,sweep_sizenew,89,0.1,10000,3000,1.0,0.0,0.0,0.5,[0.5],0.5,1.0,-1.0,0.0,0.8,-0.8,0.0,0.5,score
easy_new,ours_refined,0.9064748201438849,1.0637204522096608,973,2025-08-08T12:00:45,sweep_sizenew,89,0.1,10000,3000,1.0,0.0,0.0,0.5,[0.5],0.5,1.0,-1.0,0.0,0.8,-0.8,0.0,0.5,score
hard_new,ours_refined,0.905123339658444,1.1043643263757115,527,2025-08-08T12:00:45,sweep_sizenew,89,0.1,10000,3000,1.0,0.0,0.0,0.5,[0.5],0.5,1.0,-1.0,0.0,0.8,-0.8,0.0,0.5,score
overall,ours_refined,0.8846666666666667,1.0606666666666666,1500,2025-08-08T12:00:45,sweep_sizenew,96,0.1,10000,3000,1.0,0.0,0.0,0.5,[0.5],0.5,1.0,-1.0,0.0,0.8,-0.8,0.0,0.5,score
easy_new,ours_refined,0.8765690376569037,1.0564853556485356,956,2025-08-08T12:00:45,sweep_sizenew,96,0.1,10000,3000,1.0,0.0,0.0,0.5,[0.5],0.5,1.0,-1.0,0.0,0.8,-0.8,0.0,0.5,score
hard_new,ours_refined,0.8988970588235294,1.068014705882353,544,2025-08-08T12:00:45,sweep_sizenew,96,0.1,10000,3000,1.0,0.0,0.0,0.5,[0.5],0.5,1.0,-1.0,0.0,0.8,-0.8,0.0,0.5,score
overall,ours_refined,0.9053333333333333,1.1026666666666667,1500,2025-08-08T12:00:45,sweep_sizenew,94,0.1,10000,3000,1.0,0.0,0.0,0.5,[0.5],0.5,1.0,-1.0,0.0,0.8,-0.8,0.0,0.5,score
easy_new,ours_refined,0.9107692307692308,1.0861538461538462,975,2025-08-08T12:00:45,sweep_sizenew,94,0.1,10000,3000,1.0,0.0,0.0,0.5,[0.5],0.5,1.0,-1.0,0.0,0.8,-0.8,0.0,0.5,score
hard_new,ours_refined,0.8952380952380953,1.1333333333333333,525,2025-08-08T12:00:45,sweep_sizenew,94,0.1,10000,3000,1.0,0.0,0.0,0.5,[0.5],0.5,1.0,-1.0,0.0,0.8,-0.8,0.0,0.5,score
overall,ours_refined,0.902,1.0753333333333333,1500,2025-08-08T12:00:45,sweep_sizenew,88,0.1,10000,3000,1.0,0.0,0.0,0.5,[0.5],0.5,1.0,-1.0,0.0,0.8,-0.8,0.0,0.5,score
easy_new,ours_refined,0.8986960882647944,1.065195586760281,997,2025-08-08T12:00:45,sweep_sizenew,88,0.1,10000,3000,1.0,0.0,0.0,0.5,[0.5],0.5,1.0,-1.0,0.0,0.8,-0.8,0.0,0.5,score
hard_new,ours_refined,0.9085487077534792,1.095427435387674,503,2025-08-08T12:00:45,sweep_sizenew,88,0.1,10000,3000,1.0,0.0,0.0,0.5,[0.5],0.5,1.0,-1.0,0.0,0.8,-0.8,0.0,0.5,score
overall,ours_refined,0.904,1.094,500,2025-08-08T12:00:45,sweep_sizenew,65,0.1,10000,1000,1.0,0.0,0.0,0.5,[0.5],0.5,1.0,-1.0,0.0,0.8,-0.8,0.0,0.5,score
easy_new,ours_refined,0.9050445103857567,1.086053412462908,337,2025-08-08T12:00:45,sweep_sizenew,65,0.1,10000,1000,1.0,0.0,0.0,0.5,[0.5],0.5,1.0,-1.0,0.0,0.8,-0.8,0.0,0.5,score
hard_new,ours_refined,0.901840490797546,1.1104294478527608,163,2025-08-08T12:00:45,sweep_sizenew,65,0.1,10000,1000,1.0,0.0,0.0,0.5,[0.5],0.5,1.0,-1.0,0.0,0.8,-0.8,0.0,0.5,score
overall,ours_refined,0.902,1.1146666666666667,1500,2025-08-08T12:00:45,sweep_sizenew,92,0.1,10000,3000,1.0,0.0,0.0,0.5,[0.5],0.5,1.0,-1.0,0.0,0.8,-0.8,0.0,0.5,score
easy_new,ours_refined,0.8994871794871795,1.0964102564102565,975,2025-08-08T12:00:45,sweep_sizenew,92,0.1,10000,3000,1.0,0.0,0.0,0.5,[0.5],0.5,1.0,-1.0,0.0,0.8,-0.8,0.0,0.5,score
hard_new,ours_refined,0.9066666666666666,1.1485714285714286,525,2025-08-08T12:00:45,sweep_sizenew,92,0.1,10000,3000,1.0,0.0,0.0,0.5,[0.5],0.5,1.0,-1.0,0.0,0.8,-0.8,0.0,0.5,score
overall,ours_refined,0.8973333333333333,1.0806666666666667,1500,2025-08-08T12:00:45,sweep_sizenew,87,0.1,10000,3000,1.0,0.0,0.0,0.5,[0.5],0.5,1.0,-1.0,0.0,0.8,-0.8,0.0,0.5,score
easy_new,ours_refined,0.8979591836734694,1.063265306122449,980,2025-08-08T12:00:45,sweep_sizenew,87,0.1,10000,3000,1.0,0.0,0.0,0.5,[0.5],0.5,1.0,-1.0,0.0,0.8,-0.8,0.0,0.5,score
hard_new,ours_refined,0.8961538461538462,1.1134615384615385,520,2025-08-08T12:00:45,sweep_sizenew,87,0.1,10000,3000,1.0,0.0,0.0,0.5,[0.5],0.5,1.0,-1.0,0.0,0.8,-0.8,0.0,0.5,score
overall,ours_refined,0.8813333333333333,1.0613333333333332,1500,2025-08-08T12:00:45,sweep_sizenew,85,0.1,10000,3000,1.0,0.0,0.0,0.5,[0.5],0.5,1.0,-1.0,0.0,0.8,-0.8,0.0,0.5,score
easy_new,ours_refined,0.8838838838838838,1.06006006006006,999,2025-08-08T12:00:45,sweep_sizenew,85,0.1,10000,3000,1.0,0.0,0.0,0.5,[0.5],0.5,1.0,-1.0,0.0,0.8,-0.8,0.0,0.5,score
hard_new,ours_refined,0.8762475049900199,1.0638722554890219,501,2025-08-08T12:00:45,sweep_sizenew,85,0.1,10000,3000,1.0,0.0,0.0,0.5,[0.5],0.5,1.0,-1.0,0.0,0.8,-0.8,0.0,0.5,score
overall,ours_refined,0.9033333333333333,1.0726666666666667,1500,2025-08-08T12:00:45,sweep_sizenew,90,0.1,10000,3000,1.0,0.0,0.0,0.5,[0.5],0.5,1.0,-1.0,0.0,0.8,-0.8,0.0,0.5,score
easy_new,ours_refined,0.922,1.065,1000,2025-08-08T12:00:45,sweep_sizenew,90,0.1,10000,3000,1.0,0.0,0.0,0.5,[0.5],0.5,1.0,-1.0,0.0,0.8,-0.8,0.0,0.5,score
hard_new,ours_refined,0.866,1.088,500,2025-08-08T12:00:45,sweep_sizenew,90,0.1,10000,3000,1.0,0.0,0.0,0.5,[0.5],0.5,1.0,-1.0,0.0,0.8,-0.8,0.0,0.5,score
overall,ours_refined,0.9026666666666666,1.0946666666666667,1500,2025-08-08T12:00:45,sweep_sizenew,86,0.1,10000,3000,1.0,0.0,0.0,0.5,[0.5],0.5,1.0,-1.0,0.0,0.8,-0.8,0.0,0.5,score
easy_new,ours_refined,0.9038076152304609,1.0851703406813626,998,2025-08-08T12:00:45,sweep_sizenew,86,0.1,10000,3000,1.0,0.0,0.0,0.5,[0.5],0.5,1.0,-1.0,0.0,0.8,-0.8,0.0,0.5,score
hard_new,ours_refined,0.900398406374502,1.1135458167330676,502,2025-08-08T12:00:45,sweep_sizenew,86,0.1,10000,3000,1.0,0.0,0.0,0.5,[0.5],0.5,1.0,-1.0,0.0,0.8,-0.8,0.0,0.5,score
overall,ours_refined,0.909,1.089,1000,2025-08-08T12:00:45,sweep_sizenew,75,0.1,10000,2000,1.0,0.0,0.0,0.5,[0.5],0.5,1.0,-1.0,0.0,0.8,-0.8,0.0,0.5,score
easy_new,ours_refined,0.906396255850234,1.0702028081123245,641,2025-08-08T12:00:45,sweep_sizenew,75,0.1,10000,2000,1.0,0.0,0.0,0.5,[0.5],0.5,1.0,-1.0,0.0,0.8,-0.8,0.0,0.5,score
hard_new,ours_refined,0.9136490250696379,1.1225626740947074,359,2025-08-08T12:00:45,sweep_sizenew,75,0.1,10000,2000,1.0,0.0,0.0,0.5,[0.5],0.5,1.0,-1.0,0.0,0.8,-0.8,0.0,0.5,score
overall,ours_refined,0.904,1.0973333333333333,1500,2025-08-08T12:00:46,sweep_sizenew,56,0.1,10000,3000,1.0,0.0,0.0,0.5,[0.5],0.5,1.0,-1.0,0.0,0.8,-0.8,0.0,0.5,score
easy_new,ours_refined,0.8994974874371859,1.0834170854271357,995,2025-08-08T12:00:46,sweep_sizenew,56,0.1,10000,3000,1.0,0.0,0.0,0.5,[0.5],0.5,1.0,-1.0,0.0,0.8,-0.8,0.0,0.5,score
hard_new,ours_refined,0.9128712871287129,1.1247524752475249,505,2025-08-08T12:00:46,sweep_sizenew,56,0.1,10000,3000,1.0,0.0,0.0,0.5,[0.5],0.5,1.0,-1.0,0.0,0.8,-0.8,0.0,0.5,score
overall,ours_refined,0.9086666666666666,1.096,1500,2025-08-08T12:00:46,sweep_sizenew,72,0.1,10000,3000,1.0,0.0,0.0,0.5,[0.5],0.5,1.0,-1.0,0.0,0.8,-0.8,0.0,0.5,score
easy_new,ours_refined,0.9126016260162602,1.0833333333333333,984,2025-08-08T12:00:46,sweep_sizenew,72,0.1,10000,3000,1.0,0.0,0.0,0.5,[0.5],0.5,1.0,-1.0,0.0,0.8,-0.8,0.0,0.5,score
hard_new,ours_refined,0.9011627906976745,1.12015503875969,516,2025-08-08T12:00:46,sweep_sizenew,72,0.1,10000,3000,1.0,0.0,0.0,0.5,[0.5],0.5,1.0,-1.0,0.0,0.8,-0.8,0.0,0.5,score
overall,ours_refined,0.8993333333333333,1.0866666666666667,1500,2025-08-08T12:00:46,sweep_sizenew,55,0.1,10000,3000,1.0,0.0,0.0,0.5,[0.5],0.5,1.0,-1.0,0.0,0.8,-0.8,0.0,0.5,score
easy_new,ours_refined,0.9102316602316602,1.0781853281853282,1036,2025-08-08T12:00:46,sweep_sizenew,55,0.1,10000,3000,1.0,0.0,0.0,0.5,[0.5],0.5,1.0,-1.0,0.0,0.8,-0.8,0.0,0.5,score
hard_new,ours_refined,0.875,1.105603448275862,464,2025-08-08T12:00:46,sweep_sizenew,55,0.1,10000,3000,1.0,0.0,0.0,0.5,[0.5],0.5,1.0,-1.0,0.0,0.8,-0.8,0.0,0.5,score
overall,ours_refined,0.8993333333333333,1.08,1500,2025-08-08T12:00:46,sweep_sizenew,69,0.1,10000,3000,1.0,0.0,0.0,0.5,[0.5],0.5,1.0,-1.0,0.0,0.8,-0.8,0.0,0.5,score
easy_new,ours_refined,0.902834008097166,1.0718623481781377,988,2025-08-08T12:00:46,sweep_sizenew,69,0.1,10000,3000,1.0,0.0,0.0,0.5,[0.5],0.5,1.0,-1.0,0.0,0.8,-0.8,0.0,0.5,score
hard_new,ours_refined,0.892578125,1.095703125,512,2025-08-08T12:00:46,sweep_sizenew,69,0.1,10000,3000,1.0,0.0,0.0,0.5,[0.5],0.5,1.0,-1.0,0.0,0.8,-0.8,0.0,0.5,score
overall,ours_refined,0.8928888888888888,1.0746666666666667,4500,2025-08-08T12:00:46,sweep_sizenew,36,0.1,10000,9000,1.0,0.0,0.0,0.5,[0.5],0.5,1.0,-1.0,0.0,0.8,-0.8,0.0,0.5,score
easy_new,ours_refined,0.9062710721510452,1.066756574511126,2966,2025-08-08T12:00:46,sweep_sizenew,36,0.1,10000,9000,1.0,0.0,0.0,0.5,[0.5],0.5,1.0,-1.0,0.0,0.8,-0.8,0.0,0.5,score
hard_new,ours_refined,0.8670143415906127,1.0899608865710562,1534,2025-08-08T12:00:46,sweep_sizenew,36,0.1,10000,9000,1.0,0.0,0.0,0.5,[0.5],0.5,1.0,-1.0,0.0,0.8,-0.8,0.0,0.5,score
overall,ours_refined,0.885,1.115,200,2025-08-08T12:00:46,sweep_sizenew,61,0.1,10000,400,1.0,0.0,0.0,0.5,[0.5],0.5,1.0,-1.0,0.0,0.8,-0.8,0.0,0.5,score
easy_new,ours_refined,0.8785714285714286,1.1,140,2025-08-08T12:00:46,sweep_sizenew,61,0.1,10000,400,1.0,0.0,0.0,0.5,[0.5],0.5,1.0,-1.0,0.0,0.8,-0.8,0.0,0.5,score
hard_new,ours_refined,0.9,1.15,60,2025-08-08T12:00:46,sweep_sizenew,61,0.1,10000,400,1.0,0.0,0.0,0.5,[0.5],0.5,1.0,-1.0,0.0,0.8,-0.8,0.0,0.5,score
overall,ours_refined,0.9048888888888889,1.0948888888888888,4500,2025-08-08T12:00:46,sweep_sizenew,37,0.1,10000,9000,1.0,0.0,0.0,0.5,[0.5],0.5,1.0,-1.0,0.0,0.8,-0.8,0.0,0.5,score
easy_new,ours_refined,0.9121171770972037,1.086884154460719,3004,2025-08-08T12:00:46,sweep_sizenew,37,0.1,10000,9000,1.0,0.0,0.0,0.5,[0.5],0.5,1.0,-1.0,0.0,0.8,-0.8,0.0,0.5,score
hard_new,ours_refined,0.8903743315508021,1.11096256684492,1496,2025-08-08T12:00:46,sweep_sizenew,37,0.1,10000,9000,1.0,0.0,0.0,0.5,[0.5],0.5,1.0,-1.0,0.0,0.8,-0.8,0.0,0.5,score
overall,ours_refined,0.8933333333333333,1.0773333333333333,1500,2025-08-08T12:00:46,sweep_sizenew,57,0.1,10000,3000,1.0,0.0,0.0,0.5,[0.5],0.5,1.0,-1.0,0.0,0.8,-0.8,0.0,0.5,score
easy_new,ours_refined,0.8941532258064516,1.0675403225806452,992,2025-08-08T12:00:46,sweep_sizenew,57,0.1,10000,3000,1.0,0.0,0.0,0.5,[0.5],0.5,1.0,-1.0,0.0,0.8,-0.8,0.0,0.5,score
hard_new,ours_refined,0.8917322834645669,1.0964566929133859,508,2025-08-08T12:00:46,sweep_sizenew,57,0.1,10000,3000,1.0,0.0,0.0,0.5,[0.5],0.5,1.0,-1.0,0.0,0.8,-0.8,0.0,0.5,score
overall,ours_refined,0.875,1.065,200,2025-08-08T12:00:46,sweep_sizenew,62,0.1,10000,400,1.0,0.0,0.0,0.5,[0.5],0.5,1.0,-1.0,0.0,0.8,-0.8,0.0,0.5,score
easy_new,ours_refined,0.8846153846153846,1.0615384615384615,130,2025-08-08T12:00:46,sweep_sizenew,62,0.1,10000,400,1.0,0.0,0.0,0.5,[0.5],0.5,1.0,-1.0,0.0,0.8,-0.8,0.0,0.5,score
hard_new,ours_refined,0.8571428571428571,1.0714285714285714,70,2025-08-08T12:00:46,sweep_sizenew,62,0.1,10000,400,1.0,0.0,0.0,0.5,[0.5],0.5,1.0,-1.0,0.0,0.8,-0.8,0.0,0.5,score
overall,ours_refined,0.8971111111111111,1.0908888888888888,4500,2025-08-08T12:00:46,sweep_sizenew,38,0.1,10000,9000,1.0,0.0,0.0,0.5,[0.5],0.5,1.0,-1.0,0.0,0.8,-0.8,0.0,0.5,score
easy_new,ours_refined,0.9024798927613941,1.0884718498659518,2984,2025-08-08T12:00:46,sweep_sizenew,38,0.1,10000,9000,1.0,0.0,0.0,0.5,[0.5],0.5,1.0,-1.0,0.0,0.8,-0.8,0.0,0.5,score
hard_new,ours_refined,0.8865435356200527,1.095646437994723,1516,2025-08-08T12:00:46,sweep_sizenew,38,0.1,10000,9000,1.0,0.0,0.0,0.5,[0.5],0.5,1.0,-1.0,0.0,0.8,-0.8,0.0,0.5,score
overall,ours_refined,0.9006666666666666,1.1153333333333333,1500,2025-08-08T12:00:46,sweep_sizenew,70,0.1,10000,3000,1.0,0.0,0.0,0.5,[0.5],0.5,1.0,-1.0,0.0,0.8,-0.8,0.0,0.5,score
easy_new,ours_refined,0.907258064516129,1.1038306451612903,992,2025-08-08T12:00:46,sweep_sizenew,70,0.1,10000,3000,1.0,0.0,0.0,0.5,[0.5],0.5,1.0,-1.0,0.0,0.8,-0.8,0.0,0.5,score
hard_new,ours_refined,0.8877952755905512,1.1377952755905512,508,2025-08-08T12:00:46,sweep_sizenew,70,0.1,10000,3000,1.0,0.0,0.0,0.5,[0.5],0.5,1.0,-1.0,0.0,0.8,-0.8,0.0,0.5,score
overall,ours_refined,0.9053333333333333,1.068,1500,2025-08-08T12:00:46,sweep_sizenew,71,0.1,10000,3000,1.0,0.0,0.0,0.5,[0.5],0.5,1.0,-1.0,0.0,0.8,-0.8,0.0,0.5,score
easy_new,ours_refined,0.9039039039039038,1.054054054054054,999,2025-08-08T12:00:46,sweep_sizenew,71,0.1,10000,3000,1.0,0.0,0.0,0.5,[0.5],0.5,1.0,-1.0,0.0,0.8,-0.8,0.0,0.5,score
hard_new,ours_refined,0.908183632734531,1.095808383233533,501,2025-08-08T12:00:46,sweep_sizenew,71,0.1,10000,3000,1.0,0.0,0.0,0.5,[0.5],0.5,1.0,-1.0,0.0,0.8,-0.8,0.0,0.5,score
overall,ours_refined,0.886,1.06,1000,2025-08-08T12:00:47,sweep_sizenew,59,0.1,10000,2000,1.0,0.0,0.0,0.5,[0.5],0.5,1.0,-1.0,0.0,0.8,-0.8,0.0,0.5,score
easy_new,ours_refined,0.8910569105691057,1.0552845528455284,615,2025-08-08T12:00:47,sweep_sizenew,59,0.1,10000,2000,1.0,0.0,0.0,0.5,[0.5],0.5,1.0,-1.0,0.0,0.8,-0.8,0.0,0.5,score
hard_new,ours_refined,0.8779220779220779,1.0675324675324676,385,2025-08-08T12:00:47,sweep_sizenew,59,0.1,10000,2000,1.0,0.0,0.0,0.5,[0.5],0.5,1.0,-1.0,0.0,0.8,-0.8,0.0,0.5,score
overall,ours_refined,0.891,1.082,1000,2025-08-08T12:00:47,sweep_sizenew,60,0.1,10000,2000,1.0,0.0,0.0,0.5,[0.5],0.5,1.0,-1.0,0.0,0.8,-0.8,0.0,0.5,score
easy_new,ours_refined,0.9229607250755287,1.06797583081571,662,2025-08-08T12:00:47,sweep_sizenew,60,0.1,10000,2000,1.0,0.0,0.0,0.5,[0.5],0.5,1.0,-1.0,0.0,0.8,-0.8,0.0,0.5,score
hard_new,ours_refined,0.8284023668639053,1.1094674556213018,338,2025-08-08T12:00:47,sweep_sizenew,60,0.1,10000,2000,1.0,0.0,0.0,0.5,[0.5],0.5,1.0,-1.0,0.0,0.8,-0.8,0.0,0.5,score
overall,ours_refined,0.9043333333333333,1.082,3000,2025-08-08T12:00:47,sweep_sizenew,49,0.1,10000,6000,1.0,0.0,0.0,0.5,[0.5],0.5,1.0,-1.0,0.0,0.8,-0.8,0.0,0.5,score
easy_new,ours_refined,0.909598781107161,1.0721178263077704,1969,2025-08-08T12:00:47,sweep_sizenew,49,0.1,10000,6000,1.0,0.0,0.0,0.5,[0.5],0.5,1.0,-1.0,0.0,0.8,-0.8,0.0,0.5,score
hard_new,ours_refined,0.8942774005819593,1.1008729388942775,1031,2025-08-08T12:00:47,sweep_sizenew,49,0.1,10000,6000,1.0,0.0,0.0,0.5,[0.5],0.5,1.0,-1.0,0.0,0.8,-0.8,0.0,0.5,score
overall,ours_refined,0.9053333333333333,1.0866666666666667,1500,2025-08-08T12:00:47,sweep_sizenew,74,0.1,10000,3000,1.0,0.0,0.0,0.5,[0.5],0.5,1.0,-1.0,0.0,0.8,-0.8,0.0,0.5,score
easy_new,ours_refined,0.9118811881188119,1.0762376237623763,1010,2025-08-08T12:00:47,sweep_sizenew,74,0.1,10000,3000,1.0,0.0,0.0,0.5,[0.5],0.5,1.0,-1.0,0.0,0.8,-0.8,0.0,0.5,score
hard_new,ours_refined,0.8918367346938776,1.1081632653061224,490,2025-08-08T12:00:47,sweep_sizenew,74,0.1,10000,3000,1.0,0.0,0.0,0.5,[0.5],0.5,1.0,-1.0,0.0,0.8,-0.8,0.0,0.5,score
overall,ours_refined,0.8976666666666666,1.0923333333333334,3000,2025-08-08T12:00:47,sweep_sizenew,51,0.1,10000,6000,1.0,0.0,0.0,0.5,[0.5],0.5,1.0,-1.0,0.0,0.8,-0.8,0.0,0.5,score
easy_new,ours_refined,0.8975409836065574,1.076844262295082,1952,2025-08-08T12:00:47,sweep_sizenew,51,0.1,10000,6000,1.0,0.0,0.0,0.5,[0.5],0.5,1.0,-1.0,0.0,0.8,-0.8,0.0,0.5,score
hard_new,ours_refined,0.8979007633587787,1.1211832061068703,1048,2025-08-08T12:00:47,sweep_sizenew,51,0.1,10000,6000,1.0,0.0,0.0,0.5,[0.5],0.5,1.0,-1.0,0.0,0.8,-0.8,0.0,0.5,score
overall,ours_refined,0.9053333333333333,1.0586666666666666,1500,2025-08-08T12:00:47,sweep_sizenew,73,0.1,10000,3000,1.0,0.0,0.0,0.5,[0.5],0.5,1.0,-1.0,0.0,0.8,-0.8,0.0,0.5,score
easy_new,ours_refined,0.9070010449320794,1.058516196447231,957,2025-08-08T12:00:47,sweep_sizenew,73,0.1,10000,3000,1.0,0.0,0.0,0.5,[0.5],0.5,1.0,-1.0,0.0,0.8,-0.8,0.0,0.5,score
hard_new,ours_refined,0.9023941068139963,1.0589318600368325,543,2025-08-08T12:00:47,sweep_sizenew,73,0.1,10000,3000,1.0,0.0,0.0,0.5,[0.5],0.5,1.0,-1.0,0.0,0.8,-0.8,0.0,0.5,score
overall,ours_refined,0.9033333333333333,1.0933333333333333,300,2025-08-08T12:00:48,sweep_sizenew,98,0.1,10000,600,1.0,0.0,0.0,0.5,[0.5],0.5,1.0,-1.0,0.0,0.8,-0.8,0.0,0.5,score
easy_new,ours_refined,0.9040404040404041,1.0606060606060606,198,2025-08-08T12:00:48,sweep_sizenew,98,0.1,10000,600,1.0,0.0,0.0,0.5,[0.5],0.5,1.0,-1.0,0.0,0.8,-0.8,0.0,0.5,score
hard_new,ours_refined,0.9019607843137255,1.1568627450980393,102,2025-08-08T12:00:48,sweep_sizenew,98,0.1,10000,600,1.0,0.0,0.0,0.5,[0.5],0.5,1.0,-1.0,0.0,0.8,-0.8,0.0,0.5,score
overall,ours_refined,0.9033333333333333,1.13,300,2025-08-08T12:00:48,sweep_sizenew,100,0.1,10000,600,1.0,0.0,0.0,0.5,[0.5],0.5,1.0,-1.0,0.0,0.8,-0.8,0.0,0.5,score
easy_new,ours_refined,0.8838383838383839,1.1111111111111112,198,2025-08-08T12:00:48,sweep_sizenew,100,0.1,10000,600,1.0,0.0,0.0,0.5,[0.5],0.5,1.0,-1.0,0.0,0.8,-0.8,0.0,0.5,score
hard_new,ours_refined,0.9411764705882353,1.1666666666666667,102,2025-08-08T12:00:48,sweep_sizenew,100,0.1,10000,600,1.0,0.0,0.0,0.5,[0.5],0.5,1.0,-1.0,0.0,0.8,-0.8,0.0,0.5,score
overall,ours_refined,0.9433333333333334,1.24,300,2025-08-08T12:00:48,sweep_sizenew,99,0.1,10000,600,1.0,0.0,0.0,0.5,[0.5],0.5,1.0,-1.0,0.0,0.8,-0.8,0.0,0.5,score
easy_new,ours_refined,0.958139534883721,1.2279069767441861,215,2025-08-08T12:00:48,sweep_sizenew,99,0.1,10000,600,1.0,0.0,0.0,0.5,[0.5],0.5,1.0,-1.0,0.0,0.8,-0.8,0.0,0.5,score
hard_new,ours_refined,0.9058823529411765,1.2705882352941176,85,2025-08-08T12:00:48,sweep_sizenew,99,0.1,10000,600,1.0,0.0,0.0,0.5,[0.5],0.5,1.0,-1.0,0.0,0.8,-0.8,0.0,0.5,score
overall,ours_refined,0.9133333333333333,1.1143333333333334,3000,2025-08-08T12:00:49,sweep_sizenew,47,0.1,10000,6000,1.0,0.0,0.0,0.5,[0.5],0.5,1.0,-1.0,0.0,0.8,-0.8,0.0,0.5,score
easy_new,ours_refined,0.9165409753645047,1.1030668677727502,1989,2025-08-08T12:00:49,sweep_sizenew,47,0.1,10000,6000,1.0,0.0,0.0,0.5,[0.5],0.5,1.0,-1.0,0.0,0.8,-0.8,0.0,0.5,score
hard_new,ours_refined,0.9070227497527201,1.1364985163204748,1011,2025-08-08T12:00:49,sweep_sizenew,47,0.1,10000,6000,1.0,0.0,0.0,0.5,[0.5],0.5,1.0,-1.0,0.0,0.8,-0.8,0.0,0.5,score
overall,ours_refined,0.905,1.0816666666666668,3000,2025-08-08T12:00:49,sweep_sizenew,48,0.1,10000,6000,1.0,0.0,0.0,0.5,[0.5],0.5,1.0,-1.0,0.0,0.8,-0.8,0.0,0.5,score
easy_new,ours_refined,0.9155422288855573,1.077961019490255,2001,2025-08-08T12:00:49,sweep_sizenew,48,0.1,10000,6000,1.0,0.0,0.0,0.5,[0.5],0.5,1.0,-1.0,0.0,0.8,-0.8,0.0,0.5,score
hard_new,ours_refined,0.8838838838838838,1.0890890890890892,999,2025-08-08T12:00:49,sweep_sizenew,48,0.1,10000,6000,1.0,0.0,0.0,0.5,[0.5],0.5,1.0,-1.0,0.0,0.8,-0.8,0.0,0.5,score
overall,ours_refined,0.9076,1.0884,2500,2025-08-08T12:00:49,sweep_sizenew,80,0.1,10000,5000,1.0,0.0,0.0,0.5,[0.5],0.5,1.0,-1.0,0.0,0.8,-0.8,0.0,0.5,score
easy_new,ours_refined,0.9045346062052506,1.0769689737470167,1676,2025-08-08T12:00:49,sweep_sizenew,80,0.1,10000,5000,1.0,0.0,0.0,0.5,[0.5],0.5,1.0,-1.0,0.0,0.8,-0.8,0.0,0.5,score
hard_new,ours_refined,0.9138349514563107,1.1116504854368932,824,2025-08-08T12:00:49,sweep_sizenew,80,0.1,10000,5000,1.0,0.0,0.0,0.5,[0.5],0.5,1.0,-1.0,0.0,0.8,-0.8,0.0,0.5,score
overall,ours_refined,1.0,1.26,50,2025-08-08T12:00:49,sweep_sizenew,54,0.1,10000,100,1.0,0.0,0.0,0.5,[0.5],0.5,1.0,-1.0,0.0,0.8,-0.8,0.0,0.5,score
easy_new,ours_refined,1.0,1.1176470588235294,34,2025-08-08T12:00:49,sweep_sizenew,54,0.1,10000,100,1.0,0.0,0.0,0.5,[0.5],0.5,1.0,-1.0,0.0,0.8,-0.8,0.0,0.5,score
hard_new,ours_refined,1.0,1.5625,16,2025-08-08T12:00:49,sweep_sizenew,54,0.1,10000,100,1.0,0.0,0.0,0.5,[0.5],0.5,1.0,-1.0,0.0,0.8,-0.8,0.0,0.5,score
overall,ours_refined,0.884,1.07,1000,2025-08-08T12:00:49,sweep_sizenew,67,0.1,10000,2000,1.0,0.0,0.0,0.5,[0.5],0.5,1.0,-1.0,0.0,0.8,-0.8,0.0,0.5,score
easy_new,ours_refined,0.8972809667673716,1.06797583081571,662,2025-08-08T12:00:49,sweep_sizenew,67,0.1,10000,2000,1.0,0.0,0.0,0.5,[0.5],0.5,1.0,-1.0,0.0,0.8,-0.8,0.0,0.5,score
hard_new,ours_refined,0.8579881656804734,1.0739644970414202,338,2025-08-08T12:00:49,sweep_sizenew,67,0.1,10000,2000,1.0,0.0,0.0,0.5,[0.5],0.5,1.0,-1.0,0.0,0.8,-0.8,0.0,0.5,score
overall,ours_refined,0.9006666666666666,1.087,3000,2025-08-08T12:00:49,sweep_sizenew,45,0.1,10000,6000,1.0,0.0,0.0,0.5,[0.5],0.5,1.0,-1.0,0.0,0.8,-0.8,0.0,0.5,score
easy_new,ours_refined,0.9053313403089188,1.0777279521674141,2007,2025-08-08T12:00:49,sweep_sizenew,45,0.1,10000,6000,1.0,0.0,0.0,0.5,[0.5],0.5,1.0,-1.0,0.0,0.8,-0.8,0.0,0.5,score
hard_new,ours_refined,0.8912386706948641,1.105740181268882,993,2025-08-08T12:00:49,sweep_sizenew,45,0.1,10000,6000,1.0,0.0,0.0,0.5,[0.5],0.5,1.0,-1.0,0.0,0.8,-0.8,0.0,0.5,score
overall,ours_refined,0.908,1.104,2500,2025-08-08T12:00:50,sweep_sizenew,79,0.1,10000,5000,1.0,0.0,0.0,0.5,[0.5],0.5,1.0,-1.0,0.0,0.8,-0.8,0.0,0.5,score
easy_new,ours_refined,0.9052443384982122,1.0864123957091776,1678,2025-08-08T12:00:50,sweep_sizenew,79,0.1,10000,5000,1.0,0.0,0.0,0.5,[0.5],0.5,1.0,-1.0,0.0,0.8,-0.8,0.0,0.5,score
hard_new,ours_refined,0.9136253041362531,1.1399026763990268,822,2025-08-08T12:00:50,sweep_sizenew,79,0.1,10000,5000,1.0,0.0,0.0,0.5,[0.5],0.5,1.0,-1.0,0.0,0.8,-0.8,0.0,0.5,score
overall,ours_refined,0.9116666666666666,1.1043333333333334,3000,2025-08-08T12:00:50,sweep_sizenew,46,0.1,10000,6000,1.0,0.0,0.0,0.5,[0.5],0.5,1.0,-1.0,0.0,0.8,-0.8,0.0,0.5,score
easy_new,ours_refined,0.9149676777722526,1.0944803580308304,2011,2025-08-08T12:00:50,sweep_sizenew,46,0.1,10000,6000,1.0,0.0,0.0,0.5,[0.5],0.5,1.0,-1.0,0.0,0.8,-0.8,0.0,0.5,score
hard_new,ours_refined,0.9049544994944388,1.1243680485338725,989,2025-08-08T12:00:50,sweep_sizenew,46,0.1,10000,6000,1.0,0.0,0.0,0.5,[0.5],0.5,1.0,-1.0,0.0,0.8,-0.8,0.0,0.5,score
overall,ours_refined,0.8033333333333333,0.9666666666666667,300,2025-08-08T12:00:50,sweep_sizenew,97,0.1,10000,600,1.0,0.0,0.0,0.5,[0.5],0.5,1.0,-1.0,0.0,0.8,-0.8,0.0,0.5,score
easy_new,ours_refined,0.8022598870056498,0.9548022598870056,177,2025-08-08T12:00:50,sweep_sizenew,97,0.1,10000,600,1.0,0.0,0.0,0.5,[0.5],0.5,1.0,-1.0,0.0,0.8,-0.8,0.0,0.5,score
hard_new,ours_refined,0.8048780487804879,0.983739837398374,123,2025-08-08T12:00:50,sweep_sizenew,97,0.1,10000,600,1.0,0.0,0.0,0.5,[0.5],0.5,1.0,-1.0,0.0,0.8,-0.8,0.0,0.5,score
overall,ours_refined,0.913,1.051,1000,2025-08-08T12:00:50,sweep_sizenew,68,0.1,10000,2000,1.0,0.0,0.0,0.5,[0.5],0.5,1.0,-1.0,0.0,0.8,-0.8,0.0,0.5,score
easy_new,ours_refined,0.9095092024539877,1.0414110429447854,652,2025-08-08T12:00:50,sweep_sizenew,68,0.1,10000,2000,1.0,0.0,0.0,0.5,[0.5],0.5,1.0,-1.0,0.0,0.8,-0.8,0.0,0.5,score
hard_new,ours_refined,0.9195402298850575,1.0689655172413792,348,2025-08-08T12:00:50,sweep_sizenew,68,0.1,10000,2000,1.0,0.0,0.0,0.5,[0.5],0.5,1.0,-1.0,0.0,0.8,-0.8,0.0,0.5,score
overall,ours_refined,0.8985714285714286,1.082,3500,2025-08-08T12:00:50,sweep_sizenew,43,0.1,10000,7000,1.0,0.0,0.0,0.5,[0.5],0.5,1.0,-1.0,0.0,0.8,-0.8,0.0,0.5,score
easy_new,ours_refined,0.9097252507631923,1.0658525948539033,2293,2025-08-08T12:00:50,sweep_sizenew,43,0.1,10000,7000,1.0,0.0,0.0,0.5,[0.5],0.5,1.0,-1.0,0.0,0.8,-0.8,0.0,0.5,score
hard_new,ours_refined,0.8773819386909694,1.1126760563380282,1207,2025-08-08T12:00:50,sweep_sizenew,43,0.1,10000,7000,1.0,0.0,0.0,0.5,[0.5],0.5,1.0,-1.0,0.0,0.8,-0.8,0.0,0.5,score
overall,ours_refined,0.9065714285714286,1.1054285714285714,3500,2025-08-08T12:00:50,sweep_sizenew,44,0.1,10000,7000,1.0,0.0,0.0,0.5,[0.5],0.5,1.0,-1.0,0.0,0.8,-0.8,0.0,0.5,score
easy_new,ours_refined,0.9069254521393912,1.0992501102779002,2267,2025-08-08T12:00:50,sweep_sizenew,44,0.1,10000,7000,1.0,0.0,0.0,0.5,[0.5],0.5,1.0,-1.0,0.0,0.8,-0.8,0.0,0.5,score
hard_new,ours_refined,0.9059205190592052,1.1167883211678833,1233,2025-08-08T12:00:50,sweep_sizenew,44,0.1,10000,7000,1.0,0.0,0.0,0.5,[0.5],0.5,1.0,-1.0,0.0,0.8,-0.8,0.0,0.5,score
overall,ours_refined,0.8984,1.0824,2500,2025-08-08T12:00:50,sweep_sizenew,53,0.1,10000,5000,1.0,0.0,0.0,0.5,[0.5],0.5,1.0,-1.0,0.0,0.8,-0.8,0.0,0.5,score
easy_new,ours_refined,0.9039145907473309,1.0747330960854093,1686,2025-08-08T12:00:50,sweep_sizenew,53,0.1,10000,5000,1.0,0.0,0.0,0.5,[0.5],0.5,1.0,-1.0,0.0,0.8,-0.8,0.0,0.5,score
hard_new,ours_refined,0.8869778869778869,1.0982800982800982,814,2025-08-08T12:00:50,sweep_sizenew,53,0.1,10000,5000,1.0,0.0,0.0,0.5,[0.5],0.5,1.0,-1.0,0.0,0.8,-0.8,0.0,0.5,score
overall,ours_refined,0.913,1.106,1000,2025-08-08T12:00:50,sweep_sizenew,66,0.1,10000,2000,1.0,0.0,0.0,0.5,[0.5],0.5,1.0,-1.0,0.0,0.8,-0.8,0.0,0.5,score
easy_new,ours_refined,0.9086687306501547,1.0866873065015479,646,2025-08-08T12:00:50,sweep_sizenew,66,0.1,10000,2000,1.0,0.0,0.0,0.5,[0.5],0.5,1.0,-1.0,0.0,0.8,-0.8,0.0,0.5,score
hard_new,ours_refined,0.9209039548022598,1.1412429378531073,354,2025-08-08T12:00:50,sweep_sizenew,66,0.1,10000,2000,1.0,0.0,0.0,0.5,[0.5],0.5,1.0,-1.0,0.0,0.8,-0.8,0.0,0.5,score
overall,ours_refined,0.9,1.086,1000,2025-08-08T12:00:50,sweep_sizenew,65,0.1,10000,2000,1.0,0.0,0.0,0.5,[0.5],0.5,1.0,-1.0,0.0,0.8,-0.8,0.0,0.5,score
easy_new,ours_refined,0.8976945244956772,1.0821325648414986,694,2025-08-08T12:00:50,sweep_sizenew,65,0.1,10000,2000,1.0,0.0,0.0,0.5,[0.5],0.5,1.0,-1.0,0.0,0.8,-0.8,0.0,0.5,score
hard_new,ours_refined,0.9052287581699346,1.0947712418300655,306,2025-08-08T12:00:50,sweep_sizenew,65,0.1,10000,2000,1.0,0.0,0.0,0.5,[0.5],0.5,1.0,-1.0,0.0,0.8,-0.8,0.0,0.5,score
overall,ours_refined,0.912,1.112,1000,2025-08-08T12:00:50,sweep_sizenew,63,0.1,10000,2000,1.0,0.0,0.0,0.5,[0.5],0.5,1.0,-1.0,0.0,0.8,-0.8,0.0,0.5,score
easy_new,ours_refined,0.9049773755656109,1.0980392156862746,663,2025-08-08T12:00:50,sweep_sizenew,63,0.1,10000,2000,1.0,0.0,0.0,0.5,[0.5],0.5,1.0,-1.0,0.0,0.8,-0.8,0.0,0.5,score
hard_new,ours_refined,0.9258160237388724,1.13946587537092,337,2025-08-08T12:00:50,sweep_sizenew,63,0.1,10000,2000,1.0,0.0,0.0,0.5,[0.5],0.5,1.0,-1.0,0.0,0.8,-0.8,0.0,0.5,score
overall,ours_refined,0.9144,1.1128,2500,2025-08-08T12:00:50,sweep_sizenew,78,0.1,10000,5000,1.0,0.0,0.0,0.5,[0.5],0.5,1.0,-1.0,0.0,0.8,-0.8,0.0,0.5,score
easy_new,ours_refined,0.9213483146067416,1.1046717918391484,1691,2025-08-08T12:00:50,sweep_sizenew,78,0.1,10000,5000,1.0,0.0,0.0,0.5,[0.5],0.5,1.0,-1.0,0.0,0.8,-0.8,0.0,0.5,score
hard_new,ours_refined,0.899876390605686,1.1297898640296662,809,2025-08-08T12:00:50,sweep_sizenew,78,0.1,10000,5000,1.0,0.0,0.0,0.5,[0.5],0.5,1.0,-1.0,0.0,0.8,-0.8,0.0,0.5,score
overall,ours_refined,0.9092,1.1004,2500,2025-08-08T12:00:51,sweep_sizenew,82,0.1,10000,5000,1.0,0.0,0.0,0.5,[0.5],0.5,1.0,-1.0,0.0,0.8,-0.8,0.0,0.5,score
easy_new,ours_refined,0.9053325344517675,1.0808867585380468,1669,2025-08-08T12:00:51,sweep_sizenew,82,0.1,10000,5000,1.0,0.0,0.0,0.5,[0.5],0.5,1.0,-1.0,0.0,0.8,-0.8,0.0,0.5,score
hard_new,ours_refined,0.9169675090252708,1.1395908543922983,831,2025-08-08T12:00:51,sweep_sizenew,82,0.1,10000,5000,1.0,0.0,0.0,0.5,[0.5],0.5,1.0,-1.0,0.0,0.8,-0.8,0.0,0.5,score
overall,ours_refined,0.9108,1.108,2500,2025-08-08T12:00:51,sweep_sizenew,81,0.1,10000,5000,1.0,0.0,0.0,0.5,[0.5],0.5,1.0,-1.0,0.0,0.8,-0.8,0.0,0.5,score
easy_new,ours_refined,0.9031657355679702,1.0875232774674115,1611,2025-08-08T12:00:51,sweep_sizenew,81,0.1,10000,5000,1.0,0.0,0.0,0.5,[0.5],0.5,1.0,-1.0,0.0,0.8,-0.8,0.0,0.5,score
hard_new,ours_refined,0.9246344206974129,1.1451068616422948,889,2025-08-08T12:00:51,sweep_sizenew,81,0.1,10000,5000,1.0,0.0,0.0,0.5,[0.5],0.5,1.0,-1.0,0.0,0.8,-0.8,0.0,0.5,score
overall,ours_refined,0.9046666666666666,1.098,1500,2025-08-08T12:00:51,sweep_sizenew,77,0.1,10000,3000,1.0,0.0,0.0,0.5,[0.5],0.5,1.0,-1.0,0.0,0.8,-0.8,0.0,0.5,score
easy_new,ours_refined,0.9112008072653885,1.0938446014127143,991,2025-08-08T12:00:51,sweep_sizenew,77,0.1,10000,3000,1.0,0.0,0.0,0.5,[0.5],0.5,1.0,-1.0,0.0,0.8,-0.8,0.0,0.5,score
hard_new,ours_refined,0.8919449901768173,1.106090373280943,509,2025-08-08T12:00:51,sweep_sizenew,77,0.1,10000,3000,1.0,0.0,0.0,0.5,[0.5],0.5,1.0,-1.0,0.0,0.8,-0.8,0.0,0.5,score
overall,ours_refined,0.891,1.0793333333333333,3000,2025-08-08T12:00:51,sweep_sizenew,50,0.1,10000,6000,1.0,0.0,0.0,0.5,[0.5],0.5,1.0,-1.0,0.0,0.8,-0.8,0.0,0.5,score
easy_new,ours_refined,0.8965344048216977,1.0678051230537418,1991,2025-08-08T12:00:51,sweep_sizenew,50,0.1,10000,6000,1.0,0.0,0.0,0.5,[0.5],0.5,1.0,-1.0,0.0,0.8,-0.8,0.0,0.5,score
hard_new,ours_refined,0.8800792864222002,1.1020812685827552,1009,2025-08-08T12:00:51,sweep_sizenew,50,0.1,10000,6000,1.0,0.0,0.0,0.5,[0.5],0.5,1.0,-1.0,0.0,0.8,-0.8,0.0,0.5,score
overall,ours_refined,0.9036,1.1024,2500,2025-08-08T12:00:51,sweep_sizenew,83,0.1,10000,5000,1.0,0.0,0.0,0.5,[0.5],0.5,1.0,-1.0,0.0,0.8,-0.8,0.0,0.5,score
easy_new,ours_refined,0.9139194139194139,1.086080586080586,1638,2025-08-08T12:00:51,sweep_sizenew,83,0.1,10000,5000,1.0,0.0,0.0,0.5,[0.5],0.5,1.0,-1.0,0.0,0.8,-0.8,0.0,0.5,score
hard_new,ours_refined,0.8839907192575406,1.1334106728538282,862,2025-08-08T12:00:51,sweep_sizenew,83,0.1,10000,5000,1.0,0.0,0.0,0.5,[0.5],0.5,1.0,-1.0,0.0,0.8,-0.8,0.0,0.5,score
overall,ours_refined,0.9093333333333333,1.0906666666666667,1500,2025-08-08T12:00:51,sweep_sizenew,76,0.1,10000,3000,1.0,0.0,0.0,0.5,[0.5],0.5,1.0,-1.0,0.0,0.8,-0.8,0.0,0.5,score
easy_new,ours_refined,0.9142572283150548,1.0797607178464605,1003,2025-08-08T12:00:51,sweep_sizenew,76,0.1,10000,3000,1.0,0.0,0.0,0.5,[0.5],0.5,1.0,-1.0,0.0,0.8,-0.8,0.0,0.5,score
hard_new,ours_refined,0.8993963782696177,1.1126760563380282,497,2025-08-08T12:00:51,sweep_sizenew,76,0.1,10000,3000,1.0,0.0,0.0,0.5,[0.5],0.5,1.0,-1.0,0.0,0.8,-0.8,0.0,0.5,score
overall,ours_refined,0.904,1.072,2000,2025-08-08T12:00:51,sweep_sizenew,91,0.1,10000,4000,1.0,0.0,0.0,0.5,[0.5],0.5,1.0,-1.0,0.0,0.8,-0.8,0.0,0.5,score
easy_new,ours_refined,0.9014626635873749,1.060816012317167,1299,2025-08-08T12:00:51,sweep_sizenew,91,0.1,10000,4000,1.0,0.0,0.0,0.5,[0.5],0.5,1.0,-1.0,0.0,0.8,-0.8,0.0,0.5,score
hard_new,ours_refined,0.9087018544935807,1.0927246790299572,701,2025-08-08T12:00:51,sweep_sizenew,91,0.1,10000,4000,1.0,0.0,0.0,0.5,[0.5],0.5,1.0,-1.0,0.0,0.8,-0.8,0.0,0.5,score
overall,ours_refined,0.8945,1.0855,2000,2025-08-08T12:00:51,sweep_sizenew,84,0.1,10000,4000,1.0,0.0,0.0,0.5,[0.5],0.5,1.0,-1.0,0.0,0.8,-0.8,0.0,0.5,score
easy_new,ours_refined,0.8935361216730038,1.0745247148288974,1315,2025-08-08T12:00:51,sweep_sizenew,84,0.1,10000,4000,1.0,0.0,0.0,0.5,[0.5],0.5,1.0,-1.0,0.0,0.8,-0.8,0.0,0.5,score
hard_new,ours_refined,0.8963503649635036,1.1065693430656933,685,2025-08-08T12:00:51,sweep_sizenew,84,0.1,10000,4000,1.0,0.0,0.0,0.5,[0.5],0.5,1.0,-1.0,0.0,0.8,-0.8,0.0,0.5,score
overall,ours_refined,0.8885,1.0655,2000,2025-08-08T12:00:51,sweep_sizenew,58,0.1,10000,4000,1.0,0.0,0.0,0.5,[0.5],0.5,1.0,-1.0,0.0,0.8,-0.8,0.0,0.5,score
easy_new,ours_refined,0.877488514548239,1.055895865237366,1306,2025-08-08T12:00:51,sweep_sizenew,58,0.1,10000,4000,1.0,0.0,0.0,0.5,[0.5],0.5,1.0,-1.0,0.0,0.8,-0.8,0.0,0.5,score
hard_new,ours_refined,0.909221902017291,1.0835734870317002,694,2025-08-08T12:00:51,sweep_sizenew,58,0.1,10000,4000,1.0,0.0,0.0,0.5,[0.5],0.5,1.0,-1.0,0.0,0.8,-0.8,0.0,0.5,score
overall,ours_refined,0.9105,1.089,2000,2025-08-08T12:00:51,sweep_sizenew,95,0.1,10000,4000,1.0,0.0,0.0,0.5,[0.5],0.5,1.0,-1.0,0.0,0.8,-0.8,0.0,0.5,score
easy_new,ours_refined,0.9041095890410958,1.0730593607305936,1314,2025-08-08T12:00:51,sweep_sizenew,95,0.1,10000,4000,1.0,0.0,0.0,0.5,[0.5],0.5,1.0,-1.0,0.0,0.8,-0.8,0.0,0.5,score
hard_new,ours_refined,0.922740524781341,1.119533527696793,686,2025-08-08T12:00:51,sweep_sizenew,95,0.1,10000,4000,1.0,0.0,0.0,0.5,[0.5],0.5,1.0,-1.0,0.0,0.8,-0.8,0.0,0.5,score
overall,ours_refined,0.896,1.068,1000,2025-08-08T12:00:51,sweep_sizenew,64,0.1,10000,2000,1.0,0.0,0.0,0.5,[0.5],0.5,1.0,-1.0,0.0,0.8,-0.8,0.0,0.5,score
easy_new,ours_refined,0.8952234206471494,1.061633281972265,649,2025-08-08T12:00:51,sweep_sizenew,64,0.1,10000,2000,1.0,0.0,0.0,0.5,[0.5],0.5,1.0,-1.0,0.0,0.8,-0.8,0.0,0.5,score
hard_new,ours_refined,0.8974358974358975,1.0797720797720798,351,2025-08-08T12:00:51,sweep_sizenew,64,0.1,10000,2000,1.0,0.0,0.0,0.5,[0.5],0.5,1.0,-1.0,0.0,0.8,-0.8,0.0,0.5,score
overall,ours_refined,0.9155,1.131,2000,2025-08-08T12:00:51,sweep_sizenew,93,0.1,10000,4000,1.0,0.0,0.0,0.5,[0.5],0.5,1.0,-1.0,0.0,0.8,-0.8,0.0,0.5,score
easy_new,ours_refined,0.9241849886277483,1.1205458680818803,1319,2025-08-08T12:00:51,sweep_sizenew,93,0.1,10000,4000,1.0,0.0,0.0,0.5,[0.5],0.5,1.0,-1.0,0.0,0.8,-0.8,0.0,0.5,score
hard_new,ours_refined,0.8986784140969163,1.1512481644640236,681,2025-08-08T12:00:51,sweep_sizenew,93,0.1,10000,4000,1.0,0.0,0.0,0.5,[0.5],0.5,1.0,-1.0,0.0,0.8,-0.8,0.0,0.5,score
overall,ours_refined,0.9015,1.0655,2000,2025-08-08T12:00:51,sweep_sizenew,89,0.1,10000,4000,1.0,0.0,0.0,0.5,[0.5],0.5,1.0,-1.0,0.0,0.8,-0.8,0.0,0.5,score
easy_new,ours_refined,0.8962336664104535,1.0630284396617986,1301,2025-08-08T12:00:51,sweep_sizenew,89,0.1,10000,4000,1.0,0.0,0.0,0.5,[0.5],0.5,1.0,-1.0,0.0,0.8,-0.8,0.0,0.5,score
hard_new,ours_refined,0.9113018597997139,1.0701001430615165,699,2025-08-08T12:00:51,sweep_sizenew,89,0.1,10000,4000,1.0,0.0,0.0,0.5,[0.5],0.5,1.0,-1.0,0.0,0.8,-0.8,0.0,0.5,score
overall,ours_refined,0.8955,1.095,2000,2025-08-08T12:00:51,sweep_sizenew,94,0.1,10000,4000,1.0,0.0,0.0,0.5,[0.5],0.5,1.0,-1.0,0.0,0.8,-0.8,0.0,0.5,score
easy_new,ours_refined,0.8978790259230165,1.0754124116260801,1273,2025-08-08T12:00:51,sweep_sizenew,94,0.1,10000,4000,1.0,0.0,0.0,0.5,[0.5],0.5,1.0,-1.0,0.0,0.8,-0.8,0.0,0.5,score
hard_new,ours_refined,0.8913342503438789,1.1292984869325997,727,2025-08-08T12:00:51,sweep_sizenew,94,0.1,10000,4000,1.0,0.0,0.0,0.5,[0.5],0.5,1.0,-1.0,0.0,0.8,-0.8,0.0,0.5,score
overall,ours_refined,0.8885,1.066,2000,2025-08-08T12:00:51,sweep_sizenew,96,0.1,10000,4000,1.0,0.0,0.0,0.5,[0.5],0.5,1.0,-1.0,0.0,0.8,-0.8,0.0,0.5,score
easy_new,ours_refined,0.885670731707317,1.0571646341463414,1312,2025-08-08T12:00:51,sweep_sizenew,96,0.1,10000,4000,1.0,0.0,0.0,0.5,[0.5],0.5,1.0,-1.0,0.0,0.8,-0.8,0.0,0.5,score
hard_new,ours_refined,0.8938953488372093,1.0828488372093024,688,2025-08-08T12:00:51,sweep_sizenew,96,0.1,10000,4000,1.0,0.0,0.0,0.5,[0.5],0.5,1.0,-1.0,0.0,0.8,-0.8,0.0,0.5,score
overall,ours_refined,0.894,1.0835,2000,2025-08-08T12:00:51,sweep_sizenew,88,0.1,10000,4000,1.0,0.0,0.0,0.5,[0.5],0.5,1.0,-1.0,0.0,0.8,-0.8,0.0,0.5,score
easy_new,ours_refined,0.8951798010711554,1.071920428462127,1307,2025-08-08T12:00:51,sweep_sizenew,88,0.1,10000,4000,1.0,0.0,0.0,0.5,[0.5],0.5,1.0,-1.0,0.0,0.8,-0.8,0.0,0.5,score
hard_new,ours_refined,0.8917748917748918,1.1053391053391053,693,2025-08-08T12:00:51,sweep_sizenew,88,0.1,10000,4000,1.0,0.0,0.0,0.5,[0.5],0.5,1.0,-1.0,0.0,0.8,-0.8,0.0,0.5,score
overall,ours_refined,0.909,1.1025,2000,2025-08-08T12:00:51,sweep_sizenew,92,0.1,10000,4000,1.0,0.0,0.0,0.5,[0.5],0.5,1.0,-1.0,0.0,0.8,-0.8,0.0,0.5,score
easy_new,ours_refined,0.9129429892141756,1.0947611710323575,1298,2025-08-08T12:00:51,sweep_sizenew,92,0.1,10000,4000,1.0,0.0,0.0,0.5,[0.5],0.5,1.0,-1.0,0.0,0.8,-0.8,0.0,0.5,score
hard_new,ours_refined,0.9017094017094017,1.1168091168091168,702,2025-08-08T12:00:51,sweep_sizenew,92,0.1,10000,4000,1.0,0.0,0.0,0.5,[0.5],0.5,1.0,-1.0,0.0,0.8,-0.8,0.0,0.5,score
overall,ours_refined,0.912,1.106,2000,2025-08-08T12:00:52,sweep_sizenew,87,0.1,10000,4000,1.0,0.0,0.0,0.5,[0.5],0.5,1.0,-1.0,0.0,0.8,-0.8,0.0,0.5,score
easy_new,ours_refined,0.9112602535421327,1.1021625652498135,1341,2025-08-08T12:00:52,sweep_sizenew,87,0.1,10000,4000,1.0,0.0,0.0,0.5,[0.5],0.5,1.0,-1.0,0.0,0.8,-0.8,0.0,0.5,score
hard_new,ours_refined,0.91350531107739,1.1138088012139606,659,2025-08-08T12:00:52,sweep_sizenew,87,0.1,10000,4000,1.0,0.0,0.0,0.5,[0.5],0.5,1.0,-1.0,0.0,0.8,-0.8,0.0,0.5,score
overall,ours_refined,0.8995,1.077,2000,2025-08-08T12:00:52,sweep_sizenew,90,0.1,10000,4000,1.0,0.0,0.0,0.5,[0.5],0.5,1.0,-1.0,0.0,0.8,-0.8,0.0,0.5,score
easy_new,ours_refined,0.8971603990790483,1.0652340752110514,1303,2025-08-08T12:00:52,sweep_sizenew,90,0.1,10000,4000,1.0,0.0,0.0,0.5,[0.5],0.5,1.0,-1.0,0.0,0.8,-0.8,0.0,0.5,score
hard_new,ours_refined,0.9038737446197992,1.0989956958393112,697,2025-08-08T12:00:52,sweep_sizenew,90,0.1,10000,4000,1.0,0.0,0.0,0.5,[0.5],0.5,1.0,-1.0,0.0,0.8,-0.8,0.0,0.5,score
overall,ours_refined,0.909,1.117,2000,2025-08-08T12:00:52,sweep_sizenew,85,0.1,10000,4000,1.0,0.0,0.0,0.5,[0.5],0.5,1.0,-1.0,0.0,0.8,-0.8,0.0,0.5,score
easy_new,ours_refined,0.9081325301204819,1.1009036144578312,1328,2025-08-08T12:00:52,sweep_sizenew,85,0.1,10000,4000,1.0,0.0,0.0,0.5,[0.5],0.5,1.0,-1.0,0.0,0.8,-0.8,0.0,0.5,score
hard_new,ours_refined,0.9107142857142857,1.1488095238095237,672,2025-08-08T12:00:52,sweep_sizenew,85,0.1,10000,4000,1.0,0.0,0.0,0.5,[0.5],0.5,1.0,-1.0,0.0,0.8,-0.8,0.0,0.5,score
overall,ours_refined,0.8706666666666667,1.0473333333333332,1500,2025-08-08T12:00:52,sweep_sizenew,75,0.1,10000,3000,1.0,0.0,0.0,0.5,[0.5],0.5,1.0,-1.0,0.0,0.8,-0.8,0.0,0.5,score
easy_new,ours_refined,0.8578784757981462,1.043254376930999,971,2025-08-08T12:00:52,sweep_sizenew,75,0.1,10000,3000,1.0,0.0,0.0,0.5,[0.5],0.5,1.0,-1.0,0.0,0.8,-0.8,0.0,0.5,score
hard_new,ours_refined,0.8941398865784499,1.054820415879017,529,2025-08-08T12:00:52,sweep_sizenew,75,0.1,10000,3000,1.0,0.0,0.0,0.5,[0.5],0.5,1.0,-1.0,0.0,0.8,-0.8,0.0,0.5,score
overall,ours_refined,0.9128571428571428,1.1271428571428572,3500,2025-08-08T12:00:52,sweep_sizenew,41,0.1,10000,7000,1.0,0.0,0.0,0.5,[0.5],0.5,1.0,-1.0,0.0,0.8,-0.8,0.0,0.5,score
easy_new,ours_refined,0.9204045734388743,1.1191732629727353,2274,2025-08-08T12:00:52,sweep_sizenew,41,0.1,10000,7000,1.0,0.0,0.0,0.5,[0.5],0.5,1.0,-1.0,0.0,0.8,-0.8,0.0,0.5,score
hard_new,ours_refined,0.8988580750407831,1.1419249592169658,1226,2025-08-08T12:00:52,sweep_sizenew,41,0.1,10000,7000,1.0,0.0,0.0,0.5,[0.5],0.5,1.0,-1.0,0.0,0.8,-0.8,0.0,0.5,score
overall,ours_refined,0.8916,1.0924,2500,2025-08-08T12:00:52,sweep_sizenew,52,0.1,10000,5000,1.0,0.0,0.0,0.5,[0.5],0.5,1.0,-1.0,0.0,0.8,-0.8,0.0,0.5,score
easy_new,ours_refined,0.8984802431610942,1.0796352583586626,1645,2025-08-08T12:00:52,sweep_sizenew,52,0.1,10000,5000,1.0,0.0,0.0,0.5,[0.5],0.5,1.0,-1.0,0.0,0.8,-0.8,0.0,0.5,score
hard_new,ours_refined,0.8783625730994152,1.1169590643274854,855,2025-08-08T12:00:52,sweep_sizenew,52,0.1,10000,5000,1.0,0.0,0.0,0.5,[0.5],0.5,1.0,-1.0,0.0,0.8,-0.8,0.0,0.5,score
overall,ours_refined,0.904,1.0845,2000,2025-08-08T12:00:52,sweep_sizenew,86,0.1,10000,4000,1.0,0.0,0.0,0.5,[0.5],0.5,1.0,-1.0,0.0,0.8,-0.8,0.0,0.5,score
easy_new,ours_refined,0.9131086142322098,1.0719101123595505,1335,2025-08-08T12:00:52,sweep_sizenew,86,0.1,10000,4000,1.0,0.0,0.0,0.5,[0.5],0.5,1.0,-1.0,0.0,0.8,-0.8,0.0,0.5,score
hard_new,ours_refined,0.8857142857142857,1.1097744360902255,665,2025-08-08T12:00:52,sweep_sizenew,86,0.1,10000,4000,1.0,0.0,0.0,0.5,[0.5],0.5,1.0,-1.0,0.0,0.8,-0.8,0.0,0.5,score
overall,ours_refined,0.888,1.0732,2500,2025-08-08T12:00:52,sweep_sizenew,26,0.1,10000,5000,1.0,0.0,0.0,0.5,[0.5],0.5,1.0,-1.0,0.0,0.8,-0.8,0.0,0.5,score
easy_new,ours_refined,0.8924012158054712,1.0613981762917932,1645,2025-08-08T12:00:52,sweep_sizenew,26,0.1,10000,5000,1.0,0.0,0.0,0.5,[0.5],0.5,1.0,-1.0,0.0,0.8,-0.8,0.0,0.5,score
hard_new,ours_refined,0.87953216374269,1.095906432748538,855,2025-08-08T12:00:52,sweep_sizenew,26,0.1,10000,5000,1.0,0.0,0.0,0.5,[0.5],0.5,1.0,-1.0,0.0,0.8,-0.8,0.0,0.5,score
overall,ours_refined,0.904,1.0685,2000,2025-08-08T12:00:52,sweep_sizenew,72,0.1,10000,4000,1.0,0.0,0.0,0.5,[0.5],0.5,1.0,-1.0,0.0,0.8,-0.8,0.0,0.5,score
easy_new,ours_refined,0.9023646071700991,1.05720823798627,1311,2025-08-08T12:00:52,sweep_sizenew,72,0.1,10000,4000,1.0,0.0,0.0,0.5,[0.5],0.5,1.0,-1.0,0.0,0.8,-0.8,0.0,0.5,score
hard_new,ours_refined,0.9071117561683599,1.0899854862119014,689,2025-08-08T12:00:52,sweep_sizenew,72,0.1,10000,4000,1.0,0.0,0.0,0.5,[0.5],0.5,1.0,-1.0,0.0,0.8,-0.8,0.0,0.5,score
overall,ours_refined,0.916,1.1175,2000,2025-08-08T12:00:52,sweep_sizenew,56,0.1,10000,4000,1.0,0.0,0.0,0.5,[0.5],0.5,1.0,-1.0,0.0,0.8,-0.8,0.0,0.5,score
easy_new,ours_refined,0.9146625290923196,1.104732350659426,1289,2025-08-08T12:00:52,sweep_sizenew,56,0.1,10000,4000,1.0,0.0,0.0,0.5,[0.5],0.5,1.0,-1.0,0.0,0.8,-0.8,0.0,0.5,score
hard_new,ours_refined,0.9184247538677919,1.140646976090014,711,2025-08-08T12:00:52,sweep_sizenew,56,0.1,10000,4000,1.0,0.0,0.0,0.5,[0.5],0.5,1.0,-1.0,0.0,0.8,-0.8,0.0,0.5,score
overall,ours_refined,0.91,1.0935,2000,2025-08-08T12:00:52,sweep_sizenew,55,0.1,10000,4000,1.0,0.0,0.0,0.5,[0.5],0.5,1.0,-1.0,0.0,0.8,-0.8,0.0,0.5,score
easy_new,ours_refined,0.9122023809523809,1.0892857142857142,1344,2025-08-08T12:00:52,sweep_sizenew,55,0.1,10000,4000,1.0,0.0,0.0,0.5,[0.5],0.5,1.0,-1.0,0.0,0.8,-0.8,0.0,0.5,score
hard_new,ours_refined,0.9054878048780488,1.1021341463414633,656,2025-08-08T12:00:52,sweep_sizenew,55,0.1,10000,4000,1.0,0.0,0.0,0.5,[0.5],0.5,1.0,-1.0,0.0,0.8,-0.8,0.0,0.5,score
overall,ours_refined,0.8715,1.0455,2000,2025-08-08T12:00:53,sweep_sizenew,69,0.1,10000,4000,1.0,0.0,0.0,0.5,[0.5],0.5,1.0,-1.0,0.0,0.8,-0.8,0.0,0.5,score
easy_new,ours_refined,0.8611320754716981,1.038490566037736,1325,2025-08-08T12:00:53,sweep_sizenew,69,0.1,10000,4000,1.0,0.0,0.0,0.5,[0.5],0.5,1.0,-1.0,0.0,0.8,-0.8,0.0,0.5,score
hard_new,ours_refined,0.8918518518518519,1.0592592592592593,675,2025-08-08T12:00:53,sweep_sizenew,69,0.1,10000,4000,1.0,0.0,0.0,0.5,[0.5],0.5,1.0,-1.0,0.0,0.8,-0.8,0.0,0.5,score
overall,ours_refined,0.8905,1.071,2000,2025-08-08T12:00:53,sweep_sizenew,57,0.1,10000,4000,1.0,0.0,0.0,0.5,[0.5],0.5,1.0,-1.0,0.0,0.8,-0.8,0.0,0.5,score
easy_new,ours_refined,0.8986486486486487,1.0675675675675675,1332,2025-08-08T12:00:53,sweep_sizenew,57,0.1,10000,4000,1.0,0.0,0.0,0.5,[0.5],0.5,1.0,-1.0,0.0,0.8,-0.8,0.0,0.5,score
hard_new,ours_refined,0.874251497005988,1.0778443113772456,668,2025-08-08T12:00:53,sweep_sizenew,57,0.1,10000,4000,1.0,0.0,0.0,0.5,[0.5],0.5,1.0,-1.0,0.0,0.8,-0.8,0.0,0.5,score
overall,ours_refined,0.911,1.1115,2000,2025-08-08T12:00:53,sweep_sizenew,70,0.1,10000,4000,1.0,0.0,0.0,0.5,[0.5],0.5,1.0,-1.0,0.0,0.8,-0.8,0.0,0.5,score
easy_new,ours_refined,0.9102861562258314,1.1005413766434649,1293,2025-08-08T12:00:53,sweep_sizenew,70,0.1,10000,4000,1.0,0.0,0.0,0.5,[0.5],0.5,1.0,-1.0,0.0,0.8,-0.8,0.0,0.5,score
hard_new,ours_refined,0.9123055162659123,1.1315417256011315,707,2025-08-08T12:00:53,sweep_sizenew,70,0.1,10000,4000,1.0,0.0,0.0,0.5,[0.5],0.5,1.0,-1.0,0.0,0.8,-0.8,0.0,0.5,score
overall,ours_refined,0.893,1.0735,2000,2025-08-08T12:00:53,sweep_sizenew,71,0.1,10000,4000,1.0,0.0,0.0,0.5,[0.5],0.5,1.0,-1.0,0.0,0.8,-0.8,0.0,0.5,score
easy_new,ours_refined,0.8876233864844343,1.0683371298405466,1317,2025-08-08T12:00:53,sweep_sizenew,71,0.1,10000,4000,1.0,0.0,0.0,0.5,[0.5],0.5,1.0,-1.0,0.0,0.8,-0.8,0.0,0.5,score
hard_new,ours_refined,0.9033674963396779,1.083455344070278,683,2025-08-08T12:00:53,sweep_sizenew,71,0.1,10000,4000,1.0,0.0,0.0,0.5,[0.5],0.5,1.0,-1.0,0.0,0.8,-0.8,0.0,0.5,score
overall,ours_refined,0.8625,1.0375,400,2025-08-08T12:00:53,sweep_sizenew,98,0.1,10000,800,1.0,0.0,0.0,0.5,[0.5],0.5,1.0,-1.0,0.0,0.8,-0.8,0.0,0.5,score
easy_new,ours_refined,0.850187265917603,1.048689138576779,267,2025-08-08T12:00:53,sweep_sizenew,98,0.1,10000,800,1.0,0.0,0.0,0.5,[0.5],0.5,1.0,-1.0,0.0,0.8,-0.8,0.0,0.5,score
hard_new,ours_refined,0.8872180451127819,1.0150375939849625,133,2025-08-08T12:00:53,sweep_sizenew,98,0.1,10000,800,1.0,0.0,0.0,0.5,[0.5],0.5,1.0,-1.0,0.0,0.8,-0.8,0.0,0.5,score
overall,ours_refined,0.905,1.0775,400,2025-08-08T12:00:53,sweep_sizenew,99,0.1,10000,800,1.0,0.0,0.0,0.5,[0.5],0.5,1.0,-1.0,0.0,0.8,-0.8,0.0,0.5,score
easy_new,ours_refined,0.8929889298892989,1.0738007380073802,271,2025-08-08T12:00:53,sweep_sizenew,99,0.1,10000,800,1.0,0.0,0.0,0.5,[0.5],0.5,1.0,-1.0,0.0,0.8,-0.8,0.0,0.5,score
hard_new,ours_refined,0.9302325581395349,1.0852713178294573,129,2025-08-08T12:00:53,sweep_sizenew,99,0.1,10000,800,1.0,0.0,0.0,0.5,[0.5],0.5,1.0,-1.0,0.0,0.8,-0.8,0.0,0.5,score
overall,ours_refined,0.8575,1.0525,400,2025-08-08T12:00:53,sweep_sizenew,100,0.1,10000,800,1.0,0.0,0.0,0.5,[0.5],0.5,1.0,-1.0,0.0,0.8,-0.8,0.0,0.5,score
easy_new,ours_refined,0.8505747126436781,1.0613026819923372,261,2025-08-08T12:00:53,sweep_sizenew,100,0.1,10000,800,1.0,0.0,0.0,0.5,[0.5],0.5,1.0,-1.0,0.0,0.8,-0.8,0.0,0.5,score
hard_new,ours_refined,0.8705035971223022,1.0359712230215827,139,2025-08-08T12:00:53,sweep_sizenew,100,0.1,10000,800,1.0,0.0,0.0,0.5,[0.5],0.5,1.0,-1.0,0.0,0.8,-0.8,0.0,0.5,score
overall,ours_refined,0.904,1.0988,2500,2025-08-08T12:00:53,sweep_sizenew,42,0.1,10000,5000,1.0,0.0,0.0,0.5,[0.5],0.5,1.0,-1.0,0.0,0.8,-0.8,0.0,0.5,score
easy_new,ours_refined,0.9076549210206561,1.0868772782503038,1646,2025-08-08T12:00:53,sweep_sizenew,42,0.1,10000,5000,1.0,0.0,0.0,0.5,[0.5],0.5,1.0,-1.0,0.0,0.8,-0.8,0.0,0.5,score
hard_new,ours_refined,0.8969555035128806,1.1217798594847774,854,2025-08-08T12:00:53,sweep_sizenew,42,0.1,10000,5000,1.0,0.0,0.0,0.5,[0.5],0.5,1.0,-1.0,0.0,0.8,-0.8,0.0,0.5,score
overall,ours_refined,0.8988,1.0862,5000,2025-08-08T12:00:53,sweep_sizenew,40,0.1,10000,10000,1.0,0.0,0.0,0.5,[0.5],0.5,1.0,-1.0,0.0,0.8,-0.8,0.0,0.5,score
easy_new,ours_refined,0.8984709480122324,1.0813455657492355,3270,2025-08-08T12:00:53,sweep_sizenew,40,0.1,10000,10000,1.0,0.0,0.0,0.5,[0.5],0.5,1.0,-1.0,0.0,0.8,-0.8,0.0,0.5,score
hard_new,ours_refined,0.8994219653179191,1.0953757225433527,1730,2025-08-08T12:00:53,sweep_sizenew,40,0.1,10000,10000,1.0,0.0,0.0,0.5,[0.5],0.5,1.0,-1.0,0.0,0.8,-0.8,0.0,0.5,score
overall,ours_refined,0.911,1.1148,5000,2025-08-08T12:00:54,sweep_sizenew,39,0.1,10000,10000,1.0,0.0,0.0,0.5,[0.5],0.5,1.0,-1.0,0.0,0.8,-0.8,0.0,0.5,score
easy_new,ours_refined,0.915010700091715,1.1008865790278202,3271,2025-08-08T12:00:54,sweep_sizenew,39,0.1,10000,10000,1.0,0.0,0.0,0.5,[0.5],0.5,1.0,-1.0,0.0,0.8,-0.8,0.0,0.5,score
hard_new,ours_refined,0.9034123770965876,1.141122035858878,1729,2025-08-08T12:00:54,sweep_sizenew,39,0.1,10000,10000,1.0,0.0,0.0,0.5,[0.5],0.5,1.0,-1.0,0.0,0.8,-0.8,0.0,0.5,score
overall,ours_refined,0.9133333333333333,1.1466666666666667,300,2025-08-08T12:00:54,sweep_sizenew,61,0.1,10000,600,1.0,0.0,0.0,0.5,[0.5],0.5,1.0,-1.0,0.0,0.8,-0.8,0.0,0.5,score
easy_new,ours_refined,0.9068627450980392,1.1470588235294117,204,2025-08-08T12:00:54,sweep_sizenew,61,0.1,10000,600,1.0,0.0,0.0,0.5,[0.5],0.5,1.0,-1.0,0.0,0.8,-0.8,0.0,0.5,score
hard_new,ours_refined,0.9270833333333334,1.1458333333333333,96,2025-08-08T12:00:54,sweep_sizenew,61,0.1,10000,600,1.0,0.0,0.0,0.5,[0.5],0.5,1.0,-1.0,0.0,0.8,-0.8,0.0,0.5,score
overall,ours_refined,0.8833333333333333,1.07,300,2025-08-08T12:00:54,sweep_sizenew,62,0.1,10000,600,1.0,0.0,0.0,0.5,[0.5],0.5,1.0,-1.0,0.0,0.8,-0.8,0.0,0.5,score
easy_new,ours_refined,0.9010416666666666,1.0520833333333333,192,2025-08-08T12:00:54,sweep_sizenew,62,0.1,10000,600,1.0,0.0,0.0,0.5,[0.5],0.5,1.0,-1.0,0.0,0.8,-0.8,0.0,0.5,score
hard_new,ours_refined,0.8518518518518519,1.1018518518518519,108,2025-08-08T12:00:54,sweep_sizenew,62,0.1,10000,600,1.0,0.0,0.0,0.5,[0.5],0.5,1.0,-1.0,0.0,0.8,-0.8,0.0,0.5,score
overall,ours_refined,0.895,1.085,2000,2025-08-08T12:00:55,sweep_sizenew,73,0.1,10000,4000,1.0,0.0,0.0,0.5,[0.5],0.5,1.0,-1.0,0.0,0.8,-0.8,0.0,0.5,score
easy_new,ours_refined,0.9046153846153846,1.0669230769230769,1300,2025-08-08T12:00:55,sweep_sizenew,73,0.1,10000,4000,1.0,0.0,0.0,0.5,[0.5],0.5,1.0,-1.0,0.0,0.8,-0.8,0.0,0.5,score
hard_new,ours_refined,0.8771428571428571,1.1185714285714285,700,2025-08-08T12:00:55,sweep_sizenew,73,0.1,10000,4000,1.0,0.0,0.0,0.5,[0.5],0.5,1.0,-1.0,0.0,0.8,-0.8,0.0,0.5,score
overall,ours_refined,0.909,1.0985,2000,2025-08-08T12:00:55,sweep_sizenew,74,0.1,10000,4000,1.0,0.0,0.0,0.5,[0.5],0.5,1.0,-1.0,0.0,0.8,-0.8,0.0,0.5,score
easy_new,ours_refined,0.9169139465875371,1.0875370919881306,1348,2025-08-08T12:00:55,sweep_sizenew,74,0.1,10000,4000,1.0,0.0,0.0,0.5,[0.5],0.5,1.0,-1.0,0.0,0.8,-0.8,0.0,0.5,score
hard_new,ours_refined,0.8926380368098159,1.1211656441717792,652,2025-08-08T12:00:55,sweep_sizenew,74,0.1,10000,4000,1.0,0.0,0.0,0.5,[0.5],0.5,1.0,-1.0,0.0,0.8,-0.8,0.0,0.5,score
overall,ours_refined,0.9086666666666666,1.1153333333333333,1500,2025-08-08T12:00:55,sweep_sizenew,59,0.1,10000,3000,1.0,0.0,0.0,0.5,[0.5],0.5,1.0,-1.0,0.0,0.8,-0.8,0.0,0.5,score
easy_new,ours_refined,0.9202586206896551,1.0926724137931034,928,2025-08-08T12:00:55,sweep_sizenew,59,0.1,10000,3000,1.0,0.0,0.0,0.5,[0.5],0.5,1.0,-1.0,0.0,0.8,-0.8,0.0,0.5,score
hard_new,ours_refined,0.8898601398601399,1.152097902097902,572,2025-08-08T12:00:55,sweep_sizenew,59,0.1,10000,3000,1.0,0.0,0.0,0.5,[0.5],0.5,1.0,-1.0,0.0,0.8,-0.8,0.0,0.5,score
overall,ours_refined,0.902,1.1006666666666667,1500,2025-08-08T12:00:55,sweep_sizenew,60,0.1,10000,3000,1.0,0.0,0.0,0.5,[0.5],0.5,1.0,-1.0,0.0,0.8,-0.8,0.0,0.5,score
easy_new,ours_refined,0.9063786008230452,1.0925925925925926,972,2025-08-08T12:00:55,sweep_sizenew,60,0.1,10000,3000,1.0,0.0,0.0,0.5,[0.5],0.5,1.0,-1.0,0.0,0.8,-0.8,0.0,0.5,score
hard_new,ours_refined,0.8939393939393939,1.115530303030303,528,2025-08-08T12:00:55,sweep_sizenew,60,0.1,10000,3000,1.0,0.0,0.0,0.5,[0.5],0.5,1.0,-1.0,0.0,0.8,-0.8,0.0,0.5,score
overall,ours_refined,0.85,1.09,400,2025-08-08T12:00:55,sweep_sizenew,97,0.1,10000,800,1.0,0.0,0.0,0.5,[0.5],0.5,1.0,-1.0,0.0,0.8,-0.8,0.0,0.5,score
easy_new,ours_refined,0.8492063492063492,1.0793650793650793,252,2025-08-08T12:00:55,sweep_sizenew,97,0.1,10000,800,1.0,0.0,0.0,0.5,[0.5],0.5,1.0,-1.0,0.0,0.8,-0.8,0.0,0.5,score
hard_new,ours_refined,0.8513513513513513,1.1081081081081081,148,2025-08-08T12:00:55,sweep_sizenew,97,0.1,10000,800,1.0,0.0,0.0,0.5,[0.5],0.5,1.0,-1.0,0.0,0.8,-0.8,0.0,0.5,score
overall,ours_refined,0.8966666666666666,1.0866666666666667,1500,2025-08-08T12:00:55,sweep_sizenew,67,0.1,10000,3000,1.0,0.0,0.0,0.5,[0.5],0.5,1.0,-1.0,0.0,0.8,-0.8,0.0,0.5,score
easy_new,ours_refined,0.911,1.081,1000,2025-08-08T12:00:55,sweep_sizenew,67,0.1,10000,3000,1.0,0.0,0.0,0.5,[0.5],0.5,1.0,-1.0,0.0,0.8,-0.8,0.0,0.5,score
hard_new,ours_refined,0.868,1.098,500,2025-08-08T12:00:55,sweep_sizenew,67,0.1,10000,3000,1.0,0.0,0.0,0.5,[0.5],0.5,1.0,-1.0,0.0,0.8,-0.8,0.0,0.5,score
overall,ours_refined,0.9,1.0933333333333333,1500,2025-08-08T12:00:56,sweep_sizenew,68,0.1,10000,3000,1.0,0.0,0.0,0.5,[0.5],0.5,1.0,-1.0,0.0,0.8,-0.8,0.0,0.5,score
easy_new,ours_refined,0.9059304703476483,1.0848670756646217,978,2025-08-08T12:00:56,sweep_sizenew,68,0.1,10000,3000,1.0,0.0,0.0,0.5,[0.5],0.5,1.0,-1.0,0.0,0.8,-0.8,0.0,0.5,score
hard_new,ours_refined,0.8888888888888888,1.1091954022988506,522,2025-08-08T12:00:56,sweep_sizenew,68,0.1,10000,3000,1.0,0.0,0.0,0.5,[0.5],0.5,1.0,-1.0,0.0,0.8,-0.8,0.0,0.5,score
overall,ours_refined,0.912,1.1173333333333333,1500,2025-08-08T12:00:56,sweep_sizenew,66,0.1,10000,3000,1.0,0.0,0.0,0.5,[0.5],0.5,1.0,-1.0,0.0,0.8,-0.8,0.0,0.5,score
easy_new,ours_refined,0.9175152749490835,1.0957230142566192,982,2025-08-08T12:00:56,sweep_sizenew,66,0.1,10000,3000,1.0,0.0,0.0,0.5,[0.5],0.5,1.0,-1.0,0.0,0.8,-0.8,0.0,0.5,score
hard_new,ours_refined,0.9015444015444015,1.1583011583011582,518,2025-08-08T12:00:56,sweep_sizenew,66,0.1,10000,3000,1.0,0.0,0.0,0.5,[0.5],0.5,1.0,-1.0,0.0,0.8,-0.8,0.0,0.5,score
overall,ours_refined,0.8946666666666667,1.0793333333333333,1500,2025-08-08T12:00:56,sweep_sizenew,65,0.1,10000,3000,1.0,0.0,0.0,0.5,[0.5],0.5,1.0,-1.0,0.0,0.8,-0.8,0.0,0.5,score
easy_new,ours_refined,0.896,1.083,1000,2025-08-08T12:00:56,sweep_sizenew,65,0.1,10000,3000,1.0,0.0,0.0,0.5,[0.5],0.5,1.0,-1.0,0.0,0.8,-0.8,0.0,0.5,score
hard_new,ours_refined,0.892,1.072,500,2025-08-08T12:00:56,sweep_sizenew,65,0.1,10000,3000,1.0,0.0,0.0,0.5,[0.5],0.5,1.0,-1.0,0.0,0.8,-0.8,0.0,0.5,score
overall,ours_refined,0.8896666666666667,1.064,3000,2025-08-08T12:00:57,sweep_sizenew,80,0.1,10000,6000,1.0,0.0,0.0,0.5,[0.5],0.5,1.0,-1.0,0.0,0.8,-0.8,0.0,0.5,score
easy_new,ours_refined,0.8936274509803922,1.0612745098039216,2040,2025-08-08T12:00:57,sweep_sizenew,80,0.1,10000,6000,1.0,0.0,0.0,0.5,[0.5],0.5,1.0,-1.0,0.0,0.8,-0.8,0.0,0.5,score
hard_new,ours_refined,0.88125,1.0697916666666667,960,2025-08-08T12:00:57,sweep_sizenew,80,0.1,10000,6000,1.0,0.0,0.0,0.5,[0.5],0.5,1.0,-1.0,0.0,0.8,-0.8,0.0,0.5,score
overall,ours_refined,0.9166666666666666,1.1076666666666666,3000,2025-08-08T12:00:57,sweep_sizenew,79,0.1,10000,6000,1.0,0.0,0.0,0.5,[0.5],0.5,1.0,-1.0,0.0,0.8,-0.8,0.0,0.5,score
easy_new,ours_refined,0.9226219812715624,1.1010349926071956,2029,2025-08-08T12:00:57,sweep_sizenew,79,0.1,10000,6000,1.0,0.0,0.0,0.5,[0.5],0.5,1.0,-1.0,0.0,0.8,-0.8,0.0,0.5,score
hard_new,ours_refined,0.9042224510813595,1.121524201853759,971,2025-08-08T12:00:57,sweep_sizenew,79,0.1,10000,6000,1.0,0.0,0.0,0.5,[0.5],0.5,1.0,-1.0,0.0,0.8,-0.8,0.0,0.5,score
overall,ours_refined,0.8995,1.055,2000,2025-08-08T12:00:58,sweep_sizenew,76,0.1,10000,4000,1.0,0.0,0.0,0.5,[0.5],0.5,1.0,-1.0,0.0,0.8,-0.8,0.0,0.5,score
easy_new,ours_refined,0.9011235955056179,1.047940074906367,1335,2025-08-08T12:00:58,sweep_sizenew,76,0.1,10000,4000,1.0,0.0,0.0,0.5,[0.5],0.5,1.0,-1.0,0.0,0.8,-0.8,0.0,0.5,score
hard_new,ours_refined,0.8962406015037594,1.069172932330827,665,2025-08-08T12:00:58,sweep_sizenew,76,0.1,10000,4000,1.0,0.0,0.0,0.5,[0.5],0.5,1.0,-1.0,0.0,0.8,-0.8,0.0,0.5,score
overall,ours_refined,0.9065,1.0985,2000,2025-08-08T12:00:58,sweep_sizenew,77,0.1,10000,4000,1.0,0.0,0.0,0.5,[0.5],0.5,1.0,-1.0,0.0,0.8,-0.8,0.0,0.5,score
easy_new,ours_refined,0.9093701996927803,1.086021505376344,1302,2025-08-08T12:00:58,sweep_sizenew,77,0.1,10000,4000,1.0,0.0,0.0,0.5,[0.5],0.5,1.0,-1.0,0.0,0.8,-0.8,0.0,0.5,score
hard_new,ours_refined,0.9011461318051576,1.1217765042979944,698,2025-08-08T12:00:58,sweep_sizenew,77,0.1,10000,4000,1.0,0.0,0.0,0.5,[0.5],0.5,1.0,-1.0,0.0,0.8,-0.8,0.0,0.5,score
overall,ours_refined,0.887,1.0696666666666668,3000,2025-08-08T12:00:58,sweep_sizenew,53,0.1,10000,6000,1.0,0.0,0.0,0.5,[0.5],0.5,1.0,-1.0,0.0,0.8,-0.8,0.0,0.5,score
easy_new,ours_refined,0.8839419709854928,1.0575287643821911,1999,2025-08-08T12:00:58,sweep_sizenew,53,0.1,10000,6000,1.0,0.0,0.0,0.5,[0.5],0.5,1.0,-1.0,0.0,0.8,-0.8,0.0,0.5,score
hard_new,ours_refined,0.8931068931068931,1.0939060939060938,1001,2025-08-08T12:00:58,sweep_sizenew,53,0.1,10000,6000,1.0,0.0,0.0,0.5,[0.5],0.5,1.0,-1.0,0.0,0.8,-0.8,0.0,0.5,score
overall,ours_refined,0.898,1.056,500,2025-08-08T12:00:58,sweep_sizenew,98,0.1,10000,1000,1.0,0.0,0.0,0.5,[0.5],0.5,1.0,-1.0,0.0,0.8,-0.8,0.0,0.5,score
easy_new,ours_refined,0.8967551622418879,1.047197640117994,339,2025-08-08T12:00:58,sweep_sizenew,98,0.1,10000,1000,1.0,0.0,0.0,0.5,[0.5],0.5,1.0,-1.0,0.0,0.8,-0.8,0.0,0.5,score
hard_new,ours_refined,0.9006211180124224,1.0745341614906831,161,2025-08-08T12:00:58,sweep_sizenew,98,0.1,10000,1000,1.0,0.0,0.0,0.5,[0.5],0.5,1.0,-1.0,0.0,0.8,-0.8,0.0,0.5,score
overall,ours_refined,0.9006666666666666,1.086,3000,2025-08-08T12:00:58,sweep_sizenew,78,0.1,10000,6000,1.0,0.0,0.0,0.5,[0.5],0.5,1.0,-1.0,0.0,0.8,-0.8,0.0,0.5,score
easy_new,ours_refined,0.9083743842364532,1.074384236453202,2030,2025-08-08T12:00:58,sweep_sizenew,78,0.1,10000,6000,1.0,0.0,0.0,0.5,[0.5],0.5,1.0,-1.0,0.0,0.8,-0.8,0.0,0.5,score
hard_new,ours_refined,0.8845360824742268,1.1103092783505155,970,2025-08-08T12:00:58,sweep_sizenew,78,0.1,10000,6000,1.0,0.0,0.0,0.5,[0.5],0.5,1.0,-1.0,0.0,0.8,-0.8,0.0,0.5,score
overall,ours_refined,0.9048,1.0952,2500,2025-08-08T12:00:58,sweep_sizenew,95,0.1,10000,5000,1.0,0.0,0.0,0.5,[0.5],0.5,1.0,-1.0,0.0,0.8,-0.8,0.0,0.5,score
easy_new,ours_refined,0.9085923217550275,1.088360755636807,1641,2025-08-08T12:00:58,sweep_sizenew,95,0.1,10000,5000,1.0,0.0,0.0,0.5,[0.5],0.5,1.0,-1.0,0.0,0.8,-0.8,0.0,0.5,score
hard_new,ours_refined,0.8975552968568102,1.108265424912689,859,2025-08-08T12:00:58,sweep_sizenew,95,0.1,10000,5000,1.0,0.0,0.0,0.5,[0.5],0.5,1.0,-1.0,0.0,0.8,-0.8,0.0,0.5,score
overall,ours_refined,0.8992,1.0848,2500,2025-08-08T12:00:58,sweep_sizenew,58,0.1,10000,5000,1.0,0.0,0.0,0.5,[0.5],0.5,1.0,-1.0,0.0,0.8,-0.8,0.0,0.5,score
easy_new,ours_refined,0.8995660260384377,1.0750154990700558,1613,2025-08-08T12:00:58,sweep_sizenew,58,0.1,10000,5000,1.0,0.0,0.0,0.5,[0.5],0.5,1.0,-1.0,0.0,0.8,-0.8,0.0,0.5,score
hard_new,ours_refined,0.8985343855693348,1.1025930101465615,887,2025-08-08T12:00:58,sweep_sizenew,58,0.1,10000,5000,1.0,0.0,0.0,0.5,[0.5],0.5,1.0,-1.0,0.0,0.8,-0.8,0.0,0.5,score
overall,ours_refined,0.914,1.144,500,2025-08-08T12:00:58,sweep_sizenew,99,0.1,10000,1000,1.0,0.0,0.0,0.5,[0.5],0.5,1.0,-1.0,0.0,0.8,-0.8,0.0,0.5,score
easy_new,ours_refined,0.9179331306990881,1.127659574468085,329,2025-08-08T12:00:58,sweep_sizenew,99,0.1,10000,1000,1.0,0.0,0.0,0.5,[0.5],0.5,1.0,-1.0,0.0,0.8,-0.8,0.0,0.5,score
hard_new,ours_refined,0.9064327485380117,1.1754385964912282,171,2025-08-08T12:00:58,sweep_sizenew,99,0.1,10000,1000,1.0,0.0,0.0,0.5,[0.5],0.5,1.0,-1.0,0.0,0.8,-0.8,0.0,0.5,score
overall,ours_refined,0.882,1.042,500,2025-08-08T12:00:58,sweep_sizenew,100,0.1,10000,1000,1.0,0.0,0.0,0.5,[0.5],0.5,1.0,-1.0,0.0,0.8,-0.8,0.0,0.5,score
easy_new,ours_refined,0.8861538461538462,1.0338461538461539,325,2025-08-08T12:00:58,sweep_sizenew,100,0.1,10000,1000,1.0,0.0,0.0,0.5,[0.5],0.5,1.0,-1.0,0.0,0.8,-0.8,0.0,0.5,score
hard_new,ours_refined,0.8742857142857143,1.0571428571428572,175,2025-08-08T12:00:58,sweep_sizenew,100,0.1,10000,1000,1.0,0.0,0.0,0.5,[0.5],0.5,1.0,-1.0,0.0,0.8,-0.8,0.0,0.5,score
overall,ours_refined,0.9,1.0936,2500,2025-08-08T12:00:58,sweep_sizenew,84,0.1,10000,5000,1.0,0.0,0.0,0.5,[0.5],0.5,1.0,-1.0,0.0,0.8,-0.8,0.0,0.5,score
easy_new,ours_refined,0.8992248062015504,1.0834824090638044,1677,2025-08-08T12:00:58,sweep_sizenew,84,0.1,10000,5000,1.0,0.0,0.0,0.5,[0.5],0.5,1.0,-1.0,0.0,0.8,-0.8,0.0,0.5,score
hard_new,ours_refined,0.9015795868772782,1.1142162818955041,823,2025-08-08T12:00:58,sweep_sizenew,84,0.1,10000,5000,1.0,0.0,0.0,0.5,[0.5],0.5,1.0,-1.0,0.0,0.8,-0.8,0.0,0.5,score
overall,ours_refined,0.907,1.0953333333333333,3000,2025-08-08T12:00:58,sweep_sizenew,81,0.1,10000,6000,1.0,0.0,0.0,0.5,[0.5],0.5,1.0,-1.0,0.0,0.8,-0.8,0.0,0.5,score
easy_new,ours_refined,0.9117647058823529,1.082657200811359,1972,2025-08-08T12:00:58,sweep_sizenew,81,0.1,10000,6000,1.0,0.0,0.0,0.5,[0.5],0.5,1.0,-1.0,0.0,0.8,-0.8,0.0,0.5,score
hard_new,ours_refined,0.8978599221789884,1.1196498054474708,1028,2025-08-08T12:00:58,sweep_sizenew,81,0.1,10000,6000,1.0,0.0,0.0,0.5,[0.5],0.5,1.0,-1.0,0.0,0.8,-0.8,0.0,0.5,score
overall,ours_refined,0.9224,1.122,2500,2025-08-08T12:00:58,sweep_sizenew,91,0.1,10000,5000,1.0,0.0,0.0,0.5,[0.5],0.5,1.0,-1.0,0.0,0.8,-0.8,0.0,0.5,score
easy_new,ours_refined,0.9245982694684796,1.111866501854141,1618,2025-08-08T12:00:58,sweep_sizenew,91,0.1,10000,5000,1.0,0.0,0.0,0.5,[0.5],0.5,1.0,-1.0,0.0,0.8,-0.8,0.0,0.5,score
hard_new,ours_refined,0.9183673469387755,1.1405895691609977,882,2025-08-08T12:00:58,sweep_sizenew,91,0.1,10000,5000,1.0,0.0,0.0,0.5,[0.5],0.5,1.0,-1.0,0.0,0.8,-0.8,0.0,0.5,score
overall,ours_refined,0.9053333333333333,1.1036666666666666,3000,2025-08-08T12:00:58,sweep_sizenew,82,0.1,10000,6000,1.0,0.0,0.0,0.5,[0.5],0.5,1.0,-1.0,0.0,0.8,-0.8,0.0,0.5,score
easy_new,ours_refined,0.9005,1.0945,2000,2025-08-08T12:00:58,sweep_sizenew,82,0.1,10000,6000,1.0,0.0,0.0,0.5,[0.5],0.5,1.0,-1.0,0.0,0.8,-0.8,0.0,0.5,score
hard_new,ours_refined,0.915,1.122,1000,2025-08-08T12:00:58,sweep_sizenew,82,0.1,10000,6000,1.0,0.0,0.0,0.5,[0.5],0.5,1.0,-1.0,0.0,0.8,-0.8,0.0,0.5,score
overall,ours_refined,0.9132,1.1176,2500,2025-08-08T12:00:58,sweep_sizenew,93,0.1,10000,5000,1.0,0.0,0.0,0.5,[0.5],0.5,1.0,-1.0,0.0,0.8,-0.8,0.0,0.5,score
easy_new,ours_refined,0.9226993865030675,1.0926380368098159,1630,2025-08-08T12:00:58,sweep_sizenew,93,0.1,10000,5000,1.0,0.0,0.0,0.5,[0.5],0.5,1.0,-1.0,0.0,0.8,-0.8,0.0,0.5,score
hard_new,ours_refined,0.8954022988505748,1.164367816091954,870,2025-08-08T12:00:58,sweep_sizenew,93,0.1,10000,5000,1.0,0.0,0.0,0.5,[0.5],0.5,1.0,-1.0,0.0,0.8,-0.8,0.0,0.5,score
overall,ours_refined,0.9052,1.108,2500,2025-08-08T12:00:59,sweep_sizenew,89,0.1,10000,5000,1.0,0.0,0.0,0.5,[0.5],0.5,1.0,-1.0,0.0,0.8,-0.8,0.0,0.5,score
easy_new,ours_refined,0.9141630901287554,1.0980993255671367,1631,2025-08-08T12:00:59,sweep_sizenew,89,0.1,10000,5000,1.0,0.0,0.0,0.5,[0.5],0.5,1.0,-1.0,0.0,0.8,-0.8,0.0,0.5,score
hard_new,ours_refined,0.8883774453394706,1.1265822784810127,869,2025-08-08T12:00:59,sweep_sizenew,89,0.1,10000,5000,1.0,0.0,0.0,0.5,[0.5],0.5,1.0,-1.0,0.0,0.8,-0.8,0.0,0.5,score
overall,ours_refined,0.8968,1.0796,2500,2025-08-08T12:00:59,sweep_sizenew,96,0.1,10000,5000,1.0,0.0,0.0,0.5,[0.5],0.5,1.0,-1.0,0.0,0.8,-0.8,0.0,0.5,score
easy_new,ours_refined,0.8915588416512631,1.0702402957486137,1623,2025-08-08T12:00:59,sweep_sizenew,96,0.1,10000,5000,1.0,0.0,0.0,0.5,[0.5],0.5,1.0,-1.0,0.0,0.8,-0.8,0.0,0.5,score
hard_new,ours_refined,0.9064994298745724,1.096921322690992,877,2025-08-08T12:00:59,sweep_sizenew,96,0.1,10000,5000,1.0,0.0,0.0,0.5,[0.5],0.5,1.0,-1.0,0.0,0.8,-0.8,0.0,0.5,score
overall,ours_refined,0.9075,1.10975,4000,2025-08-08T12:00:59,sweep_sizenew,33,0.1,10000,8000,1.0,0.0,0.0,0.5,[0.5],0.5,1.0,-1.0,0.0,0.8,-0.8,0.0,0.5,score
easy_new,ours_refined,0.9076127124907613,1.099039172209904,2706,2025-08-08T12:00:59,sweep_sizenew,33,0.1,10000,8000,1.0,0.0,0.0,0.5,[0.5],0.5,1.0,-1.0,0.0,0.8,-0.8,0.0,0.5,score
hard_new,ours_refined,0.9072642967542504,1.1321483771251932,1294,2025-08-08T12:00:59,sweep_sizenew,33,0.1,10000,8000,1.0,0.0,0.0,0.5,[0.5],0.5,1.0,-1.0,0.0,0.8,-0.8,0.0,0.5,score
overall,ours_refined,0.8856666666666667,1.0663333333333334,3000,2025-08-08T12:00:59,sweep_sizenew,83,0.1,10000,6000,1.0,0.0,0.0,0.5,[0.5],0.5,1.0,-1.0,0.0,0.8,-0.8,0.0,0.5,score
easy_new,ours_refined,0.8861538461538462,1.063076923076923,1950,2025-08-08T12:00:59,sweep_sizenew,83,0.1,10000,6000,1.0,0.0,0.0,0.5,[0.5],0.5,1.0,-1.0,0.0,0.8,-0.8,0.0,0.5,score
hard_new,ours_refined,0.8847619047619047,1.0723809523809524,1050,2025-08-08T12:00:59,sweep_sizenew,83,0.1,10000,6000,1.0,0.0,0.0,0.5,[0.5],0.5,1.0,-1.0,0.0,0.8,-0.8,0.0,0.5,score
overall,ours_refined,0.898,1.0764,2500,2025-08-08T12:00:59,sweep_sizenew,94,0.1,10000,5000,1.0,0.0,0.0,0.5,[0.5],0.5,1.0,-1.0,0.0,0.8,-0.8,0.0,0.5,score
easy_new,ours_refined,0.8963992419456728,1.0701200252684775,1583,2025-08-08T12:00:59,sweep_sizenew,94,0.1,10000,5000,1.0,0.0,0.0,0.5,[0.5],0.5,1.0,-1.0,0.0,0.8,-0.8,0.0,0.5,score
hard_new,ours_refined,0.9007633587786259,1.0872410032715376,917,2025-08-08T12:00:59,sweep_sizenew,94,0.1,10000,5000,1.0,0.0,0.0,0.5,[0.5],0.5,1.0,-1.0,0.0,0.8,-0.8,0.0,0.5,score
overall,ours_refined,0.9036,1.1192,2500,2025-08-08T12:00:59,sweep_sizenew,92,0.1,10000,5000,1.0,0.0,0.0,0.5,[0.5],0.5,1.0,-1.0,0.0,0.8,-0.8,0.0,0.5,score
easy_new,ours_refined,0.9091470951792336,1.1025957972805933,1618,2025-08-08T12:00:59,sweep_sizenew,92,0.1,10000,5000,1.0,0.0,0.0,0.5,[0.5],0.5,1.0,-1.0,0.0,0.8,-0.8,0.0,0.5,score
hard_new,ours_refined,0.8934240362811792,1.1496598639455782,882,2025-08-08T12:00:59,sweep_sizenew,92,0.1,10000,5000,1.0,0.0,0.0,0.5,[0.5],0.5,1.0,-1.0,0.0,0.8,-0.8,0.0,0.5,score
overall,ours_refined,0.9104,1.1016,2500,2025-08-08T12:00:59,sweep_sizenew,88,0.1,10000,5000,1.0,0.0,0.0,0.5,[0.5],0.5,1.0,-1.0,0.0,0.8,-0.8,0.0,0.5,score
easy_new,ours_refined,0.9167173252279636,1.0887537993920973,1645,2025-08-08T12:00:59,sweep_sizenew,88,0.1,10000,5000,1.0,0.0,0.0,0.5,[0.5],0.5,1.0,-1.0,0.0,0.8,-0.8,0.0,0.5,score
hard_new,ours_refined,0.8982456140350877,1.1263157894736842,855,2025-08-08T12:00:59,sweep_sizenew,88,0.1,10000,5000,1.0,0.0,0.0,0.5,[0.5],0.5,1.0,-1.0,0.0,0.8,-0.8,0.0,0.5,score
overall,ours_refined,0.9037142857142857,1.0765714285714285,3500,2025-08-08T12:00:59,sweep_sizenew,51,0.1,10000,7000,1.0,0.0,0.0,0.5,[0.5],0.5,1.0,-1.0,0.0,0.8,-0.8,0.0,0.5,score
easy_new,ours_refined,0.9084201388888888,1.0681423611111112,2304,2025-08-08T12:00:59,sweep_sizenew,51,0.1,10000,7000,1.0,0.0,0.0,0.5,[0.5],0.5,1.0,-1.0,0.0,0.8,-0.8,0.0,0.5,score
hard_new,ours_refined,0.8946488294314381,1.092809364548495,1196,2025-08-08T12:00:59,sweep_sizenew,51,0.1,10000,7000,1.0,0.0,0.0,0.5,[0.5],0.5,1.0,-1.0,0.0,0.8,-0.8,0.0,0.5,score
overall,ours_refined,0.9132,1.1172,2500,2025-08-08T12:00:59,sweep_sizenew,90,0.1,10000,5000,1.0,0.0,0.0,0.5,[0.5],0.5,1.0,-1.0,0.0,0.8,-0.8,0.0,0.5,score
easy_new,ours_refined,0.9129383313180169,1.0918984280532043,1654,2025-08-08T12:00:59,sweep_sizenew,90,0.1,10000,5000,1.0,0.0,0.0,0.5,[0.5],0.5,1.0,-1.0,0.0,0.8,-0.8,0.0,0.5,score
hard_new,ours_refined,0.9137115839243499,1.1666666666666667,846,2025-08-08T12:00:59,sweep_sizenew,90,0.1,10000,5000,1.0,0.0,0.0,0.5,[0.5],0.5,1.0,-1.0,0.0,0.8,-0.8,0.0,0.5,score
overall,ours_refined,0.9072,1.1,2500,2025-08-08T12:00:59,sweep_sizenew,87,0.1,10000,5000,1.0,0.0,0.0,0.5,[0.5],0.5,1.0,-1.0,0.0,0.8,-0.8,0.0,0.5,score
easy_new,ours_refined,0.911042944785276,1.0858895705521472,1630,2025-08-08T12:00:59,sweep_sizenew,87,0.1,10000,5000,1.0,0.0,0.0,0.5,[0.5],0.5,1.0,-1.0,0.0,0.8,-0.8,0.0,0.5,score
hard_new,ours_refined,0.9,1.1264367816091954,870,2025-08-08T12:00:59,sweep_sizenew,87,0.1,10000,5000,1.0,0.0,0.0,0.5,[0.5],0.5,1.0,-1.0,0.0,0.8,-0.8,0.0,0.5,score
overall,ours_refined,0.888,1.0705,2000,2025-08-08T12:00:59,sweep_sizenew,75,0.1,10000,4000,1.0,0.0,0.0,0.5,[0.5],0.5,1.0,-1.0,0.0,0.8,-0.8,0.0,0.5,score
easy_new,ours_refined,0.8957055214723927,1.0613496932515338,1304,2025-08-08T12:00:59,sweep_sizenew,75,0.1,10000,4000,1.0,0.0,0.0,0.5,[0.5],0.5,1.0,-1.0,0.0,0.8,-0.8,0.0,0.5,score
hard_new,ours_refined,0.8735632183908046,1.0876436781609196,696,2025-08-08T12:00:59,sweep_sizenew,75,0.1,10000,4000,1.0,0.0,0.0,0.5,[0.5],0.5,1.0,-1.0,0.0,0.8,-0.8,0.0,0.5,score
overall,ours_refined,0.8972,1.082,5000,2025-08-08T12:00:59,sweep_sizenew,36,0.1,10000,10000,1.0,0.0,0.0,0.5,[0.5],0.5,1.0,-1.0,0.0,0.8,-0.8,0.0,0.5,score
easy_new,ours_refined,0.8939897311990336,1.069767441860465,3311,2025-08-08T12:00:59,sweep_sizenew,36,0.1,10000,10000,1.0,0.0,0.0,0.5,[0.5],0.5,1.0,-1.0,0.0,0.8,-0.8,0.0,0.5,score
hard_new,ours_refined,0.9034931912374186,1.1059798697454115,1689,2025-08-08T12:00:59,sweep_sizenew,36,0.1,10000,10000,1.0,0.0,0.0,0.5,[0.5],0.5,1.0,-1.0,0.0,0.8,-0.8,0.0,0.5,score
overall,ours_refined,0.8972,1.082,2500,2025-08-08T12:00:59,sweep_sizenew,85,0.1,10000,5000,1.0,0.0,0.0,0.5,[0.5],0.5,1.0,-1.0,0.0,0.8,-0.8,0.0,0.5,score
easy_new,ours_refined,0.9065868263473054,1.0694610778443114,1670,2025-08-08T12:00:59,sweep_sizenew,85,0.1,10000,5000,1.0,0.0,0.0,0.5,[0.5],0.5,1.0,-1.0,0.0,0.8,-0.8,0.0,0.5,score
hard_new,ours_refined,0.8783132530120482,1.1072289156626507,830,2025-08-08T12:00:59,sweep_sizenew,85,0.1,10000,5000,1.0,0.0,0.0,0.5,[0.5],0.5,1.0,-1.0,0.0,0.8,-0.8,0.0,0.5,score
overall,ours_refined,0.9,1.05,100,2025-08-08T12:00:59,sweep_sizenew,54,0.1,10000,200,1.0,0.0,0.0,0.5,[0.5],0.5,1.0,-1.0,0.0,0.8,-0.8,0.0,0.5,score
easy_new,ours_refined,0.859375,1.078125,64,2025-08-08T12:00:59,sweep_sizenew,54,0.1,10000,200,1.0,0.0,0.0,0.5,[0.5],0.5,1.0,-1.0,0.0,0.8,-0.8,0.0,0.5,score
hard_new,ours_refined,0.9722222222222222,1.0,36,2025-08-08T12:00:59,sweep_sizenew,54,0.1,10000,200,1.0,0.0,0.0,0.5,[0.5],0.5,1.0,-1.0,0.0,0.8,-0.8,0.0,0.5,score
overall,ours_refined,0.8998,1.0894,5000,2025-08-08T12:00:59,sweep_sizenew,37,0.1,10000,10000,1.0,0.0,0.0,0.5,[0.5],0.5,1.0,-1.0,0.0,0.8,-0.8,0.0,0.5,score
easy_new,ours_refined,0.8963652748573145,1.079903875037549,3329,2025-08-08T12:00:59,sweep_sizenew,37,0.1,10000,10000,1.0,0.0,0.0,0.5,[0.5],0.5,1.0,-1.0,0.0,0.8,-0.8,0.0,0.5,score
hard_new,ours_refined,0.9066427289048474,1.1083183722321963,1671,2025-08-08T12:00:59,sweep_sizenew,37,0.1,10000,10000,1.0,0.0,0.0,0.5,[0.5],0.5,1.0,-1.0,0.0,0.8,-0.8,0.0,0.5,score
overall,ours_refined,0.906,1.0942857142857143,3500,2025-08-08T12:00:59,sweep_sizenew,49,0.1,10000,7000,1.0,0.0,0.0,0.5,[0.5],0.5,1.0,-1.0,0.0,0.8,-0.8,0.0,0.5,score
easy_new,ours_refined,0.9159041394335512,1.0827886710239651,2295,2025-08-08T12:00:59,sweep_sizenew,49,0.1,10000,7000,1.0,0.0,0.0,0.5,[0.5],0.5,1.0,-1.0,0.0,0.8,-0.8,0.0,0.5,score
hard_new,ours_refined,0.8871369294605809,1.116182572614108,1205,2025-08-08T12:00:59,sweep_sizenew,49,0.1,10000,7000,1.0,0.0,0.0,0.5,[0.5],0.5,1.0,-1.0,0.0,0.8,-0.8,0.0,0.5,score
overall,ours_refined,0.9028,1.1044,5000,2025-08-08T12:00:59,sweep_sizenew,38,0.1,10000,10000,1.0,0.0,0.0,0.5,[0.5],0.5,1.0,-1.0,0.0,0.8,-0.8,0.0,0.5,score
easy_new,ours_refined,0.9074809160305344,1.0970992366412213,3275,2025-08-08T12:00:59,sweep_sizenew,38,0.1,10000,10000,1.0,0.0,0.0,0.5,[0.5],0.5,1.0,-1.0,0.0,0.8,-0.8,0.0,0.5,score
hard_new,ours_refined,0.8939130434782608,1.1182608695652174,1725,2025-08-08T12:00:59,sweep_sizenew,38,0.1,10000,10000,1.0,0.0,0.0,0.5,[0.5],0.5,1.0,-1.0,0.0,0.8,-0.8,0.0,0.5,score
overall,ours_refined,0.902,1.0844,2500,2025-08-08T12:00:59,sweep_sizenew,86,0.1,10000,5000,1.0,0.0,0.0,0.5,[0.5],0.5,1.0,-1.0,0.0,0.8,-0.8,0.0,0.5,score
easy_new,ours_refined,0.9088714544357273,1.0778515389257695,1657,2025-08-08T12:00:59,sweep_sizenew,86,0.1,10000,5000,1.0,0.0,0.0,0.5,[0.5],0.5,1.0,-1.0,0.0,0.8,-0.8,0.0,0.5,score
hard_new,ours_refined,0.8884934756820878,1.0972716488730723,843,2025-08-08T12:00:59,sweep_sizenew,86,0.1,10000,5000,1.0,0.0,0.0,0.5,[0.5],0.5,1.0,-1.0,0.0,0.8,-0.8,0.0,0.5,score
overall,ours_refined,0.9032,1.1252,2500,2025-08-08T12:01:00,sweep_sizenew,72,0.1,10000,5000,1.0,0.0,0.0,0.5,[0.5],0.5,1.0,-1.0,0.0,0.8,-0.8,0.0,0.5,score
easy_new,ours_refined,0.9093137254901961,1.1060049019607843,1632,2025-08-08T12:01:00,sweep_sizenew,72,0.1,10000,5000,1.0,0.0,0.0,0.5,[0.5],0.5,1.0,-1.0,0.0,0.8,-0.8,0.0,0.5,score
hard_new,ours_refined,0.8917050691244239,1.1612903225806452,868,2025-08-08T12:01:00,sweep_sizenew,72,0.1,10000,5000,1.0,0.0,0.0,0.5,[0.5],0.5,1.0,-1.0,0.0,0.8,-0.8,0.0,0.5,score
overall,ours_refined,0.9024,1.114,2500,2025-08-08T12:01:00,sweep_sizenew,69,0.1,10000,5000,1.0,0.0,0.0,0.5,[0.5],0.5,1.0,-1.0,0.0,0.8,-0.8,0.0,0.5,score
easy_new,ours_refined,0.9061743341404358,1.0938256658595642,1652,2025-08-08T12:01:00,sweep_sizenew,69,0.1,10000,5000,1.0,0.0,0.0,0.5,[0.5],0.5,1.0,-1.0,0.0,0.8,-0.8,0.0,0.5,score
hard_new,ours_refined,0.8950471698113207,1.153301886792453,848,2025-08-08T12:01:00,sweep_sizenew,69,0.1,10000,5000,1.0,0.0,0.0,0.5,[0.5],0.5,1.0,-1.0,0.0,0.8,-0.8,0.0,0.5,score
overall,ours_refined,0.8984,1.078,2500,2025-08-08T12:01:00,sweep_sizenew,56,0.1,10000,5000,1.0,0.0,0.0,0.5,[0.5],0.5,1.0,-1.0,0.0,0.8,-0.8,0.0,0.5,score
easy_new,ours_refined,0.8990267639902676,1.0681265206812651,1644,2025-08-08T12:01:00,sweep_sizenew,56,0.1,10000,5000,1.0,0.0,0.0,0.5,[0.5],0.5,1.0,-1.0,0.0,0.8,-0.8,0.0,0.5,score
hard_new,ours_refined,0.897196261682243,1.09696261682243,856,2025-08-08T12:01:00,sweep_sizenew,56,0.1,10000,5000,1.0,0.0,0.0,0.5,[0.5],0.5,1.0,-1.0,0.0,0.8,-0.8,0.0,0.5,score
overall,ours_refined,0.9004,1.0536,2500,2025-08-08T12:01:00,sweep_sizenew,55,0.1,10000,5000,1.0,0.0,0.0,0.5,[0.5],0.5,1.0,-1.0,0.0,0.8,-0.8,0.0,0.5,score
easy_new,ours_refined,0.9037780401416765,1.051948051948052,1694,2025-08-08T12:01:00,sweep_sizenew,55,0.1,10000,5000,1.0,0.0,0.0,0.5,[0.5],0.5,1.0,-1.0,0.0,0.8,-0.8,0.0,0.5,score
hard_new,ours_refined,0.8933002481389578,1.0570719602977667,806,2025-08-08T12:01:00,sweep_sizenew,55,0.1,10000,5000,1.0,0.0,0.0,0.5,[0.5],0.5,1.0,-1.0,0.0,0.8,-0.8,0.0,0.5,score
overall,ours_refined,0.9042857142857142,1.0851428571428572,3500,2025-08-08T12:01:00,sweep_sizenew,47,0.1,10000,7000,1.0,0.0,0.0,0.5,[0.5],0.5,1.0,-1.0,0.0,0.8,-0.8,0.0,0.5,score
easy_new,ours_refined,0.9099956728688879,1.0783210731285158,2311,2025-08-08T12:01:00,sweep_sizenew,47,0.1,10000,7000,1.0,0.0,0.0,0.5,[0.5],0.5,1.0,-1.0,0.0,0.8,-0.8,0.0,0.5,score
hard_new,ours_refined,0.8931875525651808,1.0984020185029437,1189,2025-08-08T12:01:00,sweep_sizenew,47,0.1,10000,7000,1.0,0.0,0.0,0.5,[0.5],0.5,1.0,-1.0,0.0,0.8,-0.8,0.0,0.5,score
overall,ours_refined,0.8951428571428571,1.0951428571428572,3500,2025-08-08T12:01:00,sweep_sizenew,48,0.1,10000,7000,1.0,0.0,0.0,0.5,[0.5],0.5,1.0,-1.0,0.0,0.8,-0.8,0.0,0.5,score
easy_new,ours_refined,0.8978978978978979,1.0827970827970828,2331,2025-08-08T12:01:00,sweep_sizenew,48,0.1,10000,7000,1.0,0.0,0.0,0.5,[0.5],0.5,1.0,-1.0,0.0,0.8,-0.8,0.0,0.5,score
hard_new,ours_refined,0.8896492728828058,1.1197604790419162,1169,2025-08-08T12:01:00,sweep_sizenew,48,0.1,10000,7000,1.0,0.0,0.0,0.5,[0.5],0.5,1.0,-1.0,0.0,0.8,-0.8,0.0,0.5,score
overall,ours_refined,0.8886666666666667,1.084,1500,2025-08-08T12:01:00,sweep_sizenew,63,0.1,10000,3000,1.0,0.0,0.0,0.5,[0.5],0.5,1.0,-1.0,0.0,0.8,-0.8,0.0,0.5,score
easy_new,ours_refined,0.8986693961105425,1.0747185261003072,977,2025-08-08T12:01:00,sweep_sizenew,63,0.1,10000,3000,1.0,0.0,0.0,0.5,[0.5],0.5,1.0,-1.0,0.0,0.8,-0.8,0.0,0.5,score
hard_new,ours_refined,0.869980879541109,1.101338432122371,523,2025-08-08T12:01:00,sweep_sizenew,63,0.1,10000,3000,1.0,0.0,0.0,0.5,[0.5],0.5,1.0,-1.0,0.0,0.8,-0.8,0.0,0.5,score
overall,ours_refined,0.896,1.098,2500,2025-08-08T12:01:00,sweep_sizenew,70,0.1,10000,5000,1.0,0.0,0.0,0.5,[0.5],0.5,1.0,-1.0,0.0,0.8,-0.8,0.0,0.5,score
easy_new,ours_refined,0.8976857490864799,1.0858708891595614,1642,2025-08-08T12:01:00,sweep_sizenew,70,0.1,10000,5000,1.0,0.0,0.0,0.5,[0.5],0.5,1.0,-1.0,0.0,0.8,-0.8,0.0,0.5,score
hard_new,ours_refined,0.8927738927738927,1.121212121212121,858,2025-08-08T12:01:00,sweep_sizenew,70,0.1,10000,5000,1.0,0.0,0.0,0.5,[0.5],0.5,1.0,-1.0,0.0,0.8,-0.8,0.0,0.5,score
overall,ours_refined,0.906,1.0932,2500,2025-08-08T12:01:00,sweep_sizenew,71,0.1,10000,5000,1.0,0.0,0.0,0.5,[0.5],0.5,1.0,-1.0,0.0,0.8,-0.8,0.0,0.5,score
easy_new,ours_refined,0.9086021505376344,1.0788530465949822,1674,2025-08-08T12:01:00,sweep_sizenew,71,0.1,10000,5000,1.0,0.0,0.0,0.5,[0.5],0.5,1.0,-1.0,0.0,0.8,-0.8,0.0,0.5,score
hard_new,ours_refined,0.9007263922518159,1.1222760290556901,826,2025-08-08T12:01:00,sweep_sizenew,71,0.1,10000,5000,1.0,0.0,0.0,0.5,[0.5],0.5,1.0,-1.0,0.0,0.8,-0.8,0.0,0.5,score
overall,ours_refined,0.906,1.0882857142857143,3500,2025-08-08T12:01:01,sweep_sizenew,45,0.1,10000,7000,1.0,0.0,0.0,0.5,[0.5],0.5,1.0,-1.0,0.0,0.8,-0.8,0.0,0.5,score
easy_new,ours_refined,0.9061418685121108,1.07439446366782,2312,2025-08-08T12:01:01,sweep_sizenew,45,0.1,10000,7000,1.0,0.0,0.0,0.5,[0.5],0.5,1.0,-1.0,0.0,0.8,-0.8,0.0,0.5,score
hard_new,ours_refined,0.9057239057239057,1.1153198653198653,1188,2025-08-08T12:01:01,sweep_sizenew,45,0.1,10000,7000,1.0,0.0,0.0,0.5,[0.5],0.5,1.0,-1.0,0.0,0.8,-0.8,0.0,0.5,score
overall,ours_refined,0.8884,1.08,2500,2025-08-08T12:01:01,sweep_sizenew,57,0.1,10000,5000,1.0,0.0,0.0,0.5,[0.5],0.5,1.0,-1.0,0.0,0.8,-0.8,0.0,0.5,score
easy_new,ours_refined,0.8949579831932774,1.0684273709483794,1666,2025-08-08T12:01:01,sweep_sizenew,57,0.1,10000,5000,1.0,0.0,0.0,0.5,[0.5],0.5,1.0,-1.0,0.0,0.8,-0.8,0.0,0.5,score
hard_new,ours_refined,0.8752997601918465,1.1031175059952039,834,2025-08-08T12:01:01,sweep_sizenew,57,0.1,10000,5000,1.0,0.0,0.0,0.5,[0.5],0.5,1.0,-1.0,0.0,0.8,-0.8,0.0,0.5,score
overall,ours_refined,0.88,1.0711428571428572,3500,2025-08-08T12:01:01,sweep_sizenew,46,0.1,10000,7000,1.0,0.0,0.0,0.5,[0.5],0.5,1.0,-1.0,0.0,0.8,-0.8,0.0,0.5,score
easy_new,ours_refined,0.879949452401011,1.0644481887110362,2374,2025-08-08T12:01:01,sweep_sizenew,46,0.1,10000,7000,1.0,0.0,0.0,0.5,[0.5],0.5,1.0,-1.0,0.0,0.8,-0.8,0.0,0.5,score
hard_new,ours_refined,0.8801065719360568,1.0852575488454708,1126,2025-08-08T12:01:01,sweep_sizenew,46,0.1,10000,7000,1.0,0.0,0.0,0.5,[0.5],0.5,1.0,-1.0,0.0,0.8,-0.8,0.0,0.5,score
overall,ours_refined,0.9133333333333333,1.0933333333333333,1500,2025-08-08T12:01:01,sweep_sizenew,64,0.1,10000,3000,1.0,0.0,0.0,0.5,[0.5],0.5,1.0,-1.0,0.0,0.8,-0.8,0.0,0.5,score
easy_new,ours_refined,0.9259259259259259,1.0860860860860861,999,2025-08-08T12:01:01,sweep_sizenew,64,0.1,10000,3000,1.0,0.0,0.0,0.5,[0.5],0.5,1.0,-1.0,0.0,0.8,-0.8,0.0,0.5,score
hard_new,ours_refined,0.8882235528942116,1.1077844311377245,501,2025-08-08T12:01:01,sweep_sizenew,64,0.1,10000,3000,1.0,0.0,0.0,0.5,[0.5],0.5,1.0,-1.0,0.0,0.8,-0.8,0.0,0.5,score
overall,ours_refined,0.874,1.016,500,2025-08-08T12:01:01,sweep_sizenew,97,0.1,10000,1000,1.0,0.0,0.0,0.5,[0.5],0.5,1.0,-1.0,0.0,0.8,-0.8,0.0,0.5,score
easy_new,ours_refined,0.8892508143322475,1.013029315960912,307,2025-08-08T12:01:01,sweep_sizenew,97,0.1,10000,1000,1.0,0.0,0.0,0.5,[0.5],0.5,1.0,-1.0,0.0,0.8,-0.8,0.0,0.5,score
hard_new,ours_refined,0.8497409326424871,1.0207253886010363,193,2025-08-08T12:01:01,sweep_sizenew,97,0.1,10000,1000,1.0,0.0,0.0,0.5,[0.5],0.5,1.0,-1.0,0.0,0.8,-0.8,0.0,0.5,score
overall,ours_refined,0.89725,1.08625,4000,2025-08-08T12:01:01,sweep_sizenew,41,0.1,10000,8000,1.0,0.0,0.0,0.5,[0.5],0.5,1.0,-1.0,0.0,0.8,-0.8,0.0,0.5,score
easy_new,ours_refined,0.9056316590563166,1.0780060882800608,2628,2025-08-08T12:01:01,sweep_sizenew,41,0.1,10000,8000,1.0,0.0,0.0,0.5,[0.5],0.5,1.0,-1.0,0.0,0.8,-0.8,0.0,0.5,score
hard_new,ours_refined,0.8811953352769679,1.1020408163265305,1372,2025-08-08T12:01:01,sweep_sizenew,41,0.1,10000,8000,1.0,0.0,0.0,0.5,[0.5],0.5,1.0,-1.0,0.0,0.8,-0.8,0.0,0.5,score
overall,ours_refined,0.9045,1.0945,4000,2025-08-08T12:01:02,sweep_sizenew,43,0.1,10000,8000,1.0,0.0,0.0,0.5,[0.5],0.5,1.0,-1.0,0.0,0.8,-0.8,0.0,0.5,score
easy_new,ours_refined,0.9107210988172453,1.0831743609309423,2621,2025-08-08T12:01:02,sweep_sizenew,43,0.1,10000,8000,1.0,0.0,0.0,0.5,[0.5],0.5,1.0,-1.0,0.0,0.8,-0.8,0.0,0.5,score
hard_new,ours_refined,0.892675852066715,1.1160261058738217,1379,2025-08-08T12:01:02,sweep_sizenew,43,0.1,10000,8000,1.0,0.0,0.0,0.5,[0.5],0.5,1.0,-1.0,0.0,0.8,-0.8,0.0,0.5,score
overall,ours_refined,0.90225,1.08325,4000,2025-08-08T12:01:02,sweep_sizenew,44,0.1,10000,8000,1.0,0.0,0.0,0.5,[0.5],0.5,1.0,-1.0,0.0,0.8,-0.8,0.0,0.5,score
easy_new,ours_refined,0.8984522461306154,1.0758776896942241,2649,2025-08-08T12:01:02,sweep_sizenew,44,0.1,10000,8000,1.0,0.0,0.0,0.5,[0.5],0.5,1.0,-1.0,0.0,0.8,-0.8,0.0,0.5,score
hard_new,ours_refined,0.9096965210954848,1.0977054034048852,1351,2025-08-08T12:01:02,sweep_sizenew,44,0.1,10000,8000,1.0,0.0,0.0,0.5,[0.5],0.5,1.0,-1.0,0.0,0.8,-0.8,0.0,0.5,score
overall,ours_refined,0.906,1.1075,2000,2025-08-08T12:01:02,sweep_sizenew,67,0.1,10000,4000,1.0,0.0,0.0,0.5,[0.5],0.5,1.0,-1.0,0.0,0.8,-0.8,0.0,0.5,score
easy_new,ours_refined,0.9164156626506024,1.1069277108433735,1328,2025-08-08T12:01:02,sweep_sizenew,67,0.1,10000,4000,1.0,0.0,0.0,0.5,[0.5],0.5,1.0,-1.0,0.0,0.8,-0.8,0.0,0.5,score
hard_new,ours_refined,0.8854166666666666,1.1086309523809523,672,2025-08-08T12:01:02,sweep_sizenew,67,0.1,10000,4000,1.0,0.0,0.0,0.5,[0.5],0.5,1.0,-1.0,0.0,0.8,-0.8,0.0,0.5,score
overall,ours_refined,0.8912,1.0672,2500,2025-08-08T12:01:02,sweep_sizenew,74,0.1,10000,5000,1.0,0.0,0.0,0.5,[0.5],0.5,1.0,-1.0,0.0,0.8,-0.8,0.0,0.5,score
easy_new,ours_refined,0.8928781636256622,1.057092407298411,1699,2025-08-08T12:01:02,sweep_sizenew,74,0.1,10000,5000,1.0,0.0,0.0,0.5,[0.5],0.5,1.0,-1.0,0.0,0.8,-0.8,0.0,0.5,score
hard_new,ours_refined,0.8876404494382022,1.0886392009987516,801,2025-08-08T12:01:02,sweep_sizenew,74,0.1,10000,5000,1.0,0.0,0.0,0.5,[0.5],0.5,1.0,-1.0,0.0,0.8,-0.8,0.0,0.5,score
overall,ours_refined,0.9036,1.1008,2500,2025-08-08T12:01:02,sweep_sizenew,73,0.1,10000,5000,1.0,0.0,0.0,0.5,[0.5],0.5,1.0,-1.0,0.0,0.8,-0.8,0.0,0.5,score
easy_new,ours_refined,0.9111659469463295,1.0888340530536706,1621,2025-08-08T12:01:02,sweep_sizenew,73,0.1,10000,5000,1.0,0.0,0.0,0.5,[0.5],0.5,1.0,-1.0,0.0,0.8,-0.8,0.0,0.5,score
hard_new,ours_refined,0.8896473265073948,1.1228668941979523,879,2025-08-08T12:01:02,sweep_sizenew,73,0.1,10000,5000,1.0,0.0,0.0,0.5,[0.5],0.5,1.0,-1.0,0.0,0.8,-0.8,0.0,0.5,score
overall,ours_refined,0.905,1.15,400,2025-08-08T12:01:02,sweep_sizenew,61,0.1,10000,800,1.0,0.0,0.0,0.5,[0.5],0.5,1.0,-1.0,0.0,0.8,-0.8,0.0,0.5,score
easy_new,ours_refined,0.9111969111969112,1.135135135135135,259,2025-08-08T12:01:02,sweep_sizenew,61,0.1,10000,800,1.0,0.0,0.0,0.5,[0.5],0.5,1.0,-1.0,0.0,0.8,-0.8,0.0,0.5,score
hard_new,ours_refined,0.8936170212765957,1.177304964539007,141,2025-08-08T12:01:02,sweep_sizenew,61,0.1,10000,800,1.0,0.0,0.0,0.5,[0.5],0.5,1.0,-1.0,0.0,0.8,-0.8,0.0,0.5,score
overall,ours_refined,0.8915,1.0705,2000,2025-08-08T12:01:02,sweep_sizenew,68,0.1,10000,4000,1.0,0.0,0.0,0.5,[0.5],0.5,1.0,-1.0,0.0,0.8,-0.8,0.0,0.5,score
easy_new,ours_refined,0.897770945426595,1.0691775557263643,1301,2025-08-08T12:01:02,sweep_sizenew,68,0.1,10000,4000,1.0,0.0,0.0,0.5,[0.5],0.5,1.0,-1.0,0.0,0.8,-0.8,0.0,0.5,score
hard_new,ours_refined,0.8798283261802575,1.0729613733905579,699,2025-08-08T12:01:02,sweep_sizenew,68,0.1,10000,4000,1.0,0.0,0.0,0.5,[0.5],0.5,1.0,-1.0,0.0,0.8,-0.8,0.0,0.5,score
overall,ours_refined,0.8851428571428571,1.0634285714285714,3500,2025-08-08T12:01:02,sweep_sizenew,50,0.1,10000,7000,1.0,0.0,0.0,0.5,[0.5],0.5,1.0,-1.0,0.0,0.8,-0.8,0.0,0.5,score
easy_new,ours_refined,0.8885502829777971,1.0605137135393992,2297,2025-08-08T12:01:02,sweep_sizenew,50,0.1,10000,7000,1.0,0.0,0.0,0.5,[0.5],0.5,1.0,-1.0,0.0,0.8,-0.8,0.0,0.5,score
hard_new,ours_refined,0.8786367414796342,1.0689941812136325,1203,2025-08-08T12:01:02,sweep_sizenew,50,0.1,10000,7000,1.0,0.0,0.0,0.5,[0.5],0.5,1.0,-1.0,0.0,0.8,-0.8,0.0,0.5,score
overall,ours_refined,0.935,1.1,400,2025-08-08T12:01:03,sweep_sizenew,62,0.1,10000,800,1.0,0.0,0.0,0.5,[0.5],0.5,1.0,-1.0,0.0,0.8,-0.8,0.0,0.5,score
easy_new,ours_refined,0.9382716049382716,1.0987654320987654,243,2025-08-08T12:01:03,sweep_sizenew,62,0.1,10000,800,1.0,0.0,0.0,0.5,[0.5],0.5,1.0,-1.0,0.0,0.8,-0.8,0.0,0.5,score
hard_new,ours_refined,0.9299363057324841,1.1019108280254777,157,2025-08-08T12:01:03,sweep_sizenew,62,0.1,10000,800,1.0,0.0,0.0,0.5,[0.5],0.5,1.0,-1.0,0.0,0.8,-0.8,0.0,0.5,score
overall,ours_refined,0.9025,1.0825,2000,2025-08-08T12:01:03,sweep_sizenew,66,0.1,10000,4000,1.0,0.0,0.0,0.5,[0.5],0.5,1.0,-1.0,0.0,0.8,-0.8,0.0,0.5,score
easy_new,ours_refined,0.8976317799847212,1.076394194041253,1309,2025-08-08T12:01:03,sweep_sizenew,66,0.1,10000,4000,1.0,0.0,0.0,0.5,[0.5],0.5,1.0,-1.0,0.0,0.8,-0.8,0.0,0.5,score
hard_new,ours_refined,0.9117221418234442,1.0940665701881331,691,2025-08-08T12:01:03,sweep_sizenew,66,0.1,10000,4000,1.0,0.0,0.0,0.5,[0.5],0.5,1.0,-1.0,0.0,0.8,-0.8,0.0,0.5,score
overall,ours_refined,0.906,1.111,2000,2025-08-08T12:01:03,sweep_sizenew,65,0.1,10000,4000,1.0,0.0,0.0,0.5,[0.5],0.5,1.0,-1.0,0.0,0.8,-0.8,0.0,0.5,score
easy_new,ours_refined,0.9144587433762301,1.0976532929598788,1321,2025-08-08T12:01:03,sweep_sizenew,65,0.1,10000,4000,1.0,0.0,0.0,0.5,[0.5],0.5,1.0,-1.0,0.0,0.8,-0.8,0.0,0.5,score
hard_new,ours_refined,0.8895434462444771,1.1369661266568483,679,2025-08-08T12:01:03,sweep_sizenew,65,0.1,10000,4000,1.0,0.0,0.0,0.5,[0.5],0.5,1.0,-1.0,0.0,0.8,-0.8,0.0,0.5,score
overall,ours_refined,0.89,1.072,2000,2025-08-08T12:01:04,sweep_sizenew,60,0.1,10000,4000,1.0,0.0,0.0,0.5,[0.5],0.5,1.0,-1.0,0.0,0.8,-0.8,0.0,0.5,score
easy_new,ours_refined,0.8889739663093414,1.066615620214395,1306,2025-08-08T12:01:04,sweep_sizenew,60,0.1,10000,4000,1.0,0.0,0.0,0.5,[0.5],0.5,1.0,-1.0,0.0,0.8,-0.8,0.0,0.5,score
hard_new,ours_refined,0.8919308357348703,1.0821325648414986,694,2025-08-08T12:01:04,sweep_sizenew,60,0.1,10000,4000,1.0,0.0,0.0,0.5,[0.5],0.5,1.0,-1.0,0.0,0.8,-0.8,0.0,0.5,score
overall,ours_refined,0.9185,1.096,2000,2025-08-08T12:01:04,sweep_sizenew,59,0.1,10000,4000,1.0,0.0,0.0,0.5,[0.5],0.5,1.0,-1.0,0.0,0.8,-0.8,0.0,0.5,score
easy_new,ours_refined,0.9242902208201893,1.0764984227129337,1268,2025-08-08T12:01:04,sweep_sizenew,59,0.1,10000,4000,1.0,0.0,0.0,0.5,[0.5],0.5,1.0,-1.0,0.0,0.8,-0.8,0.0,0.5,score
hard_new,ours_refined,0.9084699453551912,1.1297814207650274,732,2025-08-08T12:01:04,sweep_sizenew,59,0.1,10000,4000,1.0,0.0,0.0,0.5,[0.5],0.5,1.0,-1.0,0.0,0.8,-0.8,0.0,0.5,score
overall,ours_refined,0.887,1.073,1000,2025-08-08T12:01:04,sweep_sizenew,98,0.1,10000,2000,1.0,0.0,0.0,0.5,[0.5],0.5,1.0,-1.0,0.0,0.8,-0.8,0.0,0.5,score
easy_new,ours_refined,0.881578947368421,1.067251461988304,684,2025-08-08T12:01:04,sweep_sizenew,98,0.1,10000,2000,1.0,0.0,0.0,0.5,[0.5],0.5,1.0,-1.0,0.0,0.8,-0.8,0.0,0.5,score
hard_new,ours_refined,0.8987341772151899,1.0854430379746836,316,2025-08-08T12:01:04,sweep_sizenew,98,0.1,10000,2000,1.0,0.0,0.0,0.5,[0.5],0.5,1.0,-1.0,0.0,0.8,-0.8,0.0,0.5,score
overall,ours_refined,0.904,1.105,1000,2025-08-08T12:01:04,sweep_sizenew,99,0.1,10000,2000,1.0,0.0,0.0,0.5,[0.5],0.5,1.0,-1.0,0.0,0.8,-0.8,0.0,0.5,score
easy_new,ours_refined,0.9049128367670365,1.0855784469096672,631,2025-08-08T12:01:04,sweep_sizenew,99,0.1,10000,2000,1.0,0.0,0.0,0.5,[0.5],0.5,1.0,-1.0,0.0,0.8,-0.8,0.0,0.5,score
hard_new,ours_refined,0.9024390243902439,1.1382113821138211,369,2025-08-08T12:01:04,sweep_sizenew,99,0.1,10000,2000,1.0,0.0,0.0,0.5,[0.5],0.5,1.0,-1.0,0.0,0.8,-0.8,0.0,0.5,score
overall,ours_refined,0.9023333333333333,1.0963333333333334,3000,2025-08-08T12:01:04,sweep_sizenew,52,0.1,10000,6000,1.0,0.0,0.0,0.5,[0.5],0.5,1.0,-1.0,0.0,0.8,-0.8,0.0,0.5,score
easy_new,ours_refined,0.9121381411884205,1.0863382427628239,1969,2025-08-08T12:01:04,sweep_sizenew,52,0.1,10000,6000,1.0,0.0,0.0,0.5,[0.5],0.5,1.0,-1.0,0.0,0.8,-0.8,0.0,0.5,score
hard_new,ours_refined,0.88360814742968,1.1154219204655673,1031,2025-08-08T12:01:04,sweep_sizenew,52,0.1,10000,6000,1.0,0.0,0.0,0.5,[0.5],0.5,1.0,-1.0,0.0,0.8,-0.8,0.0,0.5,score
overall,ours_refined,0.906,1.114,1000,2025-08-08T12:01:04,sweep_sizenew,100,0.1,10000,2000,1.0,0.0,0.0,0.5,[0.5],0.5,1.0,-1.0,0.0,0.8,-0.8,0.0,0.5,score
easy_new,ours_refined,0.9031296572280179,1.1043219076005961,671,2025-08-08T12:01:04,sweep_sizenew,100,0.1,10000,2000,1.0,0.0,0.0,0.5,[0.5],0.5,1.0,-1.0,0.0,0.8,-0.8,0.0,0.5,score
hard_new,ours_refined,0.9118541033434651,1.1337386018237081,329,2025-08-08T12:01:04,sweep_sizenew,100,0.1,10000,2000,1.0,0.0,0.0,0.5,[0.5],0.5,1.0,-1.0,0.0,0.8,-0.8,0.0,0.5,score
overall,ours_refined,0.9043333333333333,1.1013333333333333,3000,2025-08-08T12:01:05,sweep_sizenew,26,0.1,10000,6000,1.0,0.0,0.0,0.5,[0.5],0.5,1.0,-1.0,0.0,0.8,-0.8,0.0,0.5,score
easy_new,ours_refined,0.9067753438614365,1.0952623535404993,1963,2025-08-08T12:01:05,sweep_sizenew,26,0.1,10000,6000,1.0,0.0,0.0,0.5,[0.5],0.5,1.0,-1.0,0.0,0.8,-0.8,0.0,0.5,score
hard_new,ours_refined,0.8997107039537127,1.1128254580520733,1037,2025-08-08T12:01:05,sweep_sizenew,26,0.1,10000,6000,1.0,0.0,0.0,0.5,[0.5],0.5,1.0,-1.0,0.0,0.8,-0.8,0.0,0.5,score
overall,ours_refined,0.8976,1.0812,2500,2025-08-08T12:01:06,sweep_sizenew,76,0.1,10000,5000,1.0,0.0,0.0,0.5,[0.5],0.5,1.0,-1.0,0.0,0.8,-0.8,0.0,0.5,score
easy_new,ours_refined,0.8954954954954955,1.0732732732732733,1665,2025-08-08T12:01:06,sweep_sizenew,76,0.1,10000,5000,1.0,0.0,0.0,0.5,[0.5],0.5,1.0,-1.0,0.0,0.8,-0.8,0.0,0.5,score
hard_new,ours_refined,0.9017964071856287,1.097005988023952,835,2025-08-08T12:01:06,sweep_sizenew,76,0.1,10000,5000,1.0,0.0,0.0,0.5,[0.5],0.5,1.0,-1.0,0.0,0.8,-0.8,0.0,0.5,score
overall,ours_refined,0.9008,1.0948,2500,2025-08-08T12:01:06,sweep_sizenew,77,0.1,10000,5000,1.0,0.0,0.0,0.5,[0.5],0.5,1.0,-1.0,0.0,0.8,-0.8,0.0,0.5,score
easy_new,ours_refined,0.9025137952176578,1.0839975475168608,1631,2025-08-08T12:01:06,sweep_sizenew,77,0.1,10000,5000,1.0,0.0,0.0,0.5,[0.5],0.5,1.0,-1.0,0.0,0.8,-0.8,0.0,0.5,score
hard_new,ours_refined,0.8975834292289988,1.1150747986191025,869,2025-08-08T12:01:06,sweep_sizenew,77,0.1,10000,5000,1.0,0.0,0.0,0.5,[0.5],0.5,1.0,-1.0,0.0,0.8,-0.8,0.0,0.5,score
overall,ours_refined,0.8997142857142857,1.0794285714285714,3500,2025-08-08T12:01:06,sweep_sizenew,80,0.1,10000,7000,1.0,0.0,0.0,0.5,[0.5],0.5,1.0,-1.0,0.0,0.8,-0.8,0.0,0.5,score
easy_new,ours_refined,0.9004698846646733,1.06877402819308,2341,2025-08-08T12:01:06,sweep_sizenew,80,0.1,10000,7000,1.0,0.0,0.0,0.5,[0.5],0.5,1.0,-1.0,0.0,0.8,-0.8,0.0,0.5,score
hard_new,ours_refined,0.8981880931837791,1.1009490940465918,1159,2025-08-08T12:01:06,sweep_sizenew,80,0.1,10000,7000,1.0,0.0,0.0,0.5,[0.5],0.5,1.0,-1.0,0.0,0.8,-0.8,0.0,0.5,score
overall,ours_refined,0.8988571428571429,1.0897142857142856,3500,2025-08-08T12:01:06,sweep_sizenew,79,0.1,10000,7000,1.0,0.0,0.0,0.5,[0.5],0.5,1.0,-1.0,0.0,0.8,-0.8,0.0,0.5,score
easy_new,ours_refined,0.90625,1.0787671232876712,2336,2025-08-08T12:01:06,sweep_sizenew,79,0.1,10000,7000,1.0,0.0,0.0,0.5,[0.5],0.5,1.0,-1.0,0.0,0.8,-0.8,0.0,0.5,score
hard_new,ours_refined,0.884020618556701,1.111683848797251,1164,2025-08-08T12:01:06,sweep_sizenew,79,0.1,10000,7000,1.0,0.0,0.0,0.5,[0.5],0.5,1.0,-1.0,0.0,0.8,-0.8,0.0,0.5,score
overall,ours_refined,0.9043333333333333,1.0993333333333333,3000,2025-08-08T12:01:06,sweep_sizenew,84,0.1,10000,6000,1.0,0.0,0.0,0.5,[0.5],0.5,1.0,-1.0,0.0,0.8,-0.8,0.0,0.5,score
easy_new,ours_refined,0.904666332162569,1.0847967887606622,1993,2025-08-08T12:01:06,sweep_sizenew,84,0.1,10000,6000,1.0,0.0,0.0,0.5,[0.5],0.5,1.0,-1.0,0.0,0.8,-0.8,0.0,0.5,score
hard_new,ours_refined,0.9036742800397219,1.128103277060576,1007,2025-08-08T12:01:06,sweep_sizenew,84,0.1,10000,6000,1.0,0.0,0.0,0.5,[0.5],0.5,1.0,-1.0,0.0,0.8,-0.8,0.0,0.5,score
overall,ours_refined,0.9013333333333333,1.0933333333333333,3000,2025-08-08T12:01:06,sweep_sizenew,58,0.1,10000,6000,1.0,0.0,0.0,0.5,[0.5],0.5,1.0,-1.0,0.0,0.8,-0.8,0.0,0.5,score
easy_new,ours_refined,0.9031589849818746,1.0807871569135163,1931,2025-08-08T12:01:06,sweep_sizenew,58,0.1,10000,6000,1.0,0.0,0.0,0.5,[0.5],0.5,1.0,-1.0,0.0,0.8,-0.8,0.0,0.5,score
hard_new,ours_refined,0.8980355472404116,1.1159962581852199,1069,2025-08-08T12:01:06,sweep_sizenew,58,0.1,10000,6000,1.0,0.0,0.0,0.5,[0.5],0.5,1.0,-1.0,0.0,0.8,-0.8,0.0,0.5,score
overall,ours_refined,0.903,1.0963333333333334,3000,2025-08-08T12:01:06,sweep_sizenew,95,0.1,10000,6000,1.0,0.0,0.0,0.5,[0.5],0.5,1.0,-1.0,0.0,0.8,-0.8,0.0,0.5,score
easy_new,ours_refined,0.9032753326509724,1.087512794268168,1954,2025-08-08T12:01:06,sweep_sizenew,95,0.1,10000,6000,1.0,0.0,0.0,0.5,[0.5],0.5,1.0,-1.0,0.0,0.8,-0.8,0.0,0.5,score
hard_new,ours_refined,0.9024856596558317,1.112810707456979,1046,2025-08-08T12:01:06,sweep_sizenew,95,0.1,10000,6000,1.0,0.0,0.0,0.5,[0.5],0.5,1.0,-1.0,0.0,0.8,-0.8,0.0,0.5,score
overall,ours_refined,0.9016666666666666,1.0816666666666668,3000,2025-08-08T12:01:06,sweep_sizenew,42,0.1,10000,6000,1.0,0.0,0.0,0.5,[0.5],0.5,1.0,-1.0,0.0,0.8,-0.8,0.0,0.5,score
easy_new,ours_refined,0.9006690684508492,1.0772002058672157,1943,2025-08-08T12:01:06,sweep_sizenew,42,0.1,10000,6000,1.0,0.0,0.0,0.5,[0.5],0.5,1.0,-1.0,0.0,0.8,-0.8,0.0,0.5,score
hard_new,ours_refined,0.9035004730368968,1.0898770104068118,1057,2025-08-08T12:01:06,sweep_sizenew,42,0.1,10000,6000,1.0,0.0,0.0,0.5,[0.5],0.5,1.0,-1.0,0.0,0.8,-0.8,0.0,0.5,score
overall,ours_refined,0.896,1.078,3000,2025-08-08T12:01:06,sweep_sizenew,91,0.1,10000,6000,1.0,0.0,0.0,0.5,[0.5],0.5,1.0,-1.0,0.0,0.8,-0.8,0.0,0.5,score
easy_new,ours_refined,0.9044914816726898,1.0738255033557047,1937,2025-08-08T12:01:06,sweep_sizenew,91,0.1,10000,6000,1.0,0.0,0.0,0.5,[0.5],0.5,1.0,-1.0,0.0,0.8,-0.8,0.0,0.5,score
hard_new,ours_refined,0.8805268109125117,1.085606773283161,1063,2025-08-08T12:01:06,sweep_sizenew,91,0.1,10000,6000,1.0,0.0,0.0,0.5,[0.5],0.5,1.0,-1.0,0.0,0.8,-0.8,0.0,0.5,score
overall,ours_refined,0.879,1.0603333333333333,3000,2025-08-08T12:01:06,sweep_sizenew,93,0.1,10000,6000,1.0,0.0,0.0,0.5,[0.5],0.5,1.0,-1.0,0.0,0.8,-0.8,0.0,0.5,score
easy_new,ours_refined,0.883170355120947,1.0519814719505918,1943,2025-08-08T12:01:06,sweep_sizenew,93,0.1,10000,6000,1.0,0.0,0.0,0.5,[0.5],0.5,1.0,-1.0,0.0,0.8,-0.8,0.0,0.5,score
hard_new,ours_refined,0.8713339640491958,1.075685903500473,1057,2025-08-08T12:01:06,sweep_sizenew,93,0.1,10000,6000,1.0,0.0,0.0,0.5,[0.5],0.5,1.0,-1.0,0.0,0.8,-0.8,0.0,0.5,score
overall,ours_refined,0.895,1.0953333333333333,3000,2025-08-08T12:01:07,sweep_sizenew,89,0.1,10000,6000,1.0,0.0,0.0,0.5,[0.5],0.5,1.0,-1.0,0.0,0.8,-0.8,0.0,0.5,score
easy_new,ours_refined,0.897761953204476,1.0829094608341812,1966,2025-08-08T12:01:07,sweep_sizenew,89,0.1,10000,6000,1.0,0.0,0.0,0.5,[0.5],0.5,1.0,-1.0,0.0,0.8,-0.8,0.0,0.5,score
hard_new,ours_refined,0.8897485493230174,1.118955512572534,1034,2025-08-08T12:01:07,sweep_sizenew,89,0.1,10000,6000,1.0,0.0,0.0,0.5,[0.5],0.5,1.0,-1.0,0.0,0.8,-0.8,0.0,0.5,score
overall,ours_refined,0.9008,1.0812,2500,2025-08-08T12:01:07,sweep_sizenew,75,0.1,10000,5000,1.0,0.0,0.0,0.5,[0.5],0.5,1.0,-1.0,0.0,0.8,-0.8,0.0,0.5,score
easy_new,ours_refined,0.9005457853244391,1.075803517283202,1649,2025-08-08T12:01:07,sweep_sizenew,75,0.1,10000,5000,1.0,0.0,0.0,0.5,[0.5],0.5,1.0,-1.0,0.0,0.8,-0.8,0.0,0.5,score
hard_new,ours_refined,0.9012925969447708,1.09165687426557,851,2025-08-08T12:01:07,sweep_sizenew,75,0.1,10000,5000,1.0,0.0,0.0,0.5,[0.5],0.5,1.0,-1.0,0.0,0.8,-0.8,0.0,0.5,score
overall,ours_refined,0.8993333333333333,1.0743333333333334,3000,2025-08-08T12:01:07,sweep_sizenew,94,0.1,10000,6000,1.0,0.0,0.0,0.5,[0.5],0.5,1.0,-1.0,0.0,0.8,-0.8,0.0,0.5,score
easy_new,ours_refined,0.8992693110647182,1.0662839248434237,1916,2025-08-08T12:01:07,sweep_sizenew,94,0.1,10000,6000,1.0,0.0,0.0,0.5,[0.5],0.5,1.0,-1.0,0.0,0.8,-0.8,0.0,0.5,score
hard_new,ours_refined,0.8994464944649446,1.088560885608856,1084,2025-08-08T12:01:07,sweep_sizenew,94,0.1,10000,6000,1.0,0.0,0.0,0.5,[0.5],0.5,1.0,-1.0,0.0,0.8,-0.8,0.0,0.5,score
overall,ours_refined,0.901,1.082,3000,2025-08-08T12:01:07,sweep_sizenew,88,0.1,10000,6000,1.0,0.0,0.0,0.5,[0.5],0.5,1.0,-1.0,0.0,0.8,-0.8,0.0,0.5,score
easy_new,ours_refined,0.9089974293059125,1.0735218508997428,1945,2025-08-08T12:01:07,sweep_sizenew,88,0.1,10000,6000,1.0,0.0,0.0,0.5,[0.5],0.5,1.0,-1.0,0.0,0.8,-0.8,0.0,0.5,score
hard_new,ours_refined,0.8862559241706162,1.0976303317535545,1055,2025-08-08T12:01:07,sweep_sizenew,88,0.1,10000,6000,1.0,0.0,0.0,0.5,[0.5],0.5,1.0,-1.0,0.0,0.8,-0.8,0.0,0.5,score
overall,ours_refined,0.9136666666666666,1.1096666666666666,3000,2025-08-08T12:01:07,sweep_sizenew,92,0.1,10000,6000,1.0,0.0,0.0,0.5,[0.5],0.5,1.0,-1.0,0.0,0.8,-0.8,0.0,0.5,score
easy_new,ours_refined,0.9208375893769152,1.09805924412666,1958,2025-08-08T12:01:07,sweep_sizenew,92,0.1,10000,6000,1.0,0.0,0.0,0.5,[0.5],0.5,1.0,-1.0,0.0,0.8,-0.8,0.0,0.5,score
hard_new,ours_refined,0.9001919385796545,1.1314779270633397,1042,2025-08-08T12:01:07,sweep_sizenew,92,0.1,10000,6000,1.0,0.0,0.0,0.5,[0.5],0.5,1.0,-1.0,0.0,0.8,-0.8,0.0,0.5,score
overall,ours_refined,0.8937142857142857,1.0677142857142856,3500,2025-08-08T12:01:07,sweep_sizenew,81,0.1,10000,7000,1.0,0.0,0.0,0.5,[0.5],0.5,1.0,-1.0,0.0,0.8,-0.8,0.0,0.5,score
easy_new,ours_refined,0.8934250107434465,1.0588740868070476,2327,2025-08-08T12:01:07,sweep_sizenew,81,0.1,10000,7000,1.0,0.0,0.0,0.5,[0.5],0.5,1.0,-1.0,0.0,0.8,-0.8,0.0,0.5,score
hard_new,ours_refined,0.8942881500426257,1.0852514919011083,1173,2025-08-08T12:01:07,sweep_sizenew,81,0.1,10000,7000,1.0,0.0,0.0,0.5,[0.5],0.5,1.0,-1.0,0.0,0.8,-0.8,0.0,0.5,score
overall,ours_refined,0.892,1.0933333333333333,3000,2025-08-08T12:01:07,sweep_sizenew,87,0.1,10000,6000,1.0,0.0,0.0,0.5,[0.5],0.5,1.0,-1.0,0.0,0.8,-0.8,0.0,0.5,score
easy_new,ours_refined,0.895507319535588,1.0868248359414436,1981,2025-08-08T12:01:07,sweep_sizenew,87,0.1,10000,6000,1.0,0.0,0.0,0.5,[0.5],0.5,1.0,-1.0,0.0,0.8,-0.8,0.0,0.5,score
hard_new,ours_refined,0.8851815505397449,1.1059862610402356,1019,2025-08-08T12:01:07,sweep_sizenew,87,0.1,10000,6000,1.0,0.0,0.0,0.5,[0.5],0.5,1.0,-1.0,0.0,0.8,-0.8,0.0,0.5,score
overall,ours_refined,0.892,1.076,3000,2025-08-08T12:01:07,sweep_sizenew,96,0.1,10000,6000,1.0,0.0,0.0,0.5,[0.5],0.5,1.0,-1.0,0.0,0.8,-0.8,0.0,0.5,score
easy_new,ours_refined,0.8931297709923665,1.0666666666666667,1965,2025-08-08T12:01:07,sweep_sizenew,96,0.1,10000,6000,1.0,0.0,0.0,0.5,[0.5],0.5,1.0,-1.0,0.0,0.8,-0.8,0.0,0.5,score
hard_new,ours_refined,0.8898550724637682,1.093719806763285,1035,2025-08-08T12:01:07,sweep_sizenew,96,0.1,10000,6000,1.0,0.0,0.0,0.5,[0.5],0.5,1.0,-1.0,0.0,0.8,-0.8,0.0,0.5,score
overall,ours_refined,0.914,1.108,3000,2025-08-08T12:01:07,sweep_sizenew,90,0.1,10000,6000,1.0,0.0,0.0,0.5,[0.5],0.5,1.0,-1.0,0.0,0.8,-0.8,0.0,0.5,score
easy_new,ours_refined,0.9113300492610837,1.089655172413793,2030,2025-08-08T12:01:07,sweep_sizenew,90,0.1,10000,6000,1.0,0.0,0.0,0.5,[0.5],0.5,1.0,-1.0,0.0,0.8,-0.8,0.0,0.5,score
hard_new,ours_refined,0.9195876288659793,1.1463917525773195,970,2025-08-08T12:01:07,sweep_sizenew,90,0.1,10000,6000,1.0,0.0,0.0,0.5,[0.5],0.5,1.0,-1.0,0.0,0.8,-0.8,0.0,0.5,score
overall,ours_refined,0.9025714285714286,1.074857142857143,3500,2025-08-08T12:01:07,sweep_sizenew,78,0.1,10000,7000,1.0,0.0,0.0,0.5,[0.5],0.5,1.0,-1.0,0.0,0.8,-0.8,0.0,0.5,score
easy_new,ours_refined,0.908745247148289,1.0705534431770174,2367,2025-08-08T12:01:07,sweep_sizenew,78,0.1,10000,7000,1.0,0.0,0.0,0.5,[0.5],0.5,1.0,-1.0,0.0,0.8,-0.8,0.0,0.5,score
hard_new,ours_refined,0.8896734333627537,1.0838481906443072,1133,2025-08-08T12:01:07,sweep_sizenew,78,0.1,10000,7000,1.0,0.0,0.0,0.5,[0.5],0.5,1.0,-1.0,0.0,0.8,-0.8,0.0,0.5,score
overall,ours_refined,0.8997142857142857,1.0922857142857143,3500,2025-08-08T12:01:07,sweep_sizenew,82,0.1,10000,7000,1.0,0.0,0.0,0.5,[0.5],0.5,1.0,-1.0,0.0,0.8,-0.8,0.0,0.5,score
easy_new,ours_refined,0.9085812850366537,1.076326002587322,2319,2025-08-08T12:01:07,sweep_sizenew,82,0.1,10000,7000,1.0,0.0,0.0,0.5,[0.5],0.5,1.0,-1.0,0.0,0.8,-0.8,0.0,0.5,score
hard_new,ours_refined,0.882303132938188,1.1236240474174428,1181,2025-08-08T12:01:07,sweep_sizenew,82,0.1,10000,7000,1.0,0.0,0.0,0.5,[0.5],0.5,1.0,-1.0,0.0,0.8,-0.8,0.0,0.5,score
overall,ours_refined,0.906,1.07,1000,2025-08-08T12:01:07,sweep_sizenew,97,0.1,10000,2000,1.0,0.0,0.0,0.5,[0.5],0.5,1.0,-1.0,0.0,0.8,-0.8,0.0,0.5,score
easy_new,ours_refined,0.9003067484662577,1.0705521472392638,652,2025-08-08T12:01:07,sweep_sizenew,97,0.1,10000,2000,1.0,0.0,0.0,0.5,[0.5],0.5,1.0,-1.0,0.0,0.8,-0.8,0.0,0.5,score
hard_new,ours_refined,0.9166666666666666,1.0689655172413792,348,2025-08-08T12:01:07,sweep_sizenew,97,0.1,10000,2000,1.0,0.0,0.0,0.5,[0.5],0.5,1.0,-1.0,0.0,0.8,-0.8,0.0,0.5,score
overall,ours_refined,0.9031428571428571,1.0842857142857143,3500,2025-08-08T12:01:07,sweep_sizenew,83,0.1,10000,7000,1.0,0.0,0.0,0.5,[0.5],0.5,1.0,-1.0,0.0,0.8,-0.8,0.0,0.5,score
easy_new,ours_refined,0.902311382468382,1.074138682948103,2293,2025-08-08T12:01:07,sweep_sizenew,83,0.1,10000,7000,1.0,0.0,0.0,0.5,[0.5],0.5,1.0,-1.0,0.0,0.8,-0.8,0.0,0.5,score
hard_new,ours_refined,0.9047224523612262,1.103562551781276,1207,2025-08-08T12:01:07,sweep_sizenew,83,0.1,10000,7000,1.0,0.0,0.0,0.5,[0.5],0.5,1.0,-1.0,0.0,0.8,-0.8,0.0,0.5,score
overall,ours_refined,0.8988571428571429,1.0937142857142856,3500,2025-08-08T12:01:07,sweep_sizenew,53,0.1,10000,7000,1.0,0.0,0.0,0.5,[0.5],0.5,1.0,-1.0,0.0,0.8,-0.8,0.0,0.5,score
easy_new,ours_refined,0.9036658141517476,1.0843989769820972,2346,2025-08-08T12:01:07,sweep_sizenew,53,0.1,10000,7000,1.0,0.0,0.0,0.5,[0.5],0.5,1.0,-1.0,0.0,0.8,-0.8,0.0,0.5,score
hard_new,ours_refined,0.8890814558058926,1.1126516464471403,1154,2025-08-08T12:01:07,sweep_sizenew,53,0.1,10000,7000,1.0,0.0,0.0,0.5,[0.5],0.5,1.0,-1.0,0.0,0.8,-0.8,0.0,0.5,score
overall,ours_refined,0.903,1.0926666666666667,3000,2025-08-08T12:01:07,sweep_sizenew,85,0.1,10000,6000,1.0,0.0,0.0,0.5,[0.5],0.5,1.0,-1.0,0.0,0.8,-0.8,0.0,0.5,score
easy_new,ours_refined,0.91,1.085,2000,2025-08-08T12:01:07,sweep_sizenew,85,0.1,10000,6000,1.0,0.0,0.0,0.5,[0.5],0.5,1.0,-1.0,0.0,0.8,-0.8,0.0,0.5,score
hard_new,ours_refined,0.889,1.108,1000,2025-08-08T12:01:07,sweep_sizenew,85,0.1,10000,6000,1.0,0.0,0.0,0.5,[0.5],0.5,1.0,-1.0,0.0,0.8,-0.8,0.0,0.5,score
overall,ours_refined,0.93,1.08,200,2025-08-08T12:01:07,sweep_sizenew,54,0.1,10000,400,1.0,0.0,0.0,0.5,[0.5],0.5,1.0,-1.0,0.0,0.8,-0.8,0.0,0.5,score
easy_new,ours_refined,0.9457364341085271,1.062015503875969,129,2025-08-08T12:01:07,sweep_sizenew,54,0.1,10000,400,1.0,0.0,0.0,0.5,[0.5],0.5,1.0,-1.0,0.0,0.8,-0.8,0.0,0.5,score
hard_new,ours_refined,0.9014084507042254,1.1126760563380282,71,2025-08-08T12:01:07,sweep_sizenew,54,0.1,10000,400,1.0,0.0,0.0,0.5,[0.5],0.5,1.0,-1.0,0.0,0.8,-0.8,0.0,0.5,score
overall,ours_refined,0.897,1.082,3000,2025-08-08T12:01:08,sweep_sizenew,72,0.1,10000,6000,1.0,0.0,0.0,0.5,[0.5],0.5,1.0,-1.0,0.0,0.8,-0.8,0.0,0.5,score
easy_new,ours_refined,0.8953068592057761,1.073233625580196,1939,2025-08-08T12:01:08,sweep_sizenew,72,0.1,10000,6000,1.0,0.0,0.0,0.5,[0.5],0.5,1.0,-1.0,0.0,0.8,-0.8,0.0,0.5,score
hard_new,ours_refined,0.9000942507068803,1.0980207351555136,1061,2025-08-08T12:01:08,sweep_sizenew,72,0.1,10000,6000,1.0,0.0,0.0,0.5,[0.5],0.5,1.0,-1.0,0.0,0.8,-0.8,0.0,0.5,score
overall,ours_refined,0.9026666666666666,1.0836666666666666,3000,2025-08-08T12:01:08,sweep_sizenew,86,0.1,10000,6000,1.0,0.0,0.0,0.5,[0.5],0.5,1.0,-1.0,0.0,0.8,-0.8,0.0,0.5,score
easy_new,ours_refined,0.9076224129227662,1.0686521958606765,1981,2025-08-08T12:01:08,sweep_sizenew,86,0.1,10000,6000,1.0,0.0,0.0,0.5,[0.5],0.5,1.0,-1.0,0.0,0.8,-0.8,0.0,0.5,score
hard_new,ours_refined,0.8930323846908734,1.112855740922473,1019,2025-08-08T12:01:08,sweep_sizenew,86,0.1,10000,6000,1.0,0.0,0.0,0.5,[0.5],0.5,1.0,-1.0,0.0,0.8,-0.8,0.0,0.5,score
overall,ours_refined,0.9026666666666666,1.0793333333333333,3000,2025-08-08T12:01:08,sweep_sizenew,69,0.1,10000,6000,1.0,0.0,0.0,0.5,[0.5],0.5,1.0,-1.0,0.0,0.8,-0.8,0.0,0.5,score
easy_new,ours_refined,0.903177004538578,1.0685829551185073,1983,2025-08-08T12:01:08,sweep_sizenew,69,0.1,10000,6000,1.0,0.0,0.0,0.5,[0.5],0.5,1.0,-1.0,0.0,0.8,-0.8,0.0,0.5,score
hard_new,ours_refined,0.9016715830875123,1.1002949852507375,1017,2025-08-08T12:01:08,sweep_sizenew,69,0.1,10000,6000,1.0,0.0,0.0,0.5,[0.5],0.5,1.0,-1.0,0.0,0.8,-0.8,0.0,0.5,score
overall,ours_refined,0.9113333333333333,1.086,3000,2025-08-08T12:01:08,sweep_sizenew,56,0.1,10000,6000,1.0,0.0,0.0,0.5,[0.5],0.5,1.0,-1.0,0.0,0.8,-0.8,0.0,0.5,score
easy_new,ours_refined,0.9148936170212766,1.0724417426545085,1974,2025-08-08T12:01:08,sweep_sizenew,56,0.1,10000,6000,1.0,0.0,0.0,0.5,[0.5],0.5,1.0,-1.0,0.0,0.8,-0.8,0.0,0.5,score
hard_new,ours_refined,0.9044834307992202,1.112085769980507,1026,2025-08-08T12:01:08,sweep_sizenew,56,0.1,10000,6000,1.0,0.0,0.0,0.5,[0.5],0.5,1.0,-1.0,0.0,0.8,-0.8,0.0,0.5,score
overall,ours_refined,0.8863333333333333,1.066,3000,2025-08-08T12:01:08,sweep_sizenew,55,0.1,10000,6000,1.0,0.0,0.0,0.5,[0.5],0.5,1.0,-1.0,0.0,0.8,-0.8,0.0,0.5,score
easy_new,ours_refined,0.891511803114013,1.0562531391260672,1991,2025-08-08T12:01:08,sweep_sizenew,55,0.1,10000,6000,1.0,0.0,0.0,0.5,[0.5],0.5,1.0,-1.0,0.0,0.8,-0.8,0.0,0.5,score
hard_new,ours_refined,0.8761149653121902,1.085232903865213,1009,2025-08-08T12:01:08,sweep_sizenew,55,0.1,10000,6000,1.0,0.0,0.0,0.5,[0.5],0.5,1.0,-1.0,0.0,0.8,-0.8,0.0,0.5,score
overall,ours_refined,0.907,1.0913333333333333,3000,2025-08-08T12:01:08,sweep_sizenew,70,0.1,10000,6000,1.0,0.0,0.0,0.5,[0.5],0.5,1.0,-1.0,0.0,0.8,-0.8,0.0,0.5,score
easy_new,ours_refined,0.9056603773584906,1.0846506884242733,1961,2025-08-08T12:01:08,sweep_sizenew,70,0.1,10000,6000,1.0,0.0,0.0,0.5,[0.5],0.5,1.0,-1.0,0.0,0.8,-0.8,0.0,0.5,score
hard_new,ours_refined,0.9095283926852743,1.1039461020211743,1039,2025-08-08T12:01:08,sweep_sizenew,70,0.1,10000,6000,1.0,0.0,0.0,0.5,[0.5],0.5,1.0,-1.0,0.0,0.8,-0.8,0.0,0.5,score
overall,ours_refined,0.904,1.0853333333333333,3000,2025-08-08T12:01:08,sweep_sizenew,71,0.1,10000,6000,1.0,0.0,0.0,0.5,[0.5],0.5,1.0,-1.0,0.0,0.8,-0.8,0.0,0.5,score
easy_new,ours_refined,0.9051020408163265,1.0755102040816327,1960,2025-08-08T12:01:08,sweep_sizenew,71,0.1,10000,6000,1.0,0.0,0.0,0.5,[0.5],0.5,1.0,-1.0,0.0,0.8,-0.8,0.0,0.5,score
hard_new,ours_refined,0.9019230769230769,1.103846153846154,1040,2025-08-08T12:01:08,sweep_sizenew,71,0.1,10000,6000,1.0,0.0,0.0,0.5,[0.5],0.5,1.0,-1.0,0.0,0.8,-0.8,0.0,0.5,score
overall,ours_refined,0.9013333333333333,1.088,3000,2025-08-08T12:01:09,sweep_sizenew,57,0.1,10000,6000,1.0,0.0,0.0,0.5,[0.5],0.5,1.0,-1.0,0.0,0.8,-0.8,0.0,0.5,score
easy_new,ours_refined,0.9060773480662984,1.0743345052737319,1991,2025-08-08T12:01:09,sweep_sizenew,57,0.1,10000,6000,1.0,0.0,0.0,0.5,[0.5],0.5,1.0,-1.0,0.0,0.8,-0.8,0.0,0.5,score
hard_new,ours_refined,0.8919722497522299,1.1149653121902874,1009,2025-08-08T12:01:09,sweep_sizenew,57,0.1,10000,6000,1.0,0.0,0.0,0.5,[0.5],0.5,1.0,-1.0,0.0,0.8,-0.8,0.0,0.5,score
overall,ours_refined,0.9008,1.0824,2500,2025-08-08T12:01:09,sweep_sizenew,67,0.1,10000,5000,1.0,0.0,0.0,0.5,[0.5],0.5,1.0,-1.0,0.0,0.8,-0.8,0.0,0.5,score
easy_new,ours_refined,0.8995765275257108,1.073200241984271,1653,2025-08-08T12:01:09,sweep_sizenew,67,0.1,10000,5000,1.0,0.0,0.0,0.5,[0.5],0.5,1.0,-1.0,0.0,0.8,-0.8,0.0,0.5,score
hard_new,ours_refined,0.9031877213695395,1.1003541912632822,847,2025-08-08T12:01:09,sweep_sizenew,67,0.1,10000,5000,1.0,0.0,0.0,0.5,[0.5],0.5,1.0,-1.0,0.0,0.8,-0.8,0.0,0.5,score
overall,ours_refined,0.9068,1.1052,2500,2025-08-08T12:01:10,sweep_sizenew,68,0.1,10000,5000,1.0,0.0,0.0,0.5,[0.5],0.5,1.0,-1.0,0.0,0.8,-0.8,0.0,0.5,score
easy_new,ours_refined,0.9176682692307693,1.0949519230769231,1664,2025-08-08T12:01:10,sweep_sizenew,68,0.1,10000,5000,1.0,0.0,0.0,0.5,[0.5],0.5,1.0,-1.0,0.0,0.8,-0.8,0.0,0.5,score
hard_new,ours_refined,0.8851674641148325,1.125598086124402,836,2025-08-08T12:01:10,sweep_sizenew,68,0.1,10000,5000,1.0,0.0,0.0,0.5,[0.5],0.5,1.0,-1.0,0.0,0.8,-0.8,0.0,0.5,score
overall,ours_refined,0.8946666666666667,1.084,1500,2025-08-08T12:01:10,sweep_sizenew,98,0.1,10000,3000,1.0,0.0,0.0,0.5,[0.5],0.5,1.0,-1.0,0.0,0.8,-0.8,0.0,0.5,score
easy_new,ours_refined,0.9024630541871921,1.0748768472906405,1015,2025-08-08T12:01:10,sweep_sizenew,98,0.1,10000,3000,1.0,0.0,0.0,0.5,[0.5],0.5,1.0,-1.0,0.0,0.8,-0.8,0.0,0.5,score
hard_new,ours_refined,0.8783505154639175,1.1030927835051547,485,2025-08-08T12:01:10,sweep_sizenew,98,0.1,10000,3000,1.0,0.0,0.0,0.5,[0.5],0.5,1.0,-1.0,0.0,0.8,-0.8,0.0,0.5,score
overall,ours_refined,0.9204,1.1296,2500,2025-08-08T12:01:10,sweep_sizenew,65,0.1,10000,5000,1.0,0.0,0.0,0.5,[0.5],0.5,1.0,-1.0,0.0,0.8,-0.8,0.0,0.5,score
easy_new,ours_refined,0.9268440145102781,1.1221281741233373,1654,2025-08-08T12:01:10,sweep_sizenew,65,0.1,10000,5000,1.0,0.0,0.0,0.5,[0.5],0.5,1.0,-1.0,0.0,0.8,-0.8,0.0,0.5,score
hard_new,ours_refined,0.9078014184397163,1.1442080378250592,846,2025-08-08T12:01:10,sweep_sizenew,65,0.1,10000,5000,1.0,0.0,0.0,0.5,[0.5],0.5,1.0,-1.0,0.0,0.8,-0.8,0.0,0.5,score
overall,ours_refined,0.908,1.1126666666666667,1500,2025-08-08T12:01:10,sweep_sizenew,99,0.1,10000,3000,1.0,0.0,0.0,0.5,[0.5],0.5,1.0,-1.0,0.0,0.8,-0.8,0.0,0.5,score
easy_new,ours_refined,0.9136316337148803,1.0822060353798126,961,2025-08-08T12:01:10,sweep_sizenew,99,0.1,10000,3000,1.0,0.0,0.0,0.5,[0.5],0.5,1.0,-1.0,0.0,0.8,-0.8,0.0,0.5,score
hard_new,ours_refined,0.8979591836734694,1.1669758812615956,539,2025-08-08T12:01:10,sweep_sizenew,99,0.1,10000,3000,1.0,0.0,0.0,0.5,[0.5],0.5,1.0,-1.0,0.0,0.8,-0.8,0.0,0.5,score
overall,ours_refined,0.8666666666666667,1.0466666666666666,1500,2025-08-08T12:01:10,sweep_sizenew,100,0.1,10000,3000,1.0,0.0,0.0,0.5,[0.5],0.5,1.0,-1.0,0.0,0.8,-0.8,0.0,0.5,score
easy_new,ours_refined,0.8614157527417746,1.0388833499501495,1003,2025-08-08T12:01:10,sweep_sizenew,100,0.1,10000,3000,1.0,0.0,0.0,0.5,[0.5],0.5,1.0,-1.0,0.0,0.8,-0.8,0.0,0.5,score
hard_new,ours_refined,0.8772635814889336,1.062374245472837,497,2025-08-08T12:01:10,sweep_sizenew,100,0.1,10000,3000,1.0,0.0,0.0,0.5,[0.5],0.5,1.0,-1.0,0.0,0.8,-0.8,0.0,0.5,score
overall,ours_refined,0.8936,1.1028,2500,2025-08-08T12:01:10,sweep_sizenew,66,0.1,10000,5000,1.0,0.0,0.0,0.5,[0.5],0.5,1.0,-1.0,0.0,0.8,-0.8,0.0,0.5,score
easy_new,ours_refined,0.8991442542787286,1.0892420537897312,1636,2025-08-08T12:01:10,sweep_sizenew,66,0.1,10000,5000,1.0,0.0,0.0,0.5,[0.5],0.5,1.0,-1.0,0.0,0.8,-0.8,0.0,0.5,score
hard_new,ours_refined,0.8831018518518519,1.1284722222222223,864,2025-08-08T12:01:10,sweep_sizenew,66,0.1,10000,5000,1.0,0.0,0.0,0.5,[0.5],0.5,1.0,-1.0,0.0,0.8,-0.8,0.0,0.5,score
overall,ours_refined,0.9076666666666666,1.0806666666666667,3000,2025-08-08T12:01:10,sweep_sizenew,74,0.1,10000,6000,1.0,0.0,0.0,0.5,[0.5],0.5,1.0,-1.0,0.0,0.8,-0.8,0.0,0.5,score
easy_new,ours_refined,0.9083665338645418,1.0786852589641434,2008,2025-08-08T12:01:10,sweep_sizenew,74,0.1,10000,6000,1.0,0.0,0.0,0.5,[0.5],0.5,1.0,-1.0,0.0,0.8,-0.8,0.0,0.5,score
hard_new,ours_refined,0.90625,1.0846774193548387,992,2025-08-08T12:01:10,sweep_sizenew,74,0.1,10000,6000,1.0,0.0,0.0,0.5,[0.5],0.5,1.0,-1.0,0.0,0.8,-0.8,0.0,0.5,score
overall,ours_refined,0.90075,1.0995,4000,2025-08-08T12:01:10,sweep_sizenew,51,0.1,10000,8000,1.0,0.0,0.0,0.5,[0.5],0.5,1.0,-1.0,0.0,0.8,-0.8,0.0,0.5,score
easy_new,ours_refined,0.9027192646495595,1.088088854844887,2611,2025-08-08T12:01:10,sweep_sizenew,51,0.1,10000,8000,1.0,0.0,0.0,0.5,[0.5],0.5,1.0,-1.0,0.0,0.8,-0.8,0.0,0.5,score
hard_new,ours_refined,0.8970482361411087,1.1209503239740821,1389,2025-08-08T12:01:10,sweep_sizenew,51,0.1,10000,8000,1.0,0.0,0.0,0.5,[0.5],0.5,1.0,-1.0,0.0,0.8,-0.8,0.0,0.5,score
overall,ours_refined,0.9,1.098,500,2025-08-08T12:01:10,sweep_sizenew,61,0.1,10000,1000,1.0,0.0,0.0,0.5,[0.5],0.5,1.0,-1.0,0.0,0.8,-0.8,0.0,0.5,score
easy_new,ours_refined,0.9109792284866469,1.0979228486646884,337,2025-08-08T12:01:10,sweep_sizenew,61,0.1,10000,1000,1.0,0.0,0.0,0.5,[0.5],0.5,1.0,-1.0,0.0,0.8,-0.8,0.0,0.5,score
hard_new,ours_refined,0.8773006134969326,1.098159509202454,163,2025-08-08T12:01:10,sweep_sizenew,61,0.1,10000,1000,1.0,0.0,0.0,0.5,[0.5],0.5,1.0,-1.0,0.0,0.8,-0.8,0.0,0.5,score
overall,ours_refined,0.8826666666666667,1.0473333333333332,3000,2025-08-08T12:01:11,sweep_sizenew,73,0.1,10000,6000,1.0,0.0,0.0,0.5,[0.5],0.5,1.0,-1.0,0.0,0.8,-0.8,0.0,0.5,score
easy_new,ours_refined,0.8870056497175142,1.0400616332819723,1947,2025-08-08T12:01:11,sweep_sizenew,73,0.1,10000,6000,1.0,0.0,0.0,0.5,[0.5],0.5,1.0,-1.0,0.0,0.8,-0.8,0.0,0.5,score
hard_new,ours_refined,0.8746438746438746,1.0607787274453941,1053,2025-08-08T12:01:11,sweep_sizenew,73,0.1,10000,6000,1.0,0.0,0.0,0.5,[0.5],0.5,1.0,-1.0,0.0,0.8,-0.8,0.0,0.5,score
overall,ours_refined,0.9045,1.113,2000,2025-08-08T12:01:11,sweep_sizenew,63,0.1,10000,4000,1.0,0.0,0.0,0.5,[0.5],0.5,1.0,-1.0,0.0,0.8,-0.8,0.0,0.5,score
easy_new,ours_refined,0.9095022624434389,1.094268476621418,1326,2025-08-08T12:01:11,sweep_sizenew,63,0.1,10000,4000,1.0,0.0,0.0,0.5,[0.5],0.5,1.0,-1.0,0.0,0.8,-0.8,0.0,0.5,score
hard_new,ours_refined,0.8946587537091988,1.1498516320474776,674,2025-08-08T12:01:11,sweep_sizenew,63,0.1,10000,4000,1.0,0.0,0.0,0.5,[0.5],0.5,1.0,-1.0,0.0,0.8,-0.8,0.0,0.5,score
overall,ours_refined,0.9065,1.117,2000,2025-08-08T12:01:12,sweep_sizenew,64,0.1,10000,4000,1.0,0.0,0.0,0.5,[0.5],0.5,1.0,-1.0,0.0,0.8,-0.8,0.0,0.5,score
easy_new,ours_refined,0.9136636636636637,1.1036036036036037,1332,2025-08-08T12:01:12,sweep_sizenew,64,0.1,10000,4000,1.0,0.0,0.0,0.5,[0.5],0.5,1.0,-1.0,0.0,0.8,-0.8,0.0,0.5,score
hard_new,ours_refined,0.8922155688622755,1.1437125748502994,668,2025-08-08T12:01:12,sweep_sizenew,64,0.1,10000,4000,1.0,0.0,0.0,0.5,[0.5],0.5,1.0,-1.0,0.0,0.8,-0.8,0.0,0.5,score
overall,ours_refined,0.894,1.064,500,2025-08-08T12:01:12,sweep_sizenew,62,0.1,10000,1000,1.0,0.0,0.0,0.5,[0.5],0.5,1.0,-1.0,0.0,0.8,-0.8,0.0,0.5,score
easy_new,ours_refined,0.8909090909090909,1.0545454545454545,330,2025-08-08T12:01:12,sweep_sizenew,62,0.1,10000,1000,1.0,0.0,0.0,0.5,[0.5],0.5,1.0,-1.0,0.0,0.8,-0.8,0.0,0.5,score
hard_new,ours_refined,0.9,1.0823529411764705,170,2025-08-08T12:01:12,sweep_sizenew,62,0.1,10000,1000,1.0,0.0,0.0,0.5,[0.5],0.5,1.0,-1.0,0.0,0.8,-0.8,0.0,0.5,score
overall,ours_refined,0.9111111111111111,1.0977777777777777,4500,2025-08-08T12:01:12,sweep_sizenew,41,0.1,10000,9000,1.0,0.0,0.0,0.5,[0.5],0.5,1.0,-1.0,0.0,0.8,-0.8,0.0,0.5,score
easy_new,ours_refined,0.9173414304993253,1.0951417004048583,2964,2025-08-08T12:01:12,sweep_sizenew,41,0.1,10000,9000,1.0,0.0,0.0,0.5,[0.5],0.5,1.0,-1.0,0.0,0.8,-0.8,0.0,0.5,score
hard_new,ours_refined,0.8990885416666666,1.1028645833333333,1536,2025-08-08T12:01:12,sweep_sizenew,41,0.1,10000,9000,1.0,0.0,0.0,0.5,[0.5],0.5,1.0,-1.0,0.0,0.8,-0.8,0.0,0.5,score
overall,ours_refined,0.90875,1.119,4000,2025-08-08T12:01:12,sweep_sizenew,47,0.1,10000,8000,1.0,0.0,0.0,0.5,[0.5],0.5,1.0,-1.0,0.0,0.8,-0.8,0.0,0.5,score
easy_new,ours_refined,0.9138461538461539,1.1092307692307692,2600,2025-08-08T12:01:12,sweep_sizenew,47,0.1,10000,8000,1.0,0.0,0.0,0.5,[0.5],0.5,1.0,-1.0,0.0,0.8,-0.8,0.0,0.5,score
hard_new,ours_refined,0.8992857142857142,1.1371428571428572,1400,2025-08-08T12:01:12,sweep_sizenew,47,0.1,10000,8000,1.0,0.0,0.0,0.5,[0.5],0.5,1.0,-1.0,0.0,0.8,-0.8,0.0,0.5,score
overall,ours_refined,0.9,1.094,4000,2025-08-08T12:01:12,sweep_sizenew,48,0.1,10000,8000,1.0,0.0,0.0,0.5,[0.5],0.5,1.0,-1.0,0.0,0.8,-0.8,0.0,0.5,score
easy_new,ours_refined,0.9046538024971623,1.0802118804388952,2643,2025-08-08T12:01:12,sweep_sizenew,48,0.1,10000,8000,1.0,0.0,0.0,0.5,[0.5],0.5,1.0,-1.0,0.0,0.8,-0.8,0.0,0.5,score
hard_new,ours_refined,0.8909358879882093,1.1208548268238763,1357,2025-08-08T12:01:12,sweep_sizenew,48,0.1,10000,8000,1.0,0.0,0.0,0.5,[0.5],0.5,1.0,-1.0,0.0,0.8,-0.8,0.0,0.5,score
overall,ours_refined,0.9015,1.0865,4000,2025-08-08T12:01:13,sweep_sizenew,49,0.1,10000,8000,1.0,0.0,0.0,0.5,[0.5],0.5,1.0,-1.0,0.0,0.8,-0.8,0.0,0.5,score
easy_new,ours_refined,0.9048706240487062,1.0753424657534247,2628,2025-08-08T12:01:13,sweep_sizenew,49,0.1,10000,8000,1.0,0.0,0.0,0.5,[0.5],0.5,1.0,-1.0,0.0,0.8,-0.8,0.0,0.5,score
hard_new,ours_refined,0.8950437317784257,1.1078717201166182,1372,2025-08-08T12:01:13,sweep_sizenew,49,0.1,10000,8000,1.0,0.0,0.0,0.5,[0.5],0.5,1.0,-1.0,0.0,0.8,-0.8,0.0,0.5,score
overall,ours_refined,0.91,1.09,4000,2025-08-08T12:01:13,sweep_sizenew,46,0.1,10000,8000,1.0,0.0,0.0,0.5,[0.5],0.5,1.0,-1.0,0.0,0.8,-0.8,0.0,0.5,score
easy_new,ours_refined,0.9170713485244677,1.0743369443406798,2677,2025-08-08T12:01:13,sweep_sizenew,46,0.1,10000,8000,1.0,0.0,0.0,0.5,[0.5],0.5,1.0,-1.0,0.0,0.8,-0.8,0.0,0.5,score
hard_new,ours_refined,0.8956916099773242,1.1216931216931216,1323,2025-08-08T12:01:13,sweep_sizenew,46,0.1,10000,8000,1.0,0.0,0.0,0.5,[0.5],0.5,1.0,-1.0,0.0,0.8,-0.8,0.0,0.5,score
overall,ours_refined,0.8896,1.0944,2500,2025-08-08T12:01:13,sweep_sizenew,59,0.1,10000,5000,1.0,0.0,0.0,0.5,[0.5],0.5,1.0,-1.0,0.0,0.8,-0.8,0.0,0.5,score
easy_new,ours_refined,0.8982521847690387,1.0823970037453183,1602,2025-08-08T12:01:13,sweep_sizenew,59,0.1,10000,5000,1.0,0.0,0.0,0.5,[0.5],0.5,1.0,-1.0,0.0,0.8,-0.8,0.0,0.5,score
hard_new,ours_refined,0.8741648106904232,1.1158129175946547,898,2025-08-08T12:01:13,sweep_sizenew,59,0.1,10000,5000,1.0,0.0,0.0,0.5,[0.5],0.5,1.0,-1.0,0.0,0.8,-0.8,0.0,0.5,score
overall,ours_refined,0.8892,1.0728,2500,2025-08-08T12:01:13,sweep_sizenew,60,0.1,10000,5000,1.0,0.0,0.0,0.5,[0.5],0.5,1.0,-1.0,0.0,0.8,-0.8,0.0,0.5,score
easy_new,ours_refined,0.8917748917748918,1.0661719233147804,1617,2025-08-08T12:01:13,sweep_sizenew,60,0.1,10000,5000,1.0,0.0,0.0,0.5,[0.5],0.5,1.0,-1.0,0.0,0.8,-0.8,0.0,0.5,score
hard_new,ours_refined,0.8844847112117781,1.084937712344281,883,2025-08-08T12:01:13,sweep_sizenew,60,0.1,10000,5000,1.0,0.0,0.0,0.5,[0.5],0.5,1.0,-1.0,0.0,0.8,-0.8,0.0,0.5,score
overall,ours_refined,0.8965,1.10325,4000,2025-08-08T12:01:13,sweep_sizenew,45,0.1,10000,8000,1.0,0.0,0.0,0.5,[0.5],0.5,1.0,-1.0,0.0,0.8,-0.8,0.0,0.5,score
easy_new,ours_refined,0.9033834586466165,1.0890977443609022,2660,2025-08-08T12:01:13,sweep_sizenew,45,0.1,10000,8000,1.0,0.0,0.0,0.5,[0.5],0.5,1.0,-1.0,0.0,0.8,-0.8,0.0,0.5,score
hard_new,ours_refined,0.8828358208955224,1.1313432835820896,1340,2025-08-08T12:01:13,sweep_sizenew,45,0.1,10000,8000,1.0,0.0,0.0,0.5,[0.5],0.5,1.0,-1.0,0.0,0.8,-0.8,0.0,0.5,score
overall,ours_refined,0.9016666666666666,1.0903333333333334,3000,2025-08-08T12:01:14,sweep_sizenew,77,0.1,10000,6000,1.0,0.0,0.0,0.5,[0.5],0.5,1.0,-1.0,0.0,0.8,-0.8,0.0,0.5,score
easy_new,ours_refined,0.9087610160705029,1.0782789009849663,1929,2025-08-08T12:01:14,sweep_sizenew,77,0.1,10000,6000,1.0,0.0,0.0,0.5,[0.5],0.5,1.0,-1.0,0.0,0.8,-0.8,0.0,0.5,score
hard_new,ours_refined,0.8888888888888888,1.112044817927171,1071,2025-08-08T12:01:14,sweep_sizenew,77,0.1,10000,6000,1.0,0.0,0.0,0.5,[0.5],0.5,1.0,-1.0,0.0,0.8,-0.8,0.0,0.5,score
overall,ours_refined,0.8963333333333333,1.0903333333333334,3000,2025-08-08T12:01:14,sweep_sizenew,76,0.1,10000,6000,1.0,0.0,0.0,0.5,[0.5],0.5,1.0,-1.0,0.0,0.8,-0.8,0.0,0.5,score
easy_new,ours_refined,0.9004547751389591,1.077311773623042,1979,2025-08-08T12:01:14,sweep_sizenew,76,0.1,10000,6000,1.0,0.0,0.0,0.5,[0.5],0.5,1.0,-1.0,0.0,0.8,-0.8,0.0,0.5,score
hard_new,ours_refined,0.8883447600391773,1.1155729676787463,1021,2025-08-08T12:01:14,sweep_sizenew,76,0.1,10000,6000,1.0,0.0,0.0,0.5,[0.5],0.5,1.0,-1.0,0.0,0.8,-0.8,0.0,0.5,score
overall,ours_refined,0.906,1.1,4500,2025-08-08T12:01:14,sweep_sizenew,44,0.1,10000,9000,1.0,0.0,0.0,0.5,[0.5],0.5,1.0,-1.0,0.0,0.8,-0.8,0.0,0.5,score
easy_new,ours_refined,0.9033570701932858,1.093591047812818,2949,2025-08-08T12:01:14,sweep_sizenew,44,0.1,10000,9000,1.0,0.0,0.0,0.5,[0.5],0.5,1.0,-1.0,0.0,0.8,-0.8,0.0,0.5,score
hard_new,ours_refined,0.9110251450676983,1.1121856866537718,1551,2025-08-08T12:01:14,sweep_sizenew,44,0.1,10000,9000,1.0,0.0,0.0,0.5,[0.5],0.5,1.0,-1.0,0.0,0.8,-0.8,0.0,0.5,score
overall,ours_refined,0.8966666666666666,1.0833333333333333,1500,2025-08-08T12:01:14,sweep_sizenew,97,0.1,10000,3000,1.0,0.0,0.0,0.5,[0.5],0.5,1.0,-1.0,0.0,0.8,-0.8,0.0,0.5,score
easy_new,ours_refined,0.90625,1.0695564516129032,992,2025-08-08T12:01:14,sweep_sizenew,97,0.1,10000,3000,1.0,0.0,0.0,0.5,[0.5],0.5,1.0,-1.0,0.0,0.8,-0.8,0.0,0.5,score
hard_new,ours_refined,0.8779527559055118,1.110236220472441,508,2025-08-08T12:01:14,sweep_sizenew,97,0.1,10000,3000,1.0,0.0,0.0,0.5,[0.5],0.5,1.0,-1.0,0.0,0.8,-0.8,0.0,0.5,score
overall,ours_refined,0.9102222222222223,1.0935555555555556,4500,2025-08-08T12:01:14,sweep_sizenew,43,0.1,10000,9000,1.0,0.0,0.0,0.5,[0.5],0.5,1.0,-1.0,0.0,0.8,-0.8,0.0,0.5,score
easy_new,ours_refined,0.9166946590527376,1.0863285186429292,2977,2025-08-08T12:01:14,sweep_sizenew,43,0.1,10000,9000,1.0,0.0,0.0,0.5,[0.5],0.5,1.0,-1.0,0.0,0.8,-0.8,0.0,0.5,score
hard_new,ours_refined,0.8975705843729481,1.1076822061720288,1523,2025-08-08T12:01:14,sweep_sizenew,43,0.1,10000,9000,1.0,0.0,0.0,0.5,[0.5],0.5,1.0,-1.0,0.0,0.8,-0.8,0.0,0.5,score
overall,ours_refined,0.9085714285714286,1.0991428571428572,3500,2025-08-08T12:01:15,sweep_sizenew,84,0.1,10000,7000,1.0,0.0,0.0,0.5,[0.5],0.5,1.0,-1.0,0.0,0.8,-0.8,0.0,0.5,score
easy_new,ours_refined,0.9170626349892008,1.0907127429805616,2315,2025-08-08T12:01:15,sweep_sizenew,84,0.1,10000,7000,1.0,0.0,0.0,0.5,[0.5],0.5,1.0,-1.0,0.0,0.8,-0.8,0.0,0.5,score
hard_new,ours_refined,0.8919831223628693,1.1156118143459917,1185,2025-08-08T12:01:15,sweep_sizenew,84,0.1,10000,7000,1.0,0.0,0.0,0.5,[0.5],0.5,1.0,-1.0,0.0,0.8,-0.8,0.0,0.5,score
overall,ours_refined,0.9085,1.1005,4000,2025-08-08T12:01:15,sweep_sizenew,79,0.1,10000,8000,1.0,0.0,0.0,0.5,[0.5],0.5,1.0,-1.0,0.0,0.8,-0.8,0.0,0.5,score
easy_new,ours_refined,0.9094297428251957,1.0916884084979501,2683,2025-08-08T12:01:15,sweep_sizenew,79,0.1,10000,8000,1.0,0.0,0.0,0.5,[0.5],0.5,1.0,-1.0,0.0,0.8,-0.8,0.0,0.5,score
hard_new,ours_refined,0.9066059225512528,1.1184510250569477,1317,2025-08-08T12:01:15,sweep_sizenew,79,0.1,10000,8000,1.0,0.0,0.0,0.5,[0.5],0.5,1.0,-1.0,0.0,0.8,-0.8,0.0,0.5,score
overall,ours_refined,0.8985,1.08925,4000,2025-08-08T12:01:15,sweep_sizenew,80,0.1,10000,8000,1.0,0.0,0.0,0.5,[0.5],0.5,1.0,-1.0,0.0,0.8,-0.8,0.0,0.5,score
easy_new,ours_refined,0.9101040118870728,1.0802377414561664,2692,2025-08-08T12:01:15,sweep_sizenew,80,0.1,10000,8000,1.0,0.0,0.0,0.5,[0.5],0.5,1.0,-1.0,0.0,0.8,-0.8,0.0,0.5,score
hard_new,ours_refined,0.8746177370030581,1.1077981651376148,1308,2025-08-08T12:01:15,sweep_sizenew,80,0.1,10000,8000,1.0,0.0,0.0,0.5,[0.5],0.5,1.0,-1.0,0.0,0.8,-0.8,0.0,0.5,score
overall,ours_refined,0.9077142857142857,1.0871428571428572,3500,2025-08-08T12:01:15,sweep_sizenew,91,0.1,10000,7000,1.0,0.0,0.0,0.5,[0.5],0.5,1.0,-1.0,0.0,0.8,-0.8,0.0,0.5,score
easy_new,ours_refined,0.9094922737306843,1.0781456953642383,2265,2025-08-08T12:01:15,sweep_sizenew,91,0.1,10000,7000,1.0,0.0,0.0,0.5,[0.5],0.5,1.0,-1.0,0.0,0.8,-0.8,0.0,0.5,score
hard_new,ours_refined,0.9044534412955466,1.1036437246963562,1235,2025-08-08T12:01:15,sweep_sizenew,91,0.1,10000,7000,1.0,0.0,0.0,0.5,[0.5],0.5,1.0,-1.0,0.0,0.8,-0.8,0.0,0.5,score
overall,ours_refined,0.9037142857142857,1.1017142857142856,3500,2025-08-08T12:01:15,sweep_sizenew,95,0.1,10000,7000,1.0,0.0,0.0,0.5,[0.5],0.5,1.0,-1.0,0.0,0.8,-0.8,0.0,0.5,score
easy_new,ours_refined,0.9043631555751432,1.0921110621419128,2269,2025-08-08T12:01:15,sweep_sizenew,95,0.1,10000,7000,1.0,0.0,0.0,0.5,[0.5],0.5,1.0,-1.0,0.0,0.8,-0.8,0.0,0.5,score
hard_new,ours_refined,0.9025182778229082,1.1194151096669374,1231,2025-08-08T12:01:15,sweep_sizenew,95,0.1,10000,7000,1.0,0.0,0.0,0.5,[0.5],0.5,1.0,-1.0,0.0,0.8,-0.8,0.0,0.5,score
overall,ours_refined,0.9077142857142857,1.084857142857143,3500,2025-08-08T12:01:15,sweep_sizenew,58,0.1,10000,7000,1.0,0.0,0.0,0.5,[0.5],0.5,1.0,-1.0,0.0,0.8,-0.8,0.0,0.5,score
easy_new,ours_refined,0.9061954624781849,1.0785340314136125,2292,2025-08-08T12:01:15,sweep_sizenew,58,0.1,10000,7000,1.0,0.0,0.0,0.5,[0.5],0.5,1.0,-1.0,0.0,0.8,-0.8,0.0,0.5,score
hard_new,ours_refined,0.9105960264900662,1.0968543046357615,1208,2025-08-08T12:01:15,sweep_sizenew,58,0.1,10000,7000,1.0,0.0,0.0,0.5,[0.5],0.5,1.0,-1.0,0.0,0.8,-0.8,0.0,0.5,score
overall,ours_refined,0.9016666666666666,1.0903333333333334,3000,2025-08-08T12:01:15,sweep_sizenew,75,0.1,10000,6000,1.0,0.0,0.0,0.5,[0.5],0.5,1.0,-1.0,0.0,0.8,-0.8,0.0,0.5,score
easy_new,ours_refined,0.9045664443304259,1.0795279630579784,1949,2025-08-08T12:01:15,sweep_sizenew,75,0.1,10000,6000,1.0,0.0,0.0,0.5,[0.5],0.5,1.0,-1.0,0.0,0.8,-0.8,0.0,0.5,score
hard_new,ours_refined,0.8962892483349191,1.1103710751665081,1051,2025-08-08T12:01:15,sweep_sizenew,75,0.1,10000,6000,1.0,0.0,0.0,0.5,[0.5],0.5,1.0,-1.0,0.0,0.8,-0.8,0.0,0.5,score
overall,ours_refined,0.8914285714285715,1.0542857142857143,3500,2025-08-08T12:01:15,sweep_sizenew,93,0.1,10000,7000,1.0,0.0,0.0,0.5,[0.5],0.5,1.0,-1.0,0.0,0.8,-0.8,0.0,0.5,score
easy_new,ours_refined,0.8913043478260869,1.048695652173913,2300,2025-08-08T12:01:15,sweep_sizenew,93,0.1,10000,7000,1.0,0.0,0.0,0.5,[0.5],0.5,1.0,-1.0,0.0,0.8,-0.8,0.0,0.5,score
hard_new,ours_refined,0.8916666666666667,1.065,1200,2025-08-08T12:01:15,sweep_sizenew,93,0.1,10000,7000,1.0,0.0,0.0,0.5,[0.5],0.5,1.0,-1.0,0.0,0.8,-0.8,0.0,0.5,score
overall,ours_refined,0.902,1.088857142857143,3500,2025-08-08T12:01:15,sweep_sizenew,89,0.1,10000,7000,1.0,0.0,0.0,0.5,[0.5],0.5,1.0,-1.0,0.0,0.8,-0.8,0.0,0.5,score
easy_new,ours_refined,0.9015679442508711,1.0862369337979094,2296,2025-08-08T12:01:15,sweep_sizenew,89,0.1,10000,7000,1.0,0.0,0.0,0.5,[0.5],0.5,1.0,-1.0,0.0,0.8,-0.8,0.0,0.5,score
hard_new,ours_refined,0.9028239202657807,1.0938538205980066,1204,2025-08-08T12:01:15,sweep_sizenew,89,0.1,10000,7000,1.0,0.0,0.0,0.5,[0.5],0.5,1.0,-1.0,0.0,0.8,-0.8,0.0,0.5,score
overall,ours_refined,0.9097142857142857,1.1017142857142856,3500,2025-08-08T12:01:15,sweep_sizenew,94,0.1,10000,7000,1.0,0.0,0.0,0.5,[0.5],0.5,1.0,-1.0,0.0,0.8,-0.8,0.0,0.5,score
easy_new,ours_refined,0.9076517150395779,1.0927880386983289,2274,2025-08-08T12:01:15,sweep_sizenew,94,0.1,10000,7000,1.0,0.0,0.0,0.5,[0.5],0.5,1.0,-1.0,0.0,0.8,-0.8,0.0,0.5,score
hard_new,ours_refined,0.9135399673735726,1.1182707993474714,1226,2025-08-08T12:01:15,sweep_sizenew,94,0.1,10000,7000,1.0,0.0,0.0,0.5,[0.5],0.5,1.0,-1.0,0.0,0.8,-0.8,0.0,0.5,score
overall,ours_refined,0.898,1.08175,4000,2025-08-08T12:01:15,sweep_sizenew,50,0.1,10000,8000,1.0,0.0,0.0,0.5,[0.5],0.5,1.0,-1.0,0.0,0.8,-0.8,0.0,0.5,score
easy_new,ours_refined,0.9029311001141987,1.0772744575561477,2627,2025-08-08T12:01:15,sweep_sizenew,50,0.1,10000,8000,1.0,0.0,0.0,0.5,[0.5],0.5,1.0,-1.0,0.0,0.8,-0.8,0.0,0.5,score
hard_new,ours_refined,0.8885651857246905,1.090313182811362,1373,2025-08-08T12:01:15,sweep_sizenew,50,0.1,10000,8000,1.0,0.0,0.0,0.5,[0.5],0.5,1.0,-1.0,0.0,0.8,-0.8,0.0,0.5,score
overall,ours_refined,0.8877142857142857,1.0557142857142856,3500,2025-08-08T12:01:15,sweep_sizenew,92,0.1,10000,7000,1.0,0.0,0.0,0.5,[0.5],0.5,1.0,-1.0,0.0,0.8,-0.8,0.0,0.5,score
easy_new,ours_refined,0.8859649122807017,1.0504385964912282,2280,2025-08-08T12:01:15,sweep_sizenew,92,0.1,10000,7000,1.0,0.0,0.0,0.5,[0.5],0.5,1.0,-1.0,0.0,0.8,-0.8,0.0,0.5,score
hard_new,ours_refined,0.8909836065573771,1.0655737704918034,1220,2025-08-08T12:01:15,sweep_sizenew,92,0.1,10000,7000,1.0,0.0,0.0,0.5,[0.5],0.5,1.0,-1.0,0.0,0.8,-0.8,0.0,0.5,score
overall,ours_refined,0.8948571428571429,1.0994285714285714,3500,2025-08-08T12:01:15,sweep_sizenew,88,0.1,10000,7000,1.0,0.0,0.0,0.5,[0.5],0.5,1.0,-1.0,0.0,0.8,-0.8,0.0,0.5,score
easy_new,ours_refined,0.8965217391304348,1.0847826086956522,2300,2025-08-08T12:01:15,sweep_sizenew,88,0.1,10000,7000,1.0,0.0,0.0,0.5,[0.5],0.5,1.0,-1.0,0.0,0.8,-0.8,0.0,0.5,score
hard_new,ours_refined,0.8916666666666667,1.1275,1200,2025-08-08T12:01:15,sweep_sizenew,88,0.1,10000,7000,1.0,0.0,0.0,0.5,[0.5],0.5,1.0,-1.0,0.0,0.8,-0.8,0.0,0.5,score
overall,ours_refined,0.9046666666666666,1.0884444444444445,4500,2025-08-08T12:01:16,sweep_sizenew,33,0.1,10000,9000,1.0,0.0,0.0,0.5,[0.5],0.5,1.0,-1.0,0.0,0.8,-0.8,0.0,0.5,score
easy_new,ours_refined,0.903161397670549,1.0805324459234609,3005,2025-08-08T12:01:16,sweep_sizenew,33,0.1,10000,9000,1.0,0.0,0.0,0.5,[0.5],0.5,1.0,-1.0,0.0,0.8,-0.8,0.0,0.5,score
hard_new,ours_refined,0.9076923076923077,1.1043478260869566,1495,2025-08-08T12:01:16,sweep_sizenew,33,0.1,10000,9000,1.0,0.0,0.0,0.5,[0.5],0.5,1.0,-1.0,0.0,0.8,-0.8,0.0,0.5,score
overall,ours_refined,0.8965714285714286,1.0782857142857143,3500,2025-08-08T12:01:16,sweep_sizenew,87,0.1,10000,7000,1.0,0.0,0.0,0.5,[0.5],0.5,1.0,-1.0,0.0,0.8,-0.8,0.0,0.5,score
easy_new,ours_refined,0.8950617283950617,1.0705467372134039,2268,2025-08-08T12:01:16,sweep_sizenew,87,0.1,10000,7000,1.0,0.0,0.0,0.5,[0.5],0.5,1.0,-1.0,0.0,0.8,-0.8,0.0,0.5,score
hard_new,ours_refined,0.8993506493506493,1.0925324675324675,1232,2025-08-08T12:01:16,sweep_sizenew,87,0.1,10000,7000,1.0,0.0,0.0,0.5,[0.5],0.5,1.0,-1.0,0.0,0.8,-0.8,0.0,0.5,score
overall,ours_refined,0.8533333333333334,1.0533333333333332,300,2025-08-08T12:01:16,sweep_sizenew,54,0.1,10000,600,1.0,0.0,0.0,0.5,[0.5],0.5,1.0,-1.0,0.0,0.8,-0.8,0.0,0.5,score
easy_new,ours_refined,0.851063829787234,1.047872340425532,188,2025-08-08T12:01:16,sweep_sizenew,54,0.1,10000,600,1.0,0.0,0.0,0.5,[0.5],0.5,1.0,-1.0,0.0,0.8,-0.8,0.0,0.5,score
hard_new,ours_refined,0.8571428571428571,1.0625,112,2025-08-08T12:01:16,sweep_sizenew,54,0.1,10000,600,1.0,0.0,0.0,0.5,[0.5],0.5,1.0,-1.0,0.0,0.8,-0.8,0.0,0.5,score
overall,ours_refined,0.8885714285714286,1.0937142857142856,3500,2025-08-08T12:01:16,sweep_sizenew,96,0.1,10000,7000,1.0,0.0,0.0,0.5,[0.5],0.5,1.0,-1.0,0.0,0.8,-0.8,0.0,0.5,score
easy_new,ours_refined,0.8917636912462268,1.0840879689521346,2319,2025-08-08T12:01:16,sweep_sizenew,96,0.1,10000,7000,1.0,0.0,0.0,0.5,[0.5],0.5,1.0,-1.0,0.0,0.8,-0.8,0.0,0.5,score
hard_new,ours_refined,0.882303132938188,1.1126164267569856,1181,2025-08-08T12:01:16,sweep_sizenew,96,0.1,10000,7000,1.0,0.0,0.0,0.5,[0.5],0.5,1.0,-1.0,0.0,0.8,-0.8,0.0,0.5,score
overall,ours_refined,0.8882857142857142,1.068857142857143,3500,2025-08-08T12:01:16,sweep_sizenew,90,0.1,10000,7000,1.0,0.0,0.0,0.5,[0.5],0.5,1.0,-1.0,0.0,0.8,-0.8,0.0,0.5,score
easy_new,ours_refined,0.890752688172043,1.058494623655914,2325,2025-08-08T12:01:16,sweep_sizenew,90,0.1,10000,7000,1.0,0.0,0.0,0.5,[0.5],0.5,1.0,-1.0,0.0,0.8,-0.8,0.0,0.5,score
hard_new,ours_refined,0.8834042553191489,1.0893617021276596,1175,2025-08-08T12:01:16,sweep_sizenew,90,0.1,10000,7000,1.0,0.0,0.0,0.5,[0.5],0.5,1.0,-1.0,0.0,0.8,-0.8,0.0,0.5,score
overall,ours_refined,0.89825,1.08725,4000,2025-08-08T12:01:16,sweep_sizenew,81,0.1,10000,8000,1.0,0.0,0.0,0.5,[0.5],0.5,1.0,-1.0,0.0,0.8,-0.8,0.0,0.5,score
easy_new,ours_refined,0.9060710194730813,1.0847651775486826,2619,2025-08-08T12:01:16,sweep_sizenew,81,0.1,10000,8000,1.0,0.0,0.0,0.5,[0.5],0.5,1.0,-1.0,0.0,0.8,-0.8,0.0,0.5,score
hard_new,ours_refined,0.8834178131788559,1.0919623461259957,1381,2025-08-08T12:01:16,sweep_sizenew,81,0.1,10000,8000,1.0,0.0,0.0,0.5,[0.5],0.5,1.0,-1.0,0.0,0.8,-0.8,0.0,0.5,score
overall,ours_refined,0.9037142857142857,1.0842857142857143,3500,2025-08-08T12:01:16,sweep_sizenew,72,0.1,10000,7000,1.0,0.0,0.0,0.5,[0.5],0.5,1.0,-1.0,0.0,0.8,-0.8,0.0,0.5,score
easy_new,ours_refined,0.9078602620087336,1.080349344978166,2290,2025-08-08T12:01:16,sweep_sizenew,72,0.1,10000,7000,1.0,0.0,0.0,0.5,[0.5],0.5,1.0,-1.0,0.0,0.8,-0.8,0.0,0.5,score
hard_new,ours_refined,0.8958677685950414,1.0917355371900825,1210,2025-08-08T12:01:16,sweep_sizenew,72,0.1,10000,7000,1.0,0.0,0.0,0.5,[0.5],0.5,1.0,-1.0,0.0,0.8,-0.8,0.0,0.5,score
overall,ours_refined,0.8951428571428571,1.076,3500,2025-08-08T12:01:16,sweep_sizenew,85,0.1,10000,7000,1.0,0.0,0.0,0.5,[0.5],0.5,1.0,-1.0,0.0,0.8,-0.8,0.0,0.5,score
easy_new,ours_refined,0.9043859649122807,1.0701754385964912,2280,2025-08-08T12:01:16,sweep_sizenew,85,0.1,10000,7000,1.0,0.0,0.0,0.5,[0.5],0.5,1.0,-1.0,0.0,0.8,-0.8,0.0,0.5,score
hard_new,ours_refined,0.8778688524590164,1.0868852459016394,1220,2025-08-08T12:01:16,sweep_sizenew,85,0.1,10000,7000,1.0,0.0,0.0,0.5,[0.5],0.5,1.0,-1.0,0.0,0.8,-0.8,0.0,0.5,score
overall,ours_refined,0.906,1.0795,4000,2025-08-08T12:01:16,sweep_sizenew,78,0.1,10000,8000,1.0,0.0,0.0,0.5,[0.5],0.5,1.0,-1.0,0.0,0.8,-0.8,0.0,0.5,score
easy_new,ours_refined,0.9119074281448302,1.0712952594251586,2679,2025-08-08T12:01:16,sweep_sizenew,78,0.1,10000,8000,1.0,0.0,0.0,0.5,[0.5],0.5,1.0,-1.0,0.0,0.8,-0.8,0.0,0.5,score
hard_new,ours_refined,0.8940196820590461,1.0961392884178653,1321,2025-08-08T12:01:16,sweep_sizenew,78,0.1,10000,8000,1.0,0.0,0.0,0.5,[0.5],0.5,1.0,-1.0,0.0,0.8,-0.8,0.0,0.5,score
overall,ours_refined,0.8977142857142857,1.0968571428571428,3500,2025-08-08T12:01:16,sweep_sizenew,69,0.1,10000,7000,1.0,0.0,0.0,0.5,[0.5],0.5,1.0,-1.0,0.0,0.8,-0.8,0.0,0.5,score
easy_new,ours_refined,0.9022164276401564,1.0903954802259888,2301,2025-08-08T12:01:16,sweep_sizenew,69,0.1,10000,7000,1.0,0.0,0.0,0.5,[0.5],0.5,1.0,-1.0,0.0,0.8,-0.8,0.0,0.5,score
hard_new,ours_refined,0.8890742285237698,1.109257714762302,1199,2025-08-08T12:01:16,sweep_sizenew,69,0.1,10000,7000,1.0,0.0,0.0,0.5,[0.5],0.5,1.0,-1.0,0.0,0.8,-0.8,0.0,0.5,score
overall,ours_refined,0.9108571428571428,1.1128571428571428,3500,2025-08-08T12:01:16,sweep_sizenew,86,0.1,10000,7000,1.0,0.0,0.0,0.5,[0.5],0.5,1.0,-1.0,0.0,0.8,-0.8,0.0,0.5,score
easy_new,ours_refined,0.909130624726955,1.1026649191786806,2289,2025-08-08T12:01:16,sweep_sizenew,86,0.1,10000,7000,1.0,0.0,0.0,0.5,[0.5],0.5,1.0,-1.0,0.0,0.8,-0.8,0.0,0.5,score
hard_new,ours_refined,0.9141205615194055,1.1321222130470685,1211,2025-08-08T12:01:16,sweep_sizenew,86,0.1,10000,7000,1.0,0.0,0.0,0.5,[0.5],0.5,1.0,-1.0,0.0,0.8,-0.8,0.0,0.5,score
overall,ours_refined,0.89725,1.075,4000,2025-08-08T12:01:16,sweep_sizenew,82,0.1,10000,8000,1.0,0.0,0.0,0.5,[0.5],0.5,1.0,-1.0,0.0,0.8,-0.8,0.0,0.5,score
easy_new,ours_refined,0.8973684210526316,1.0586466165413533,2660,2025-08-08T12:01:16,sweep_sizenew,82,0.1,10000,8000,1.0,0.0,0.0,0.5,[0.5],0.5,1.0,-1.0,0.0,0.8,-0.8,0.0,0.5,score
hard_new,ours_refined,0.8970149253731343,1.1074626865671642,1340,2025-08-08T12:01:16,sweep_sizenew,82,0.1,10000,8000,1.0,0.0,0.0,0.5,[0.5],0.5,1.0,-1.0,0.0,0.8,-0.8,0.0,0.5,score
overall,ours_refined,0.8974285714285715,1.0854285714285714,3500,2025-08-08T12:01:16,sweep_sizenew,56,0.1,10000,7000,1.0,0.0,0.0,0.5,[0.5],0.5,1.0,-1.0,0.0,0.8,-0.8,0.0,0.5,score
easy_new,ours_refined,0.9017818339852238,1.073011734028683,2301,2025-08-08T12:01:16,sweep_sizenew,56,0.1,10000,7000,1.0,0.0,0.0,0.5,[0.5],0.5,1.0,-1.0,0.0,0.8,-0.8,0.0,0.5,score
hard_new,ours_refined,0.8890742285237698,1.109257714762302,1199,2025-08-08T12:01:16,sweep_sizenew,56,0.1,10000,7000,1.0,0.0,0.0,0.5,[0.5],0.5,1.0,-1.0,0.0,0.8,-0.8,0.0,0.5,score
overall,ours_refined,0.90725,1.092,4000,2025-08-08T12:01:16,sweep_sizenew,83,0.1,10000,8000,1.0,0.0,0.0,0.5,[0.5],0.5,1.0,-1.0,0.0,0.8,-0.8,0.0,0.5,score
easy_new,ours_refined,0.9105846388995033,1.0863584256782575,2617,2025-08-08T12:01:16,sweep_sizenew,83,0.1,10000,8000,1.0,0.0,0.0,0.5,[0.5],0.5,1.0,-1.0,0.0,0.8,-0.8,0.0,0.5,score
hard_new,ours_refined,0.900939985538684,1.1026753434562546,1383,2025-08-08T12:01:16,sweep_sizenew,83,0.1,10000,8000,1.0,0.0,0.0,0.5,[0.5],0.5,1.0,-1.0,0.0,0.8,-0.8,0.0,0.5,score
overall,ours_refined,0.8985714285714286,1.0725714285714285,3500,2025-08-08T12:01:16,sweep_sizenew,55,0.1,10000,7000,1.0,0.0,0.0,0.5,[0.5],0.5,1.0,-1.0,0.0,0.8,-0.8,0.0,0.5,score
easy_new,ours_refined,0.8944658944658944,1.0647790647790647,2331,2025-08-08T12:01:16,sweep_sizenew,55,0.1,10000,7000,1.0,0.0,0.0,0.5,[0.5],0.5,1.0,-1.0,0.0,0.8,-0.8,0.0,0.5,score
hard_new,ours_refined,0.9067579127459366,1.088109495295124,1169,2025-08-08T12:01:16,sweep_sizenew,55,0.1,10000,7000,1.0,0.0,0.0,0.5,[0.5],0.5,1.0,-1.0,0.0,0.8,-0.8,0.0,0.5,score
overall,ours_refined,0.90075,1.09075,4000,2025-08-08T12:01:17,sweep_sizenew,53,0.1,10000,8000,1.0,0.0,0.0,0.5,[0.5],0.5,1.0,-1.0,0.0,0.8,-0.8,0.0,0.5,score
easy_new,ours_refined,0.9061085972850679,1.079185520361991,2652,2025-08-08T12:01:17,sweep_sizenew,53,0.1,10000,8000,1.0,0.0,0.0,0.5,[0.5],0.5,1.0,-1.0,0.0,0.8,-0.8,0.0,0.5,score
hard_new,ours_refined,0.8902077151335311,1.1135014836795252,1348,2025-08-08T12:01:17,sweep_sizenew,53,0.1,10000,8000,1.0,0.0,0.0,0.5,[0.5],0.5,1.0,-1.0,0.0,0.8,-0.8,0.0,0.5,score
overall,ours_refined,0.9085714285714286,1.106,3500,2025-08-08T12:01:17,sweep_sizenew,70,0.1,10000,7000,1.0,0.0,0.0,0.5,[0.5],0.5,1.0,-1.0,0.0,0.8,-0.8,0.0,0.5,score
easy_new,ours_refined,0.9090113735783028,1.089676290463692,2286,2025-08-08T12:01:17,sweep_sizenew,70,0.1,10000,7000,1.0,0.0,0.0,0.5,[0.5],0.5,1.0,-1.0,0.0,0.8,-0.8,0.0,0.5,score
hard_new,ours_refined,0.9077429983525536,1.1367380560131797,1214,2025-08-08T12:01:17,sweep_sizenew,70,0.1,10000,7000,1.0,0.0,0.0,0.5,[0.5],0.5,1.0,-1.0,0.0,0.8,-0.8,0.0,0.5,score
overall,ours_refined,0.8963333333333333,1.086,3000,2025-08-08T12:01:17,sweep_sizenew,67,0.1,10000,6000,1.0,0.0,0.0,0.5,[0.5],0.5,1.0,-1.0,0.0,0.8,-0.8,0.0,0.5,score
easy_new,ours_refined,0.8971774193548387,1.081149193548387,1984,2025-08-08T12:01:17,sweep_sizenew,67,0.1,10000,6000,1.0,0.0,0.0,0.5,[0.5],0.5,1.0,-1.0,0.0,0.8,-0.8,0.0,0.5,score
hard_new,ours_refined,0.8946850393700787,1.095472440944882,1016,2025-08-08T12:01:17,sweep_sizenew,67,0.1,10000,6000,1.0,0.0,0.0,0.5,[0.5],0.5,1.0,-1.0,0.0,0.8,-0.8,0.0,0.5,score
overall,ours_refined,0.904,1.09,2000,2025-08-08T12:01:17,sweep_sizenew,98,0.1,10000,4000,1.0,0.0,0.0,0.5,[0.5],0.5,1.0,-1.0,0.0,0.8,-0.8,0.0,0.5,score
easy_new,ours_refined,0.9090909090909091,1.0747800586510263,1364,2025-08-08T12:01:17,sweep_sizenew,98,0.1,10000,4000,1.0,0.0,0.0,0.5,[0.5],0.5,1.0,-1.0,0.0,0.8,-0.8,0.0,0.5,score
hard_new,ours_refined,0.8930817610062893,1.1226415094339623,636,2025-08-08T12:01:17,sweep_sizenew,98,0.1,10000,4000,1.0,0.0,0.0,0.5,[0.5],0.5,1.0,-1.0,0.0,0.8,-0.8,0.0,0.5,score
overall,ours_refined,0.882,1.0511428571428572,3500,2025-08-08T12:01:17,sweep_sizenew,71,0.1,10000,7000,1.0,0.0,0.0,0.5,[0.5],0.5,1.0,-1.0,0.0,0.8,-0.8,0.0,0.5,score
easy_new,ours_refined,0.8852242744063324,1.0496921723834653,2274,2025-08-08T12:01:17,sweep_sizenew,71,0.1,10000,7000,1.0,0.0,0.0,0.5,[0.5],0.5,1.0,-1.0,0.0,0.8,-0.8,0.0,0.5,score
hard_new,ours_refined,0.8760195758564437,1.0538336052202284,1226,2025-08-08T12:01:17,sweep_sizenew,71,0.1,10000,7000,1.0,0.0,0.0,0.5,[0.5],0.5,1.0,-1.0,0.0,0.8,-0.8,0.0,0.5,score
overall,ours_refined,0.8935,1.0765,2000,2025-08-08T12:01:17,sweep_sizenew,99,0.1,10000,4000,1.0,0.0,0.0,0.5,[0.5],0.5,1.0,-1.0,0.0,0.8,-0.8,0.0,0.5,score
easy_new,ours_refined,0.8916797488226059,1.055729984301413,1274,2025-08-08T12:01:17,sweep_sizenew,99,0.1,10000,4000,1.0,0.0,0.0,0.5,[0.5],0.5,1.0,-1.0,0.0,0.8,-0.8,0.0,0.5,score
hard_new,ours_refined,0.8966942148760331,1.1129476584022038,726,2025-08-08T12:01:17,sweep_sizenew,99,0.1,10000,4000,1.0,0.0,0.0,0.5,[0.5],0.5,1.0,-1.0,0.0,0.8,-0.8,0.0,0.5,score
overall,ours_refined,0.9105,1.111,2000,2025-08-08T12:01:17,sweep_sizenew,100,0.1,10000,4000,1.0,0.0,0.0,0.5,[0.5],0.5,1.0,-1.0,0.0,0.8,-0.8,0.0,0.5,score
easy_new,ours_refined,0.9137931034482759,1.0922038980509745,1334,2025-08-08T12:01:17,sweep_sizenew,100,0.1,10000,4000,1.0,0.0,0.0,0.5,[0.5],0.5,1.0,-1.0,0.0,0.8,-0.8,0.0,0.5,score
hard_new,ours_refined,0.9039039039039038,1.1486486486486487,666,2025-08-08T12:01:17,sweep_sizenew,100,0.1,10000,4000,1.0,0.0,0.0,0.5,[0.5],0.5,1.0,-1.0,0.0,0.8,-0.8,0.0,0.5,score
overall,ours_refined,0.9008571428571429,1.092,3500,2025-08-08T12:01:17,sweep_sizenew,52,0.1,10000,7000,1.0,0.0,0.0,0.5,[0.5],0.5,1.0,-1.0,0.0,0.8,-0.8,0.0,0.5,score
easy_new,ours_refined,0.8967013888888888,1.0828993055555556,2304,2025-08-08T12:01:17,sweep_sizenew,52,0.1,10000,7000,1.0,0.0,0.0,0.5,[0.5],0.5,1.0,-1.0,0.0,0.8,-0.8,0.0,0.5,score
hard_new,ours_refined,0.9088628762541806,1.109531772575251,1196,2025-08-08T12:01:17,sweep_sizenew,52,0.1,10000,7000,1.0,0.0,0.0,0.5,[0.5],0.5,1.0,-1.0,0.0,0.8,-0.8,0.0,0.5,score
overall,ours_refined,0.8896666666666667,1.0693333333333332,3000,2025-08-08T12:01:17,sweep_sizenew,68,0.1,10000,6000,1.0,0.0,0.0,0.5,[0.5],0.5,1.0,-1.0,0.0,0.8,-0.8,0.0,0.5,score
easy_new,ours_refined,0.8891129032258065,1.0650201612903225,1984,2025-08-08T12:01:17,sweep_sizenew,68,0.1,10000,6000,1.0,0.0,0.0,0.5,[0.5],0.5,1.0,-1.0,0.0,0.8,-0.8,0.0,0.5,score
hard_new,ours_refined,0.890748031496063,1.077755905511811,1016,2025-08-08T12:01:17,sweep_sizenew,68,0.1,10000,6000,1.0,0.0,0.0,0.5,[0.5],0.5,1.0,-1.0,0.0,0.8,-0.8,0.0,0.5,score
overall,ours_refined,0.8914285714285715,1.072,3500,2025-08-08T12:01:18,sweep_sizenew,57,0.1,10000,7000,1.0,0.0,0.0,0.5,[0.5],0.5,1.0,-1.0,0.0,0.8,-0.8,0.0,0.5,score
easy_new,ours_refined,0.8971088435374149,1.0654761904761905,2352,2025-08-08T12:01:18,sweep_sizenew,57,0.1,10000,7000,1.0,0.0,0.0,0.5,[0.5],0.5,1.0,-1.0,0.0,0.8,-0.8,0.0,0.5,score
hard_new,ours_refined,0.8797909407665505,1.0853658536585367,1148,2025-08-08T12:01:18,sweep_sizenew,57,0.1,10000,7000,1.0,0.0,0.0,0.5,[0.5],0.5,1.0,-1.0,0.0,0.8,-0.8,0.0,0.5,score
overall,ours_refined,0.901,1.1003333333333334,3000,2025-08-08T12:01:18,sweep_sizenew,65,0.1,10000,6000,1.0,0.0,0.0,0.5,[0.5],0.5,1.0,-1.0,0.0,0.8,-0.8,0.0,0.5,score
easy_new,ours_refined,0.9077620967741935,1.09375,1984,2025-08-08T12:01:18,sweep_sizenew,65,0.1,10000,6000,1.0,0.0,0.0,0.5,[0.5],0.5,1.0,-1.0,0.0,0.8,-0.8,0.0,0.5,score
hard_new,ours_refined,0.8877952755905512,1.1131889763779528,1016,2025-08-08T12:01:18,sweep_sizenew,65,0.1,10000,6000,1.0,0.0,0.0,0.5,[0.5],0.5,1.0,-1.0,0.0,0.8,-0.8,0.0,0.5,score
overall,ours_refined,0.9083333333333333,1.1033333333333333,3000,2025-08-08T12:01:18,sweep_sizenew,66,0.1,10000,6000,1.0,0.0,0.0,0.5,[0.5],0.5,1.0,-1.0,0.0,0.8,-0.8,0.0,0.5,score
easy_new,ours_refined,0.9108053007135576,1.0958205912334353,1962,2025-08-08T12:01:18,sweep_sizenew,66,0.1,10000,6000,1.0,0.0,0.0,0.5,[0.5],0.5,1.0,-1.0,0.0,0.8,-0.8,0.0,0.5,score
hard_new,ours_refined,0.9036608863198459,1.117533718689788,1038,2025-08-08T12:01:18,sweep_sizenew,66,0.1,10000,6000,1.0,0.0,0.0,0.5,[0.5],0.5,1.0,-1.0,0.0,0.8,-0.8,0.0,0.5,score
overall,ours_refined,0.9117142857142857,1.11,3500,2025-08-08T12:01:19,sweep_sizenew,26,0.1,10000,7000,1.0,0.0,0.0,0.5,[0.5],0.5,1.0,-1.0,0.0,0.8,-0.8,0.0,0.5,score
easy_new,ours_refined,0.9124890061565524,1.0923482849604222,2274,2025-08-08T12:01:19,sweep_sizenew,26,0.1,10000,7000,1.0,0.0,0.0,0.5,[0.5],0.5,1.0,-1.0,0.0,0.8,-0.8,0.0,0.5,score
hard_new,ours_refined,0.9102773246329527,1.1427406199021206,1226,2025-08-08T12:01:19,sweep_sizenew,26,0.1,10000,7000,1.0,0.0,0.0,0.5,[0.5],0.5,1.0,-1.0,0.0,0.8,-0.8,0.0,0.5,score
overall,ours_refined,0.9014285714285715,1.0811428571428572,3500,2025-08-08T12:01:19,sweep_sizenew,74,0.1,10000,7000,1.0,0.0,0.0,0.5,[0.5],0.5,1.0,-1.0,0.0,0.8,-0.8,0.0,0.5,score
easy_new,ours_refined,0.9050876442924327,1.076528430953399,2339,2025-08-08T12:01:19,sweep_sizenew,74,0.1,10000,7000,1.0,0.0,0.0,0.5,[0.5],0.5,1.0,-1.0,0.0,0.8,-0.8,0.0,0.5,score
hard_new,ours_refined,0.8940568475452196,1.0904392764857882,1161,2025-08-08T12:01:19,sweep_sizenew,74,0.1,10000,7000,1.0,0.0,0.0,0.5,[0.5],0.5,1.0,-1.0,0.0,0.8,-0.8,0.0,0.5,score
overall,ours_refined,0.874,1.027,1000,2025-08-08T12:01:20,sweep_sizenew,61,0.1,10000,2000,1.0,0.0,0.0,0.5,[0.5],0.5,1.0,-1.0,0.0,0.8,-0.8,0.0,0.5,score
easy_new,ours_refined,0.8777943368107303,1.0253353204172877,671,2025-08-08T12:01:20,sweep_sizenew,61,0.1,10000,2000,1.0,0.0,0.0,0.5,[0.5],0.5,1.0,-1.0,0.0,0.8,-0.8,0.0,0.5,score
hard_new,ours_refined,0.8662613981762918,1.0303951367781155,329,2025-08-08T12:01:20,sweep_sizenew,61,0.1,10000,2000,1.0,0.0,0.0,0.5,[0.5],0.5,1.0,-1.0,0.0,0.8,-0.8,0.0,0.5,score
overall,ours_refined,0.9048571428571428,1.092,3500,2025-08-08T12:01:20,sweep_sizenew,73,0.1,10000,7000,1.0,0.0,0.0,0.5,[0.5],0.5,1.0,-1.0,0.0,0.8,-0.8,0.0,0.5,score
easy_new,ours_refined,0.90917225950783,1.080089485458613,2235,2025-08-08T12:01:20,sweep_sizenew,73,0.1,10000,7000,1.0,0.0,0.0,0.5,[0.5],0.5,1.0,-1.0,0.0,0.8,-0.8,0.0,0.5,score
hard_new,ours_refined,0.8972332015810277,1.1130434782608696,1265,2025-08-08T12:01:20,sweep_sizenew,73,0.1,10000,7000,1.0,0.0,0.0,0.5,[0.5],0.5,1.0,-1.0,0.0,0.8,-0.8,0.0,0.5,score
overall,ours_refined,0.9102857142857143,1.1171428571428572,3500,2025-08-08T12:01:20,sweep_sizenew,42,0.1,10000,7000,1.0,0.0,0.0,0.5,[0.5],0.5,1.0,-1.0,0.0,0.8,-0.8,0.0,0.5,score
easy_new,ours_refined,0.9111111111111111,1.1067538126361656,2295,2025-08-08T12:01:20,sweep_sizenew,42,0.1,10000,7000,1.0,0.0,0.0,0.5,[0.5],0.5,1.0,-1.0,0.0,0.8,-0.8,0.0,0.5,score
hard_new,ours_refined,0.9087136929460581,1.1369294605809128,1205,2025-08-08T12:01:20,sweep_sizenew,42,0.1,10000,7000,1.0,0.0,0.0,0.5,[0.5],0.5,1.0,-1.0,0.0,0.8,-0.8,0.0,0.5,score
overall,ours_refined,0.928,1.159,1000,2025-08-08T12:01:21,sweep_sizenew,62,0.1,10000,2000,1.0,0.0,0.0,0.5,[0.5],0.5,1.0,-1.0,0.0,0.8,-0.8,0.0,0.5,score
easy_new,ours_refined,0.9255813953488372,1.136434108527132,645,2025-08-08T12:01:21,sweep_sizenew,62,0.1,10000,2000,1.0,0.0,0.0,0.5,[0.5],0.5,1.0,-1.0,0.0,0.8,-0.8,0.0,0.5,score
hard_new,ours_refined,0.9323943661971831,1.2,355,2025-08-08T12:01:21,sweep_sizenew,62,0.1,10000,2000,1.0,0.0,0.0,0.5,[0.5],0.5,1.0,-1.0,0.0,0.8,-0.8,0.0,0.5,score
overall,ours_refined,0.8925,1.1015,2000,2025-08-08T12:01:21,sweep_sizenew,97,0.1,10000,4000,1.0,0.0,0.0,0.5,[0.5],0.5,1.0,-1.0,0.0,0.8,-0.8,0.0,0.5,score
easy_new,ours_refined,0.8964992389649924,1.0981735159817352,1314,2025-08-08T12:01:21,sweep_sizenew,97,0.1,10000,4000,1.0,0.0,0.0,0.5,[0.5],0.5,1.0,-1.0,0.0,0.8,-0.8,0.0,0.5,score
hard_new,ours_refined,0.8848396501457726,1.1078717201166182,686,2025-08-08T12:01:21,sweep_sizenew,97,0.1,10000,4000,1.0,0.0,0.0,0.5,[0.5],0.5,1.0,-1.0,0.0,0.8,-0.8,0.0,0.5,score
overall,ours_refined,0.8997142857142857,1.0982857142857143,3500,2025-08-08T12:01:23,sweep_sizenew,77,0.1,10000,7000,1.0,0.0,0.0,0.5,[0.5],0.5,1.0,-1.0,0.0,0.8,-0.8,0.0,0.5,score
easy_new,ours_refined,0.9006076388888888,1.0859375,2304,2025-08-08T12:01:23,sweep_sizenew,77,0.1,10000,7000,1.0,0.0,0.0,0.5,[0.5],0.5,1.0,-1.0,0.0,0.8,-0.8,0.0,0.5,score
hard_new,ours_refined,0.8979933110367893,1.1220735785953178,1196,2025-08-08T12:01:23,sweep_sizenew,77,0.1,10000,7000,1.0,0.0,0.0,0.5,[0.5],0.5,1.0,-1.0,0.0,0.8,-0.8,0.0,0.5,score
overall,ours_refined,0.906,1.0996,2500,2025-08-08T12:01:23,sweep_sizenew,63,0.1,10000,5000,1.0,0.0,0.0,0.5,[0.5],0.5,1.0,-1.0,0.0,0.8,-0.8,0.0,0.5,score
easy_new,ours_refined,0.9092516205067767,1.090159104301709,1697,2025-08-08T12:01:23,sweep_sizenew,63,0.1,10000,5000,1.0,0.0,0.0,0.5,[0.5],0.5,1.0,-1.0,0.0,0.8,-0.8,0.0,0.5,score
hard_new,ours_refined,0.8991282689912827,1.1195516811955168,803,2025-08-08T12:01:23,sweep_sizenew,63,0.1,10000,5000,1.0,0.0,0.0,0.5,[0.5],0.5,1.0,-1.0,0.0,0.8,-0.8,0.0,0.5,score
overall,ours_refined,0.9011428571428571,1.0931428571428572,3500,2025-08-08T12:01:23,sweep_sizenew,76,0.1,10000,7000,1.0,0.0,0.0,0.5,[0.5],0.5,1.0,-1.0,0.0,0.8,-0.8,0.0,0.5,score
easy_new,ours_refined,0.9041272570937231,1.0773860705073086,2326,2025-08-08T12:01:23,sweep_sizenew,76,0.1,10000,7000,1.0,0.0,0.0,0.5,[0.5],0.5,1.0,-1.0,0.0,0.8,-0.8,0.0,0.5,score
hard_new,ours_refined,0.8952299829642248,1.1243611584327087,1174,2025-08-08T12:01:23,sweep_sizenew,76,0.1,10000,7000,1.0,0.0,0.0,0.5,[0.5],0.5,1.0,-1.0,0.0,0.8,-0.8,0.0,0.5,score
overall,ours_refined,0.902,1.0623333333333334,3000,2025-08-08T12:01:23,sweep_sizenew,59,0.1,10000,6000,1.0,0.0,0.0,0.5,[0.5],0.5,1.0,-1.0,0.0,0.8,-0.8,0.0,0.5,score
easy_new,ours_refined,0.9105943152454781,1.054263565891473,1935,2025-08-08T12:01:23,sweep_sizenew,59,0.1,10000,6000,1.0,0.0,0.0,0.5,[0.5],0.5,1.0,-1.0,0.0,0.8,-0.8,0.0,0.5,score
hard_new,ours_refined,0.8863849765258216,1.0769953051643193,1065,2025-08-08T12:01:23,sweep_sizenew,59,0.1,10000,6000,1.0,0.0,0.0,0.5,[0.5],0.5,1.0,-1.0,0.0,0.8,-0.8,0.0,0.5,score
overall,ours_refined,0.8944,1.0854,5000,2025-08-08T12:01:23,sweep_sizenew,41,0.1,10000,10000,1.0,0.0,0.0,0.5,[0.5],0.5,1.0,-1.0,0.0,0.8,-0.8,0.0,0.5,score
easy_new,ours_refined,0.8983358547655068,1.076550680786687,3305,2025-08-08T12:01:23,sweep_sizenew,41,0.1,10000,10000,1.0,0.0,0.0,0.5,[0.5],0.5,1.0,-1.0,0.0,0.8,-0.8,0.0,0.5,score
hard_new,ours_refined,0.8867256637168142,1.1026548672566372,1695,2025-08-08T12:01:23,sweep_sizenew,41,0.1,10000,10000,1.0,0.0,0.0,0.5,[0.5],0.5,1.0,-1.0,0.0,0.8,-0.8,0.0,0.5,score
overall,ours_refined,0.907,1.106,3000,2025-08-08T12:01:23,sweep_sizenew,60,0.1,10000,6000,1.0,0.0,0.0,0.5,[0.5],0.5,1.0,-1.0,0.0,0.8,-0.8,0.0,0.5,score
easy_new,ours_refined,0.9083461341525858,1.0993343573988734,1953,2025-08-08T12:01:23,sweep_sizenew,60,0.1,10000,6000,1.0,0.0,0.0,0.5,[0.5],0.5,1.0,-1.0,0.0,0.8,-0.8,0.0,0.5,score
hard_new,ours_refined,0.9044890162368673,1.1184336198662845,1047,2025-08-08T12:01:23,sweep_sizenew,60,0.1,10000,6000,1.0,0.0,0.0,0.5,[0.5],0.5,1.0,-1.0,0.0,0.8,-0.8,0.0,0.5,score
overall,ours_refined,0.9033333333333333,1.1002222222222222,4500,2025-08-08T12:01:24,sweep_sizenew,51,0.1,10000,9000,1.0,0.0,0.0,0.5,[0.5],0.5,1.0,-1.0,0.0,0.8,-0.8,0.0,0.5,score
easy_new,ours_refined,0.898884004058167,1.0889414947582008,2957,2025-08-08T12:01:24,sweep_sizenew,51,0.1,10000,9000,1.0,0.0,0.0,0.5,[0.5],0.5,1.0,-1.0,0.0,0.8,-0.8,0.0,0.5,score
hard_new,ours_refined,0.9118600129617628,1.1218405703175631,1543,2025-08-08T12:01:24,sweep_sizenew,51,0.1,10000,9000,1.0,0.0,0.0,0.5,[0.5],0.5,1.0,-1.0,0.0,0.8,-0.8,0.0,0.5,score
overall,ours_refined,0.9052,1.1104,2500,2025-08-08T12:01:24,sweep_sizenew,64,0.1,10000,5000,1.0,0.0,0.0,0.5,[0.5],0.5,1.0,-1.0,0.0,0.8,-0.8,0.0,0.5,score
easy_new,ours_refined,0.9029126213592233,1.0970873786407767,1648,2025-08-08T12:01:24,sweep_sizenew,64,0.1,10000,5000,1.0,0.0,0.0,0.5,[0.5],0.5,1.0,-1.0,0.0,0.8,-0.8,0.0,0.5,score
hard_new,ours_refined,0.9096244131455399,1.136150234741784,852,2025-08-08T12:01:24,sweep_sizenew,64,0.1,10000,5000,1.0,0.0,0.0,0.5,[0.5],0.5,1.0,-1.0,0.0,0.8,-0.8,0.0,0.5,score
overall,ours_refined,0.91025,1.11625,4000,2025-08-08T12:01:24,sweep_sizenew,84,0.1,10000,8000,1.0,0.0,0.0,0.5,[0.5],0.5,1.0,-1.0,0.0,0.8,-0.8,0.0,0.5,score
easy_new,ours_refined,0.9130271084337349,1.1050451807228916,2656,2025-08-08T12:01:24,sweep_sizenew,84,0.1,10000,8000,1.0,0.0,0.0,0.5,[0.5],0.5,1.0,-1.0,0.0,0.8,-0.8,0.0,0.5,score
hard_new,ours_refined,0.9047619047619048,1.1383928571428572,1344,2025-08-08T12:01:24,sweep_sizenew,84,0.1,10000,8000,1.0,0.0,0.0,0.5,[0.5],0.5,1.0,-1.0,0.0,0.8,-0.8,0.0,0.5,score
overall,ours_refined,0.896,1.0631428571428572,3500,2025-08-08T12:01:24,sweep_sizenew,75,0.1,10000,7000,1.0,0.0,0.0,0.5,[0.5],0.5,1.0,-1.0,0.0,0.8,-0.8,0.0,0.5,score
easy_new,ours_refined,0.8982088248143294,1.054172127566623,2289,2025-08-08T12:01:24,sweep_sizenew,75,0.1,10000,7000,1.0,0.0,0.0,0.5,[0.5],0.5,1.0,-1.0,0.0,0.8,-0.8,0.0,0.5,score
hard_new,ours_refined,0.8918249380677127,1.0800990916597852,1211,2025-08-08T12:01:24,sweep_sizenew,75,0.1,10000,7000,1.0,0.0,0.0,0.5,[0.5],0.5,1.0,-1.0,0.0,0.8,-0.8,0.0,0.5,score
overall,ours_refined,0.8975,1.078,4000,2025-08-08T12:01:24,sweep_sizenew,91,0.1,10000,8000,1.0,0.0,0.0,0.5,[0.5],0.5,1.0,-1.0,0.0,0.8,-0.8,0.0,0.5,score
easy_new,ours_refined,0.8940809968847352,1.0634735202492211,2568,2025-08-08T12:01:24,sweep_sizenew,91,0.1,10000,8000,1.0,0.0,0.0,0.5,[0.5],0.5,1.0,-1.0,0.0,0.8,-0.8,0.0,0.5,score
hard_new,ours_refined,0.9036312849162011,1.104050279329609,1432,2025-08-08T12:01:24,sweep_sizenew,91,0.1,10000,8000,1.0,0.0,0.0,0.5,[0.5],0.5,1.0,-1.0,0.0,0.8,-0.8,0.0,0.5,score
overall,ours_refined,0.91,1.09,400,2025-08-08T12:01:24,sweep_sizenew,54,0.1,10000,800,1.0,0.0,0.0,0.5,[0.5],0.5,1.0,-1.0,0.0,0.8,-0.8,0.0,0.5,score
easy_new,ours_refined,0.9038461538461539,1.073076923076923,260,2025-08-08T12:01:24,sweep_sizenew,54,0.1,10000,800,1.0,0.0,0.0,0.5,[0.5],0.5,1.0,-1.0,0.0,0.8,-0.8,0.0,0.5,score
hard_new,ours_refined,0.9214285714285714,1.1214285714285714,140,2025-08-08T12:01:24,sweep_sizenew,54,0.1,10000,800,1.0,0.0,0.0,0.5,[0.5],0.5,1.0,-1.0,0.0,0.8,-0.8,0.0,0.5,score
overall,ours_refined,0.89525,1.08925,4000,2025-08-08T12:01:24,sweep_sizenew,95,0.1,10000,8000,1.0,0.0,0.0,0.5,[0.5],0.5,1.0,-1.0,0.0,0.8,-0.8,0.0,0.5,score
easy_new,ours_refined,0.8981804103755323,1.0824622531939605,2583,2025-08-08T12:01:24,sweep_sizenew,95,0.1,10000,8000,1.0,0.0,0.0,0.5,[0.5],0.5,1.0,-1.0,0.0,0.8,-0.8,0.0,0.5,score
hard_new,ours_refined,0.8899082568807339,1.1016231474947071,1417,2025-08-08T12:01:24,sweep_sizenew,95,0.1,10000,8000,1.0,0.0,0.0,0.5,[0.5],0.5,1.0,-1.0,0.0,0.8,-0.8,0.0,0.5,score
overall,ours_refined,0.905,1.106,4000,2025-08-08T12:01:24,sweep_sizenew,89,0.1,10000,8000,1.0,0.0,0.0,0.5,[0.5],0.5,1.0,-1.0,0.0,0.8,-0.8,0.0,0.5,score
easy_new,ours_refined,0.9073300417774401,1.0915305734903151,2633,2025-08-08T12:01:24,sweep_sizenew,89,0.1,10000,8000,1.0,0.0,0.0,0.5,[0.5],0.5,1.0,-1.0,0.0,0.8,-0.8,0.0,0.5,score
hard_new,ours_refined,0.9005120702267739,1.1338697878566204,1367,2025-08-08T12:01:24,sweep_sizenew,89,0.1,10000,8000,1.0,0.0,0.0,0.5,[0.5],0.5,1.0,-1.0,0.0,0.8,-0.8,0.0,0.5,score
overall,ours_refined,0.90575,1.08625,4000,2025-08-08T12:01:24,sweep_sizenew,58,0.1,10000,8000,1.0,0.0,0.0,0.5,[0.5],0.5,1.0,-1.0,0.0,0.8,-0.8,0.0,0.5,score
easy_new,ours_refined,0.9082533589251439,1.0771593090211133,2605,2025-08-08T12:01:24,sweep_sizenew,58,0.1,10000,8000,1.0,0.0,0.0,0.5,[0.5],0.5,1.0,-1.0,0.0,0.8,-0.8,0.0,0.5,score
hard_new,ours_refined,0.9010752688172043,1.103225806451613,1395,2025-08-08T12:01:24,sweep_sizenew,58,0.1,10000,8000,1.0,0.0,0.0,0.5,[0.5],0.5,1.0,-1.0,0.0,0.8,-0.8,0.0,0.5,score
overall,ours_refined,0.89425,1.07725,4000,2025-08-08T12:01:24,sweep_sizenew,93,0.1,10000,8000,1.0,0.0,0.0,0.5,[0.5],0.5,1.0,-1.0,0.0,0.8,-0.8,0.0,0.5,score
easy_new,ours_refined,0.8922363847045192,1.0641174198532253,2589,2025-08-08T12:01:24,sweep_sizenew,93,0.1,10000,8000,1.0,0.0,0.0,0.5,[0.5],0.5,1.0,-1.0,0.0,0.8,-0.8,0.0,0.5,score
hard_new,ours_refined,0.8979447200566973,1.1013465627214742,1411,2025-08-08T12:01:24,sweep_sizenew,93,0.1,10000,8000,1.0,0.0,0.0,0.5,[0.5],0.5,1.0,-1.0,0.0,0.8,-0.8,0.0,0.5,score
overall,ours_refined,0.9016,1.0928,2500,2025-08-08T12:01:24,sweep_sizenew,98,0.1,10000,5000,1.0,0.0,0.0,0.5,[0.5],0.5,1.0,-1.0,0.0,0.8,-0.8,0.0,0.5,score
easy_new,ours_refined,0.9086595492289442,1.0889679715302492,1686,2025-08-08T12:01:24,sweep_sizenew,98,0.1,10000,5000,1.0,0.0,0.0,0.5,[0.5],0.5,1.0,-1.0,0.0,0.8,-0.8,0.0,0.5,score
hard_new,ours_refined,0.8869778869778869,1.1007371007371007,814,2025-08-08T12:01:24,sweep_sizenew,98,0.1,10000,5000,1.0,0.0,0.0,0.5,[0.5],0.5,1.0,-1.0,0.0,0.8,-0.8,0.0,0.5,score
overall,ours_refined,0.9,1.0824,2500,2025-08-08T12:01:24,sweep_sizenew,99,0.1,10000,5000,1.0,0.0,0.0,0.5,[0.5],0.5,1.0,-1.0,0.0,0.8,-0.8,0.0,0.5,score
easy_new,ours_refined,0.8993827160493827,1.0679012345679013,1620,2025-08-08T12:01:24,sweep_sizenew,99,0.1,10000,5000,1.0,0.0,0.0,0.5,[0.5],0.5,1.0,-1.0,0.0,0.8,-0.8,0.0,0.5,score
hard_new,ours_refined,0.9011363636363636,1.1090909090909091,880,2025-08-08T12:01:24,sweep_sizenew,99,0.1,10000,5000,1.0,0.0,0.0,0.5,[0.5],0.5,1.0,-1.0,0.0,0.8,-0.8,0.0,0.5,score
overall,ours_refined,0.898,1.09475,4000,2025-08-08T12:01:24,sweep_sizenew,94,0.1,10000,8000,1.0,0.0,0.0,0.5,[0.5],0.5,1.0,-1.0,0.0,0.8,-0.8,0.0,0.5,score
easy_new,ours_refined,0.9024110218140069,1.081132797550708,2613,2025-08-08T12:01:24,sweep_sizenew,94,0.1,10000,8000,1.0,0.0,0.0,0.5,[0.5],0.5,1.0,-1.0,0.0,0.8,-0.8,0.0,0.5,score
hard_new,ours_refined,0.889689978370584,1.1204037490987744,1387,2025-08-08T12:01:24,sweep_sizenew,94,0.1,10000,8000,1.0,0.0,0.0,0.5,[0.5],0.5,1.0,-1.0,0.0,0.8,-0.8,0.0,0.5,score
overall,ours_refined,0.90675,1.093,4000,2025-08-08T12:01:24,sweep_sizenew,92,0.1,10000,8000,1.0,0.0,0.0,0.5,[0.5],0.5,1.0,-1.0,0.0,0.8,-0.8,0.0,0.5,score
easy_new,ours_refined,0.9137210186240973,1.0870391486126947,2631,2025-08-08T12:01:24,sweep_sizenew,92,0.1,10000,8000,1.0,0.0,0.0,0.5,[0.5],0.5,1.0,-1.0,0.0,0.8,-0.8,0.0,0.5,score
hard_new,ours_refined,0.8933528122717312,1.1044558071585098,1369,2025-08-08T12:01:24,sweep_sizenew,92,0.1,10000,8000,1.0,0.0,0.0,0.5,[0.5],0.5,1.0,-1.0,0.0,0.8,-0.8,0.0,0.5,score
overall,ours_refined,0.9116,1.1224,2500,2025-08-08T12:01:24,sweep_sizenew,100,0.1,10000,5000,1.0,0.0,0.0,0.5,[0.5],0.5,1.0,-1.0,0.0,0.8,-0.8,0.0,0.5,score
easy_new,ours_refined,0.912751677852349,1.1086028065893838,1639,2025-08-08T12:01:24,sweep_sizenew,100,0.1,10000,5000,1.0,0.0,0.0,0.5,[0.5],0.5,1.0,-1.0,0.0,0.8,-0.8,0.0,0.5,score
hard_new,ours_refined,0.9094076655052264,1.1486643437862951,861,2025-08-08T12:01:24,sweep_sizenew,100,0.1,10000,5000,1.0,0.0,0.0,0.5,[0.5],0.5,1.0,-1.0,0.0,0.8,-0.8,0.0,0.5,score
overall,ours_refined,0.8993333333333333,1.0733333333333333,4500,2025-08-08T12:01:25,sweep_sizenew,79,0.1,10000,9000,1.0,0.0,0.0,0.5,[0.5],0.5,1.0,-1.0,0.0,0.8,-0.8,0.0,0.5,score
easy_new,ours_refined,0.9033333333333333,1.0643333333333334,3000,2025-08-08T12:01:25,sweep_sizenew,79,0.1,10000,9000,1.0,0.0,0.0,0.5,[0.5],0.5,1.0,-1.0,0.0,0.8,-0.8,0.0,0.5,score
hard_new,ours_refined,0.8913333333333333,1.0913333333333333,1500,2025-08-08T12:01:25,sweep_sizenew,79,0.1,10000,9000,1.0,0.0,0.0,0.5,[0.5],0.5,1.0,-1.0,0.0,0.8,-0.8,0.0,0.5,score
overall,ours_refined,0.9033333333333333,1.0808888888888888,4500,2025-08-08T12:01:25,sweep_sizenew,80,0.1,10000,9000,1.0,0.0,0.0,0.5,[0.5],0.5,1.0,-1.0,0.0,0.8,-0.8,0.0,0.5,score
easy_new,ours_refined,0.9039867109634552,1.0727574750830564,3010,2025-08-08T12:01:25,sweep_sizenew,80,0.1,10000,9000,1.0,0.0,0.0,0.5,[0.5],0.5,1.0,-1.0,0.0,0.8,-0.8,0.0,0.5,score
hard_new,ours_refined,0.9020134228187919,1.0973154362416107,1490,2025-08-08T12:01:25,sweep_sizenew,80,0.1,10000,9000,1.0,0.0,0.0,0.5,[0.5],0.5,1.0,-1.0,0.0,0.8,-0.8,0.0,0.5,score
overall,ours_refined,0.9005,1.09225,4000,2025-08-08T12:01:25,sweep_sizenew,88,0.1,10000,8000,1.0,0.0,0.0,0.5,[0.5],0.5,1.0,-1.0,0.0,0.8,-0.8,0.0,0.5,score
easy_new,ours_refined,0.9038970866439652,1.0771850170261068,2643,2025-08-08T12:01:25,sweep_sizenew,88,0.1,10000,8000,1.0,0.0,0.0,0.5,[0.5],0.5,1.0,-1.0,0.0,0.8,-0.8,0.0,0.5,score
hard_new,ours_refined,0.8938835666912307,1.1215917464996314,1357,2025-08-08T12:01:25,sweep_sizenew,88,0.1,10000,8000,1.0,0.0,0.0,0.5,[0.5],0.5,1.0,-1.0,0.0,0.8,-0.8,0.0,0.5,score
overall,ours_refined,0.904,1.092,4000,2025-08-08T12:01:25,sweep_sizenew,96,0.1,10000,8000,1.0,0.0,0.0,0.5,[0.5],0.5,1.0,-1.0,0.0,0.8,-0.8,0.0,0.5,score
easy_new,ours_refined,0.8980288097043214,1.0803639120545867,2638,2025-08-08T12:01:25,sweep_sizenew,96,0.1,10000,8000,1.0,0.0,0.0,0.5,[0.5],0.5,1.0,-1.0,0.0,0.8,-0.8,0.0,0.5,score
hard_new,ours_refined,0.9155653450807636,1.1145374449339207,1362,2025-08-08T12:01:25,sweep_sizenew,96,0.1,10000,8000,1.0,0.0,0.0,0.5,[0.5],0.5,1.0,-1.0,0.0,0.8,-0.8,0.0,0.5,score
overall,ours_refined,0.9148888888888889,1.1115555555555556,4500,2025-08-08T12:01:25,sweep_sizenew,48,0.1,10000,9000,1.0,0.0,0.0,0.5,[0.5],0.5,1.0,-1.0,0.0,0.8,-0.8,0.0,0.5,score
easy_new,ours_refined,0.9177620492079541,1.0974047859791034,2967,2025-08-08T12:01:25,sweep_sizenew,48,0.1,10000,9000,1.0,0.0,0.0,0.5,[0.5],0.5,1.0,-1.0,0.0,0.8,-0.8,0.0,0.5,score
hard_new,ours_refined,0.9093281148075668,1.1389432485322897,1533,2025-08-08T12:01:25,sweep_sizenew,48,0.1,10000,9000,1.0,0.0,0.0,0.5,[0.5],0.5,1.0,-1.0,0.0,0.8,-0.8,0.0,0.5,score
overall,ours_refined,0.90875,1.09725,4000,2025-08-08T12:01:25,sweep_sizenew,87,0.1,10000,8000,1.0,0.0,0.0,0.5,[0.5],0.5,1.0,-1.0,0.0,0.8,-0.8,0.0,0.5,score
easy_new,ours_refined,0.9201841903300076,1.0859554873369148,2606,2025-08-08T12:01:25,sweep_sizenew,87,0.1,10000,8000,1.0,0.0,0.0,0.5,[0.5],0.5,1.0,-1.0,0.0,0.8,-0.8,0.0,0.5,score
hard_new,ours_refined,0.8873744619799139,1.118364418938307,1394,2025-08-08T12:01:25,sweep_sizenew,87,0.1,10000,8000,1.0,0.0,0.0,0.5,[0.5],0.5,1.0,-1.0,0.0,0.8,-0.8,0.0,0.5,score
overall,ours_refined,0.8977777777777778,1.0855555555555556,4500,2025-08-08T12:01:25,sweep_sizenew,47,0.1,10000,9000,1.0,0.0,0.0,0.5,[0.5],0.5,1.0,-1.0,0.0,0.8,-0.8,0.0,0.5,score
easy_new,ours_refined,0.9012096774193549,1.0749327956989247,2976,2025-08-08T12:01:25,sweep_sizenew,47,0.1,10000,9000,1.0,0.0,0.0,0.5,[0.5],0.5,1.0,-1.0,0.0,0.8,-0.8,0.0,0.5,score
hard_new,ours_refined,0.8910761154855643,1.1062992125984252,1524,2025-08-08T12:01:25,sweep_sizenew,47,0.1,10000,9000,1.0,0.0,0.0,0.5,[0.5],0.5,1.0,-1.0,0.0,0.8,-0.8,0.0,0.5,score
overall,ours_refined,0.8985,1.085,4000,2025-08-08T12:01:25,sweep_sizenew,90,0.1,10000,8000,1.0,0.0,0.0,0.5,[0.5],0.5,1.0,-1.0,0.0,0.8,-0.8,0.0,0.5,score
easy_new,ours_refined,0.9038823972860912,1.072370900866943,2653,2025-08-08T12:01:25,sweep_sizenew,90,0.1,10000,8000,1.0,0.0,0.0,0.5,[0.5],0.5,1.0,-1.0,0.0,0.8,-0.8,0.0,0.5,score
hard_new,ours_refined,0.8878990348923533,1.1098737936154417,1347,2025-08-08T12:01:25,sweep_sizenew,90,0.1,10000,8000,1.0,0.0,0.0,0.5,[0.5],0.5,1.0,-1.0,0.0,0.8,-0.8,0.0,0.5,score
overall,ours_refined,0.90325,1.09775,4000,2025-08-08T12:01:25,sweep_sizenew,72,0.1,10000,8000,1.0,0.0,0.0,0.5,[0.5],0.5,1.0,-1.0,0.0,0.8,-0.8,0.0,0.5,score
easy_new,ours_refined,0.9056460780598712,1.0871542250852595,2639,2025-08-08T12:01:25,sweep_sizenew,72,0.1,10000,8000,1.0,0.0,0.0,0.5,[0.5],0.5,1.0,-1.0,0.0,0.8,-0.8,0.0,0.5,score
hard_new,ours_refined,0.8986039676708303,1.118295371050698,1361,2025-08-08T12:01:25,sweep_sizenew,72,0.1,10000,8000,1.0,0.0,0.0,0.5,[0.5],0.5,1.0,-1.0,0.0,0.8,-0.8,0.0,0.5,score
overall,ours_refined,0.896,1.0902857142857143,3500,2025-08-08T12:01:25,sweep_sizenew,67,0.1,10000,7000,1.0,0.0,0.0,0.5,[0.5],0.5,1.0,-1.0,0.0,0.8,-0.8,0.0,0.5,score
easy_new,ours_refined,0.9028132992327366,1.0822676896845695,2346,2025-08-08T12:01:25,sweep_sizenew,67,0.1,10000,7000,1.0,0.0,0.0,0.5,[0.5],0.5,1.0,-1.0,0.0,0.8,-0.8,0.0,0.5,score
hard_new,ours_refined,0.8821490467937608,1.1065857885615251,1154,2025-08-08T12:01:25,sweep_sizenew,67,0.1,10000,7000,1.0,0.0,0.0,0.5,[0.5],0.5,1.0,-1.0,0.0,0.8,-0.8,0.0,0.5,score
overall,ours_refined,0.89825,1.08525,4000,2025-08-08T12:01:25,sweep_sizenew,85,0.1,10000,8000,1.0,0.0,0.0,0.5,[0.5],0.5,1.0,-1.0,0.0,0.8,-0.8,0.0,0.5,score
easy_new,ours_refined,0.9004611837048424,1.0745580322828594,2602,2025-08-08T12:01:25,sweep_sizenew,85,0.1,10000,8000,1.0,0.0,0.0,0.5,[0.5],0.5,1.0,-1.0,0.0,0.8,-0.8,0.0,0.5,score
hard_new,ours_refined,0.894134477825465,1.1051502145922747,1398,2025-08-08T12:01:25,sweep_sizenew,85,0.1,10000,8000,1.0,0.0,0.0,0.5,[0.5],0.5,1.0,-1.0,0.0,0.8,-0.8,0.0,0.5,score
overall,ours_refined,0.89125,1.07575,4000,2025-08-08T12:01:25,sweep_sizenew,69,0.1,10000,8000,1.0,0.0,0.0,0.5,[0.5],0.5,1.0,-1.0,0.0,0.8,-0.8,0.0,0.5,score
easy_new,ours_refined,0.8982217177449867,1.0718880060537268,2643,2025-08-08T12:01:25,sweep_sizenew,69,0.1,10000,8000,1.0,0.0,0.0,0.5,[0.5],0.5,1.0,-1.0,0.0,0.8,-0.8,0.0,0.5,score
hard_new,ours_refined,0.8776713338246132,1.0832719233603538,1357,2025-08-08T12:01:25,sweep_sizenew,69,0.1,10000,8000,1.0,0.0,0.0,0.5,[0.5],0.5,1.0,-1.0,0.0,0.8,-0.8,0.0,0.5,score
overall,ours_refined,0.896,1.0915,4000,2025-08-08T12:01:25,sweep_sizenew,56,0.1,10000,8000,1.0,0.0,0.0,0.5,[0.5],0.5,1.0,-1.0,0.0,0.8,-0.8,0.0,0.5,score
easy_new,ours_refined,0.8948374760994264,1.0787762906309752,2615,2025-08-08T12:01:25,sweep_sizenew,56,0.1,10000,8000,1.0,0.0,0.0,0.5,[0.5],0.5,1.0,-1.0,0.0,0.8,-0.8,0.0,0.5,score
hard_new,ours_refined,0.8981949458483754,1.1155234657039712,1385,2025-08-08T12:01:25,sweep_sizenew,56,0.1,10000,8000,1.0,0.0,0.0,0.5,[0.5],0.5,1.0,-1.0,0.0,0.8,-0.8,0.0,0.5,score
overall,ours_refined,0.8835,1.0615,4000,2025-08-08T12:01:25,sweep_sizenew,86,0.1,10000,8000,1.0,0.0,0.0,0.5,[0.5],0.5,1.0,-1.0,0.0,0.8,-0.8,0.0,0.5,score
easy_new,ours_refined,0.887329286798179,1.0557663125948407,2636,2025-08-08T12:01:25,sweep_sizenew,86,0.1,10000,8000,1.0,0.0,0.0,0.5,[0.5],0.5,1.0,-1.0,0.0,0.8,-0.8,0.0,0.5,score
hard_new,ours_refined,0.876099706744868,1.0725806451612903,1364,2025-08-08T12:01:25,sweep_sizenew,86,0.1,10000,8000,1.0,0.0,0.0,0.5,[0.5],0.5,1.0,-1.0,0.0,0.8,-0.8,0.0,0.5,score
overall,ours_refined,0.8995,1.0875,4000,2025-08-08T12:01:26,sweep_sizenew,55,0.1,10000,8000,1.0,0.0,0.0,0.5,[0.5],0.5,1.0,-1.0,0.0,0.8,-0.8,0.0,0.5,score
easy_new,ours_refined,0.9041666666666667,1.0859848484848484,2640,2025-08-08T12:01:26,sweep_sizenew,55,0.1,10000,8000,1.0,0.0,0.0,0.5,[0.5],0.5,1.0,-1.0,0.0,0.8,-0.8,0.0,0.5,score
hard_new,ours_refined,0.8904411764705882,1.0904411764705881,1360,2025-08-08T12:01:26,sweep_sizenew,55,0.1,10000,8000,1.0,0.0,0.0,0.5,[0.5],0.5,1.0,-1.0,0.0,0.8,-0.8,0.0,0.5,score
overall,ours_refined,0.9025714285714286,1.114,3500,2025-08-08T12:01:26,sweep_sizenew,68,0.1,10000,7000,1.0,0.0,0.0,0.5,[0.5],0.5,1.0,-1.0,0.0,0.8,-0.8,0.0,0.5,score
easy_new,ours_refined,0.912608695652174,1.1017391304347826,2300,2025-08-08T12:01:26,sweep_sizenew,68,0.1,10000,7000,1.0,0.0,0.0,0.5,[0.5],0.5,1.0,-1.0,0.0,0.8,-0.8,0.0,0.5,score
hard_new,ours_refined,0.8833333333333333,1.1375,1200,2025-08-08T12:01:26,sweep_sizenew,68,0.1,10000,7000,1.0,0.0,0.0,0.5,[0.5],0.5,1.0,-1.0,0.0,0.8,-0.8,0.0,0.5,score
overall,ours_refined,0.9082222222222223,1.0897777777777777,4500,2025-08-08T12:01:26,sweep_sizenew,49,0.1,10000,9000,1.0,0.0,0.0,0.5,[0.5],0.5,1.0,-1.0,0.0,0.8,-0.8,0.0,0.5,score
easy_new,ours_refined,0.909919028340081,1.081646423751687,2964,2025-08-08T12:01:26,sweep_sizenew,49,0.1,10000,9000,1.0,0.0,0.0,0.5,[0.5],0.5,1.0,-1.0,0.0,0.8,-0.8,0.0,0.5,score
hard_new,ours_refined,0.9049479166666666,1.10546875,1536,2025-08-08T12:01:26,sweep_sizenew,49,0.1,10000,9000,1.0,0.0,0.0,0.5,[0.5],0.5,1.0,-1.0,0.0,0.8,-0.8,0.0,0.5,score
overall,ours_refined,0.9064444444444445,1.0982222222222222,4500,2025-08-08T12:01:26,sweep_sizenew,81,0.1,10000,9000,1.0,0.0,0.0,0.5,[0.5],0.5,1.0,-1.0,0.0,0.8,-0.8,0.0,0.5,score
easy_new,ours_refined,0.9040912139503688,1.0875251509054327,2982,2025-08-08T12:01:26,sweep_sizenew,81,0.1,10000,9000,1.0,0.0,0.0,0.5,[0.5],0.5,1.0,-1.0,0.0,0.8,-0.8,0.0,0.5,score
hard_new,ours_refined,0.9110671936758893,1.1192358366271409,1518,2025-08-08T12:01:26,sweep_sizenew,81,0.1,10000,9000,1.0,0.0,0.0,0.5,[0.5],0.5,1.0,-1.0,0.0,0.8,-0.8,0.0,0.5,score
overall,ours_refined,0.9002222222222223,1.0882222222222222,4500,2025-08-08T12:01:26,sweep_sizenew,82,0.1,10000,9000,1.0,0.0,0.0,0.5,[0.5],0.5,1.0,-1.0,0.0,0.8,-0.8,0.0,0.5,score
easy_new,ours_refined,0.9032151143520053,1.0755717600265164,3017,2025-08-08T12:01:26,sweep_sizenew,82,0.1,10000,9000,1.0,0.0,0.0,0.5,[0.5],0.5,1.0,-1.0,0.0,0.8,-0.8,0.0,0.5,score
hard_new,ours_refined,0.8941335131490222,1.1139581928523263,1483,2025-08-08T12:01:26,sweep_sizenew,82,0.1,10000,9000,1.0,0.0,0.0,0.5,[0.5],0.5,1.0,-1.0,0.0,0.8,-0.8,0.0,0.5,score
overall,ours_refined,0.9064444444444445,1.084,4500,2025-08-08T12:01:26,sweep_sizenew,46,0.1,10000,9000,1.0,0.0,0.0,0.5,[0.5],0.5,1.0,-1.0,0.0,0.8,-0.8,0.0,0.5,score
easy_new,ours_refined,0.9127652408218255,1.0754462782081509,2969,2025-08-08T12:01:26,sweep_sizenew,46,0.1,10000,9000,1.0,0.0,0.0,0.5,[0.5],0.5,1.0,-1.0,0.0,0.8,-0.8,0.0,0.5,score
hard_new,ours_refined,0.8941868060091444,1.100587851077727,1531,2025-08-08T12:01:26,sweep_sizenew,46,0.1,10000,9000,1.0,0.0,0.0,0.5,[0.5],0.5,1.0,-1.0,0.0,0.8,-0.8,0.0,0.5,score
overall,ours_refined,0.8933333333333333,1.0868888888888888,4500,2025-08-08T12:01:26,sweep_sizenew,78,0.1,10000,9000,1.0,0.0,0.0,0.5,[0.5],0.5,1.0,-1.0,0.0,0.8,-0.8,0.0,0.5,score
easy_new,ours_refined,0.8969656552184061,1.0813604534844947,2999,2025-08-08T12:01:26,sweep_sizenew,78,0.1,10000,9000,1.0,0.0,0.0,0.5,[0.5],0.5,1.0,-1.0,0.0,0.8,-0.8,0.0,0.5,score
hard_new,ours_refined,0.8860759493670886,1.0979347101932044,1501,2025-08-08T12:01:26,sweep_sizenew,78,0.1,10000,9000,1.0,0.0,0.0,0.5,[0.5],0.5,1.0,-1.0,0.0,0.8,-0.8,0.0,0.5,score
overall,ours_refined,0.9106666666666666,1.1086666666666667,4500,2025-08-08T12:01:26,sweep_sizenew,83,0.1,10000,9000,1.0,0.0,0.0,0.5,[0.5],0.5,1.0,-1.0,0.0,0.8,-0.8,0.0,0.5,score
easy_new,ours_refined,0.9140730717185386,1.0964140730717185,2956,2025-08-08T12:01:26,sweep_sizenew,83,0.1,10000,9000,1.0,0.0,0.0,0.5,[0.5],0.5,1.0,-1.0,0.0,0.8,-0.8,0.0,0.5,score
hard_new,ours_refined,0.9041450777202072,1.1321243523316062,1544,2025-08-08T12:01:26,sweep_sizenew,83,0.1,10000,9000,1.0,0.0,0.0,0.5,[0.5],0.5,1.0,-1.0,0.0,0.8,-0.8,0.0,0.5,score
overall,ours_refined,0.89775,1.10375,4000,2025-08-08T12:01:26,sweep_sizenew,70,0.1,10000,8000,1.0,0.0,0.0,0.5,[0.5],0.5,1.0,-1.0,0.0,0.8,-0.8,0.0,0.5,score
easy_new,ours_refined,0.9033117624666921,1.0890749904834411,2627,2025-08-08T12:01:26,sweep_sizenew,70,0.1,10000,8000,1.0,0.0,0.0,0.5,[0.5],0.5,1.0,-1.0,0.0,0.8,-0.8,0.0,0.5,score
hard_new,ours_refined,0.8871085214857976,1.1318281136198107,1373,2025-08-08T12:01:26,sweep_sizenew,70,0.1,10000,8000,1.0,0.0,0.0,0.5,[0.5],0.5,1.0,-1.0,0.0,0.8,-0.8,0.0,0.5,score
overall,ours_refined,0.9011111111111111,1.0882222222222222,4500,2025-08-08T12:01:26,sweep_sizenew,45,0.1,10000,9000,1.0,0.0,0.0,0.5,[0.5],0.5,1.0,-1.0,0.0,0.8,-0.8,0.0,0.5,score
easy_new,ours_refined,0.8989396951623592,1.0841616964877403,3018,2025-08-08T12:01:26,sweep_sizenew,45,0.1,10000,9000,1.0,0.0,0.0,0.5,[0.5],0.5,1.0,-1.0,0.0,0.8,-0.8,0.0,0.5,score
hard_new,ours_refined,0.9055330634278003,1.0964912280701755,1482,2025-08-08T12:01:26,sweep_sizenew,45,0.1,10000,9000,1.0,0.0,0.0,0.5,[0.5],0.5,1.0,-1.0,0.0,0.8,-0.8,0.0,0.5,score
overall,ours_refined,0.90325,1.1175,4000,2025-08-08T12:01:27,sweep_sizenew,71,0.1,10000,8000,1.0,0.0,0.0,0.5,[0.5],0.5,1.0,-1.0,0.0,0.8,-0.8,0.0,0.5,score
easy_new,ours_refined,0.9039785768936496,1.098699311400153,2614,2025-08-08T12:01:27,sweep_sizenew,71,0.1,10000,8000,1.0,0.0,0.0,0.5,[0.5],0.5,1.0,-1.0,0.0,0.8,-0.8,0.0,0.5,score
hard_new,ours_refined,0.9018759018759018,1.152958152958153,1386,2025-08-08T12:01:27,sweep_sizenew,71,0.1,10000,8000,1.0,0.0,0.0,0.5,[0.5],0.5,1.0,-1.0,0.0,0.8,-0.8,0.0,0.5,score
overall,ours_refined,0.8984444444444445,1.0877777777777777,4500,2025-08-08T12:01:27,sweep_sizenew,53,0.1,10000,9000,1.0,0.0,0.0,0.5,[0.5],0.5,1.0,-1.0,0.0,0.8,-0.8,0.0,0.5,score
easy_new,ours_refined,0.9000679809653297,1.0774983004758667,2942,2025-08-08T12:01:27,sweep_sizenew,53,0.1,10000,9000,1.0,0.0,0.0,0.5,[0.5],0.5,1.0,-1.0,0.0,0.8,-0.8,0.0,0.5,score
hard_new,ours_refined,0.8953786906290115,1.107188703465982,1558,2025-08-08T12:01:27,sweep_sizenew,53,0.1,10000,9000,1.0,0.0,0.0,0.5,[0.5],0.5,1.0,-1.0,0.0,0.8,-0.8,0.0,0.5,score
overall,ours_refined,0.9,1.0934285714285714,3500,2025-08-08T12:01:27,sweep_sizenew,65,0.1,10000,7000,1.0,0.0,0.0,0.5,[0.5],0.5,1.0,-1.0,0.0,0.8,-0.8,0.0,0.5,score
easy_new,ours_refined,0.8990073370738023,1.087181700474752,2317,2025-08-08T12:01:27,sweep_sizenew,65,0.1,10000,7000,1.0,0.0,0.0,0.5,[0.5],0.5,1.0,-1.0,0.0,0.8,-0.8,0.0,0.5,score
hard_new,ours_refined,0.9019442096365173,1.1056635672020287,1183,2025-08-08T12:01:27,sweep_sizenew,65,0.1,10000,7000,1.0,0.0,0.0,0.5,[0.5],0.5,1.0,-1.0,0.0,0.8,-0.8,0.0,0.5,score
overall,ours_refined,0.8974285714285715,1.0762857142857143,3500,2025-08-08T12:01:27,sweep_sizenew,66,0.1,10000,7000,1.0,0.0,0.0,0.5,[0.5],0.5,1.0,-1.0,0.0,0.8,-0.8,0.0,0.5,score
easy_new,ours_refined,0.8969938107869142,1.0654288240495138,2262,2025-08-08T12:01:27,sweep_sizenew,66,0.1,10000,7000,1.0,0.0,0.0,0.5,[0.5],0.5,1.0,-1.0,0.0,0.8,-0.8,0.0,0.5,score
hard_new,ours_refined,0.8982229402261712,1.0961227786752827,1238,2025-08-08T12:01:27,sweep_sizenew,66,0.1,10000,7000,1.0,0.0,0.0,0.5,[0.5],0.5,1.0,-1.0,0.0,0.8,-0.8,0.0,0.5,score
overall,ours_refined,0.9094,1.099,5000,2025-08-08T12:01:27,sweep_sizenew,43,0.1,10000,10000,1.0,0.0,0.0,0.5,[0.5],0.5,1.0,-1.0,0.0,0.8,-0.8,0.0,0.5,score
easy_new,ours_refined,0.9117291414752116,1.0876662636033858,3308,2025-08-08T12:01:27,sweep_sizenew,43,0.1,10000,10000,1.0,0.0,0.0,0.5,[0.5],0.5,1.0,-1.0,0.0,0.8,-0.8,0.0,0.5,score
hard_new,ours_refined,0.9048463356973995,1.1211583924349882,1692,2025-08-08T12:01:27,sweep_sizenew,43,0.1,10000,10000,1.0,0.0,0.0,0.5,[0.5],0.5,1.0,-1.0,0.0,0.8,-0.8,0.0,0.5,score
overall,ours_refined,0.8988,1.1002,5000,2025-08-08T12:01:27,sweep_sizenew,44,0.1,10000,10000,1.0,0.0,0.0,0.5,[0.5],0.5,1.0,-1.0,0.0,0.8,-0.8,0.0,0.5,score
easy_new,ours_refined,0.9008264462809917,1.0896847260483624,3267,2025-08-08T12:01:27,sweep_sizenew,44,0.1,10000,10000,1.0,0.0,0.0,0.5,[0.5],0.5,1.0,-1.0,0.0,0.8,-0.8,0.0,0.5,score
hard_new,ours_refined,0.8949798038084247,1.1200230813618004,1733,2025-08-08T12:01:27,sweep_sizenew,44,0.1,10000,10000,1.0,0.0,0.0,0.5,[0.5],0.5,1.0,-1.0,0.0,0.8,-0.8,0.0,0.5,score
overall,ours_refined,0.9042222222222223,1.1026666666666667,4500,2025-08-08T12:01:28,sweep_sizenew,50,0.1,10000,9000,1.0,0.0,0.0,0.5,[0.5],0.5,1.0,-1.0,0.0,0.8,-0.8,0.0,0.5,score
easy_new,ours_refined,0.9109380291229259,1.095496105655266,2953,2025-08-08T12:01:28,sweep_sizenew,50,0.1,10000,9000,1.0,0.0,0.0,0.5,[0.5],0.5,1.0,-1.0,0.0,0.8,-0.8,0.0,0.5,score
hard_new,ours_refined,0.8914027149321267,1.1163542340012929,1547,2025-08-08T12:01:28,sweep_sizenew,50,0.1,10000,9000,1.0,0.0,0.0,0.5,[0.5],0.5,1.0,-1.0,0.0,0.8,-0.8,0.0,0.5,score
overall,ours_refined,0.90475,1.0805,4000,2025-08-08T12:01:28,sweep_sizenew,57,0.1,10000,8000,1.0,0.0,0.0,0.5,[0.5],0.5,1.0,-1.0,0.0,0.8,-0.8,0.0,0.5,score
easy_new,ours_refined,0.9102852852852853,1.0765765765765767,2664,2025-08-08T12:01:28,sweep_sizenew,57,0.1,10000,8000,1.0,0.0,0.0,0.5,[0.5],0.5,1.0,-1.0,0.0,0.8,-0.8,0.0,0.5,score
hard_new,ours_refined,0.8937125748502994,1.0883233532934131,1336,2025-08-08T12:01:28,sweep_sizenew,57,0.1,10000,8000,1.0,0.0,0.0,0.5,[0.5],0.5,1.0,-1.0,0.0,0.8,-0.8,0.0,0.5,score
overall,ours_refined,0.8935,1.09025,4000,2025-08-08T12:01:28,sweep_sizenew,74,0.1,10000,8000,1.0,0.0,0.0,0.5,[0.5],0.5,1.0,-1.0,0.0,0.8,-0.8,0.0,0.5,score
easy_new,ours_refined,0.8986964618249534,1.0916201117318436,2685,2025-08-08T12:01:28,sweep_sizenew,74,0.1,10000,8000,1.0,0.0,0.0,0.5,[0.5],0.5,1.0,-1.0,0.0,0.8,-0.8,0.0,0.5,score
hard_new,ours_refined,0.8828897338403042,1.0874524714828897,1315,2025-08-08T12:01:28,sweep_sizenew,74,0.1,10000,8000,1.0,0.0,0.0,0.5,[0.5],0.5,1.0,-1.0,0.0,0.8,-0.8,0.0,0.5,score
overall,ours_refined,0.9124,1.1044,2500,2025-08-08T12:01:29,sweep_sizenew,97,0.1,10000,5000,1.0,0.0,0.0,0.5,[0.5],0.5,1.0,-1.0,0.0,0.8,-0.8,0.0,0.5,score
easy_new,ours_refined,0.9145299145299145,1.0934065934065933,1638,2025-08-08T12:01:29,sweep_sizenew,97,0.1,10000,5000,1.0,0.0,0.0,0.5,[0.5],0.5,1.0,-1.0,0.0,0.8,-0.8,0.0,0.5,score
hard_new,ours_refined,0.9083526682134571,1.1252900232018561,862,2025-08-08T12:01:29,sweep_sizenew,97,0.1,10000,5000,1.0,0.0,0.0,0.5,[0.5],0.5,1.0,-1.0,0.0,0.8,-0.8,0.0,0.5,score
overall,ours_refined,0.9,1.0825,4000,2025-08-08T12:01:29,sweep_sizenew,52,0.1,10000,8000,1.0,0.0,0.0,0.5,[0.5],0.5,1.0,-1.0,0.0,0.8,-0.8,0.0,0.5,score
easy_new,ours_refined,0.9053435114503817,1.0797709923664123,2620,2025-08-08T12:01:29,sweep_sizenew,52,0.1,10000,8000,1.0,0.0,0.0,0.5,[0.5],0.5,1.0,-1.0,0.0,0.8,-0.8,0.0,0.5,score
hard_new,ours_refined,0.8898550724637682,1.0876811594202898,1380,2025-08-08T12:01:29,sweep_sizenew,52,0.1,10000,8000,1.0,0.0,0.0,0.5,[0.5],0.5,1.0,-1.0,0.0,0.8,-0.8,0.0,0.5,score
overall,ours_refined,0.89,1.0685,4000,2025-08-08T12:01:29,sweep_sizenew,73,0.1,10000,8000,1.0,0.0,0.0,0.5,[0.5],0.5,1.0,-1.0,0.0,0.8,-0.8,0.0,0.5,score
easy_new,ours_refined,0.8947368421052632,1.054953560371517,2584,2025-08-08T12:01:29,sweep_sizenew,73,0.1,10000,8000,1.0,0.0,0.0,0.5,[0.5],0.5,1.0,-1.0,0.0,0.8,-0.8,0.0,0.5,score
hard_new,ours_refined,0.8813559322033898,1.0932203389830508,1416,2025-08-08T12:01:29,sweep_sizenew,73,0.1,10000,8000,1.0,0.0,0.0,0.5,[0.5],0.5,1.0,-1.0,0.0,0.8,-0.8,0.0,0.5,score
overall,ours_refined,0.902,1.0813333333333333,1500,2025-08-08T12:01:30,sweep_sizenew,61,0.1,10000,3000,1.0,0.0,0.0,0.5,[0.5],0.5,1.0,-1.0,0.0,0.8,-0.8,0.0,0.5,score
easy_new,ours_refined,0.9097510373443983,1.070539419087137,964,2025-08-08T12:01:30,sweep_sizenew,61,0.1,10000,3000,1.0,0.0,0.0,0.5,[0.5],0.5,1.0,-1.0,0.0,0.8,-0.8,0.0,0.5,score
hard_new,ours_refined,0.8880597014925373,1.1007462686567164,536,2025-08-08T12:01:30,sweep_sizenew,61,0.1,10000,3000,1.0,0.0,0.0,0.5,[0.5],0.5,1.0,-1.0,0.0,0.8,-0.8,0.0,0.5,score
overall,ours_refined,0.8926666666666667,1.0613333333333332,1500,2025-08-08T12:01:31,sweep_sizenew,62,0.1,10000,3000,1.0,0.0,0.0,0.5,[0.5],0.5,1.0,-1.0,0.0,0.8,-0.8,0.0,0.5,score
easy_new,ours_refined,0.8862944162436548,1.0609137055837563,985,2025-08-08T12:01:31,sweep_sizenew,62,0.1,10000,3000,1.0,0.0,0.0,0.5,[0.5],0.5,1.0,-1.0,0.0,0.8,-0.8,0.0,0.5,score
hard_new,ours_refined,0.9048543689320389,1.062135922330097,515,2025-08-08T12:01:31,sweep_sizenew,62,0.1,10000,3000,1.0,0.0,0.0,0.5,[0.5],0.5,1.0,-1.0,0.0,0.8,-0.8,0.0,0.5,score
overall,ours_refined,0.90575,1.09225,4000,2025-08-08T12:01:32,sweep_sizenew,77,0.1,10000,8000,1.0,0.0,0.0,0.5,[0.5],0.5,1.0,-1.0,0.0,0.8,-0.8,0.0,0.5,score
easy_new,ours_refined,0.9083395942900075,1.0815176558978212,2662,2025-08-08T12:01:32,sweep_sizenew,77,0.1,10000,8000,1.0,0.0,0.0,0.5,[0.5],0.5,1.0,-1.0,0.0,0.8,-0.8,0.0,0.5,score
hard_new,ours_refined,0.9005979073243647,1.1136023916292974,1338,2025-08-08T12:01:32,sweep_sizenew,77,0.1,10000,8000,1.0,0.0,0.0,0.5,[0.5],0.5,1.0,-1.0,0.0,0.8,-0.8,0.0,0.5,score
overall,ours_refined,0.8903333333333333,1.0866666666666667,3000,2025-08-08T12:01:32,sweep_sizenew,98,0.1,10000,6000,1.0,0.0,0.0,0.5,[0.5],0.5,1.0,-1.0,0.0,0.8,-0.8,0.0,0.5,score
easy_new,ours_refined,0.9005442850074221,1.0752102919346858,2021,2025-08-08T12:01:32,sweep_sizenew,98,0.1,10000,6000,1.0,0.0,0.0,0.5,[0.5],0.5,1.0,-1.0,0.0,0.8,-0.8,0.0,0.5,score
hard_new,ours_refined,0.8692543411644535,1.1103166496424923,979,2025-08-08T12:01:32,sweep_sizenew,98,0.1,10000,6000,1.0,0.0,0.0,0.5,[0.5],0.5,1.0,-1.0,0.0,0.8,-0.8,0.0,0.5,score
overall,ours_refined,0.924,1.112,500,2025-08-08T12:01:32,sweep_sizenew,54,0.1,10000,1000,1.0,0.0,0.0,0.5,[0.5],0.5,1.0,-1.0,0.0,0.8,-0.8,0.0,0.5,score
easy_new,ours_refined,0.9256965944272446,1.0959752321981424,323,2025-08-08T12:01:32,sweep_sizenew,54,0.1,10000,1000,1.0,0.0,0.0,0.5,[0.5],0.5,1.0,-1.0,0.0,0.8,-0.8,0.0,0.5,score
hard_new,ours_refined,0.9209039548022598,1.1412429378531073,177,2025-08-08T12:01:32,sweep_sizenew,54,0.1,10000,1000,1.0,0.0,0.0,0.5,[0.5],0.5,1.0,-1.0,0.0,0.8,-0.8,0.0,0.5,score
overall,ours_refined,0.8973333333333333,1.103,3000,2025-08-08T12:01:32,sweep_sizenew,99,0.1,10000,6000,1.0,0.0,0.0,0.5,[0.5],0.5,1.0,-1.0,0.0,0.8,-0.8,0.0,0.5,score
easy_new,ours_refined,0.9063304168811117,1.092125579001544,1943,2025-08-08T12:01:32,sweep_sizenew,99,0.1,10000,6000,1.0,0.0,0.0,0.5,[0.5],0.5,1.0,-1.0,0.0,0.8,-0.8,0.0,0.5,score
hard_new,ours_refined,0.8807947019867549,1.1229895931882687,1057,2025-08-08T12:01:32,sweep_sizenew,99,0.1,10000,6000,1.0,0.0,0.0,0.5,[0.5],0.5,1.0,-1.0,0.0,0.8,-0.8,0.0,0.5,score
overall,ours_refined,0.9073333333333333,1.1113333333333333,3000,2025-08-08T12:01:33,sweep_sizenew,100,0.1,10000,6000,1.0,0.0,0.0,0.5,[0.5],0.5,1.0,-1.0,0.0,0.8,-0.8,0.0,0.5,score
easy_new,ours_refined,0.9136546184738956,1.1004016064257027,1992,2025-08-08T12:01:33,sweep_sizenew,100,0.1,10000,6000,1.0,0.0,0.0,0.5,[0.5],0.5,1.0,-1.0,0.0,0.8,-0.8,0.0,0.5,score
hard_new,ours_refined,0.8948412698412699,1.132936507936508,1008,2025-08-08T12:01:33,sweep_sizenew,100,0.1,10000,6000,1.0,0.0,0.0,0.5,[0.5],0.5,1.0,-1.0,0.0,0.8,-0.8,0.0,0.5,score
overall,ours_refined,0.90625,1.0905,4000,2025-08-08T12:01:33,sweep_sizenew,76,0.1,10000,8000,1.0,0.0,0.0,0.5,[0.5],0.5,1.0,-1.0,0.0,0.8,-0.8,0.0,0.5,score
easy_new,ours_refined,0.904797884397431,1.0819795995466566,2647,2025-08-08T12:01:33,sweep_sizenew,76,0.1,10000,8000,1.0,0.0,0.0,0.5,[0.5],0.5,1.0,-1.0,0.0,0.8,-0.8,0.0,0.5,score
hard_new,ours_refined,0.9090909090909091,1.107169253510717,1353,2025-08-08T12:01:33,sweep_sizenew,76,0.1,10000,8000,1.0,0.0,0.0,0.5,[0.5],0.5,1.0,-1.0,0.0,0.8,-0.8,0.0,0.5,score
overall,ours_refined,0.9008,1.0988,5000,2025-08-08T12:01:33,sweep_sizenew,33,0.1,10000,10000,1.0,0.0,0.0,0.5,[0.5],0.5,1.0,-1.0,0.0,0.8,-0.8,0.0,0.5,score
easy_new,ours_refined,0.9013706793802145,1.0893921334922527,3356,2025-08-08T12:01:33,sweep_sizenew,33,0.1,10000,10000,1.0,0.0,0.0,0.5,[0.5],0.5,1.0,-1.0,0.0,0.8,-0.8,0.0,0.5,score
hard_new,ours_refined,0.8996350364963503,1.1180048661800486,1644,2025-08-08T12:01:33,sweep_sizenew,33,0.1,10000,10000,1.0,0.0,0.0,0.5,[0.5],0.5,1.0,-1.0,0.0,0.8,-0.8,0.0,0.5,score
overall,ours_refined,0.8925,1.0925,4000,2025-08-08T12:01:33,sweep_sizenew,26,0.1,10000,8000,1.0,0.0,0.0,0.5,[0.5],0.5,1.0,-1.0,0.0,0.8,-0.8,0.0,0.5,score
easy_new,ours_refined,0.8979357798165137,1.08065749235474,2616,2025-08-08T12:01:33,sweep_sizenew,26,0.1,10000,8000,1.0,0.0,0.0,0.5,[0.5],0.5,1.0,-1.0,0.0,0.8,-0.8,0.0,0.5,score
hard_new,ours_refined,0.8822254335260116,1.114884393063584,1384,2025-08-08T12:01:33,sweep_sizenew,26,0.1,10000,8000,1.0,0.0,0.0,0.5,[0.5],0.5,1.0,-1.0,0.0,0.8,-0.8,0.0,0.5,score
overall,ours_refined,0.90575,1.10775,4000,2025-08-08T12:01:34,sweep_sizenew,75,0.1,10000,8000,1.0,0.0,0.0,0.5,[0.5],0.5,1.0,-1.0,0.0,0.8,-0.8,0.0,0.5,score
easy_new,ours_refined,0.9087773093139134,1.088922958988118,2609,2025-08-08T12:01:34,sweep_sizenew,75,0.1,10000,8000,1.0,0.0,0.0,0.5,[0.5],0.5,1.0,-1.0,0.0,0.8,-0.8,0.0,0.5,score
hard_new,ours_refined,0.9000718907260963,1.1430625449317038,1391,2025-08-08T12:01:34,sweep_sizenew,75,0.1,10000,8000,1.0,0.0,0.0,0.5,[0.5],0.5,1.0,-1.0,0.0,0.8,-0.8,0.0,0.5,score
overall,ours_refined,0.8884444444444445,1.0791111111111111,4500,2025-08-08T12:01:34,sweep_sizenew,84,0.1,10000,9000,1.0,0.0,0.0,0.5,[0.5],0.5,1.0,-1.0,0.0,0.8,-0.8,0.0,0.5,score
easy_new,ours_refined,0.8876139048261896,1.070874114073574,2963,2025-08-08T12:01:34,sweep_sizenew,84,0.1,10000,9000,1.0,0.0,0.0,0.5,[0.5],0.5,1.0,-1.0,0.0,0.8,-0.8,0.0,0.5,score
hard_new,ours_refined,0.8900455432661027,1.0949902407286922,1537,2025-08-08T12:01:34,sweep_sizenew,84,0.1,10000,9000,1.0,0.0,0.0,0.5,[0.5],0.5,1.0,-1.0,0.0,0.8,-0.8,0.0,0.5,score
overall,ours_refined,0.91,1.0953333333333333,4500,2025-08-08T12:01:34,sweep_sizenew,95,0.1,10000,9000,1.0,0.0,0.0,0.5,[0.5],0.5,1.0,-1.0,0.0,0.8,-0.8,0.0,0.5,score
easy_new,ours_refined,0.9104066161268091,1.0809786354238455,2902,2025-08-08T12:01:34,sweep_sizenew,95,0.1,10000,9000,1.0,0.0,0.0,0.5,[0.5],0.5,1.0,-1.0,0.0,0.8,-0.8,0.0,0.5,score
hard_new,ours_refined,0.909261576971214,1.1214017521902377,1598,2025-08-08T12:01:34,sweep_sizenew,95,0.1,10000,9000,1.0,0.0,0.0,0.5,[0.5],0.5,1.0,-1.0,0.0,0.8,-0.8,0.0,0.5,score
overall,ours_refined,0.8888888888888888,1.0728888888888888,4500,2025-08-08T12:01:34,sweep_sizenew,58,0.1,10000,9000,1.0,0.0,0.0,0.5,[0.5],0.5,1.0,-1.0,0.0,0.8,-0.8,0.0,0.5,score
easy_new,ours_refined,0.893760539629005,1.0661045531197302,2965,2025-08-08T12:01:34,sweep_sizenew,58,0.1,10000,9000,1.0,0.0,0.0,0.5,[0.5],0.5,1.0,-1.0,0.0,0.8,-0.8,0.0,0.5,score
hard_new,ours_refined,0.8794788273615635,1.0859934853420194,1535,2025-08-08T12:01:34,sweep_sizenew,58,0.1,10000,9000,1.0,0.0,0.0,0.5,[0.5],0.5,1.0,-1.0,0.0,0.8,-0.8,0.0,0.5,score
overall,ours_refined,0.904,1.1,4500,2025-08-08T12:01:34,sweep_sizenew,89,0.1,10000,9000,1.0,0.0,0.0,0.5,[0.5],0.5,1.0,-1.0,0.0,0.8,-0.8,0.0,0.5,score
easy_new,ours_refined,0.9084791386271871,1.0874831763122477,2972,2025-08-08T12:01:34,sweep_sizenew,89,0.1,10000,9000,1.0,0.0,0.0,0.5,[0.5],0.5,1.0,-1.0,0.0,0.8,-0.8,0.0,0.5,score
hard_new,ours_refined,0.8952879581151832,1.12434554973822,1528,2025-08-08T12:01:34,sweep_sizenew,89,0.1,10000,9000,1.0,0.0,0.0,0.5,[0.5],0.5,1.0,-1.0,0.0,0.8,-0.8,0.0,0.5,score
overall,ours_refined,0.9126666666666666,1.1015555555555556,4500,2025-08-08T12:01:34,sweep_sizenew,91,0.1,10000,9000,1.0,0.0,0.0,0.5,[0.5],0.5,1.0,-1.0,0.0,0.8,-0.8,0.0,0.5,score
easy_new,ours_refined,0.9173497267759563,1.0901639344262295,2928,2025-08-08T12:01:34,sweep_sizenew,91,0.1,10000,9000,1.0,0.0,0.0,0.5,[0.5],0.5,1.0,-1.0,0.0,0.8,-0.8,0.0,0.5,score
hard_new,ours_refined,0.9039440203562341,1.1227735368956744,1572,2025-08-08T12:01:34,sweep_sizenew,91,0.1,10000,9000,1.0,0.0,0.0,0.5,[0.5],0.5,1.0,-1.0,0.0,0.8,-0.8,0.0,0.5,score
overall,ours_refined,0.8908571428571429,1.0722857142857143,3500,2025-08-08T12:01:34,sweep_sizenew,59,0.1,10000,7000,1.0,0.0,0.0,0.5,[0.5],0.5,1.0,-1.0,0.0,0.8,-0.8,0.0,0.5,score
easy_new,ours_refined,0.893569844789357,1.057649667405765,2255,2025-08-08T12:01:34,sweep_sizenew,59,0.1,10000,7000,1.0,0.0,0.0,0.5,[0.5],0.5,1.0,-1.0,0.0,0.8,-0.8,0.0,0.5,score
hard_new,ours_refined,0.8859437751004016,1.0987951807228915,1245,2025-08-08T12:01:34,sweep_sizenew,59,0.1,10000,7000,1.0,0.0,0.0,0.5,[0.5],0.5,1.0,-1.0,0.0,0.8,-0.8,0.0,0.5,score
overall,ours_refined,0.9022222222222223,1.0933333333333333,4500,2025-08-08T12:01:34,sweep_sizenew,93,0.1,10000,9000,1.0,0.0,0.0,0.5,[0.5],0.5,1.0,-1.0,0.0,0.8,-0.8,0.0,0.5,score
easy_new,ours_refined,0.9026579219882637,1.0831895063859165,2897,2025-08-08T12:01:34,sweep_sizenew,93,0.1,10000,9000,1.0,0.0,0.0,0.5,[0.5],0.5,1.0,-1.0,0.0,0.8,-0.8,0.0,0.5,score
hard_new,ours_refined,0.9014348097317529,1.1116656269494698,1603,2025-08-08T12:01:34,sweep_sizenew,93,0.1,10000,9000,1.0,0.0,0.0,0.5,[0.5],0.5,1.0,-1.0,0.0,0.8,-0.8,0.0,0.5,score
overall,ours_refined,0.9025,1.09875,4000,2025-08-08T12:01:34,sweep_sizenew,67,0.1,10000,8000,1.0,0.0,0.0,0.5,[0.5],0.5,1.0,-1.0,0.0,0.8,-0.8,0.0,0.5,score
easy_new,ours_refined,0.9082361790146671,1.0902594960511471,2659,2025-08-08T12:01:34,sweep_sizenew,67,0.1,10000,8000,1.0,0.0,0.0,0.5,[0.5],0.5,1.0,-1.0,0.0,0.8,-0.8,0.0,0.5,score
hard_new,ours_refined,0.8911260253542133,1.1155853840417598,1341,2025-08-08T12:01:34,sweep_sizenew,67,0.1,10000,8000,1.0,0.0,0.0,0.5,[0.5],0.5,1.0,-1.0,0.0,0.8,-0.8,0.0,0.5,score
overall,ours_refined,0.8862222222222222,1.0673333333333332,4500,2025-08-08T12:01:34,sweep_sizenew,94,0.1,10000,9000,1.0,0.0,0.0,0.5,[0.5],0.5,1.0,-1.0,0.0,0.8,-0.8,0.0,0.5,score
easy_new,ours_refined,0.8978549540347294,1.0619679945522642,2937,2025-08-08T12:01:34,sweep_sizenew,94,0.1,10000,9000,1.0,0.0,0.0,0.5,[0.5],0.5,1.0,-1.0,0.0,0.8,-0.8,0.0,0.5,score
hard_new,ours_refined,0.8643634037108126,1.0774152271273192,1563,2025-08-08T12:01:34,sweep_sizenew,94,0.1,10000,9000,1.0,0.0,0.0,0.5,[0.5],0.5,1.0,-1.0,0.0,0.8,-0.8,0.0,0.5,score
overall,ours_refined,0.9015555555555556,1.0988888888888888,4500,2025-08-08T12:01:34,sweep_sizenew,92,0.1,10000,9000,1.0,0.0,0.0,0.5,[0.5],0.5,1.0,-1.0,0.0,0.8,-0.8,0.0,0.5,score
easy_new,ours_refined,0.90598862495818,1.0856473737035799,2989,2025-08-08T12:01:34,sweep_sizenew,92,0.1,10000,9000,1.0,0.0,0.0,0.5,[0.5],0.5,1.0,-1.0,0.0,0.8,-0.8,0.0,0.5,score
hard_new,ours_refined,0.8927862342819325,1.1250827266710788,1511,2025-08-08T12:01:34,sweep_sizenew,92,0.1,10000,9000,1.0,0.0,0.0,0.5,[0.5],0.5,1.0,-1.0,0.0,0.8,-0.8,0.0,0.5,score
overall,ours_refined,0.9057777777777778,1.0933333333333333,4500,2025-08-08T12:01:34,sweep_sizenew,96,0.1,10000,9000,1.0,0.0,0.0,0.5,[0.5],0.5,1.0,-1.0,0.0,0.8,-0.8,0.0,0.5,score
easy_new,ours_refined,0.902488231338265,1.0796906523201075,2974,2025-08-08T12:01:34,sweep_sizenew,96,0.1,10000,9000,1.0,0.0,0.0,0.5,[0.5],0.5,1.0,-1.0,0.0,0.8,-0.8,0.0,0.5,score
hard_new,ours_refined,0.9121887287024901,1.119921363040629,1526,2025-08-08T12:01:34,sweep_sizenew,96,0.1,10000,9000,1.0,0.0,0.0,0.5,[0.5],0.5,1.0,-1.0,0.0,0.8,-0.8,0.0,0.5,score
overall,ours_refined,0.9082222222222223,1.0951111111111111,4500,2025-08-08T12:01:35,sweep_sizenew,88,0.1,10000,9000,1.0,0.0,0.0,0.5,[0.5],0.5,1.0,-1.0,0.0,0.8,-0.8,0.0,0.5,score
easy_new,ours_refined,0.9148580968280468,1.0831385642737896,2995,2025-08-08T12:01:35,sweep_sizenew,88,0.1,10000,9000,1.0,0.0,0.0,0.5,[0.5],0.5,1.0,-1.0,0.0,0.8,-0.8,0.0,0.5,score
hard_new,ours_refined,0.8950166112956811,1.1189368770764119,1505,2025-08-08T12:01:35,sweep_sizenew,88,0.1,10000,9000,1.0,0.0,0.0,0.5,[0.5],0.5,1.0,-1.0,0.0,0.8,-0.8,0.0,0.5,score
overall,ours_refined,0.9022222222222223,1.0873333333333333,4500,2025-08-08T12:01:35,sweep_sizenew,87,0.1,10000,9000,1.0,0.0,0.0,0.5,[0.5],0.5,1.0,-1.0,0.0,0.8,-0.8,0.0,0.5,score
easy_new,ours_refined,0.9075885328836425,1.0779089376053963,2965,2025-08-08T12:01:35,sweep_sizenew,87,0.1,10000,9000,1.0,0.0,0.0,0.5,[0.5],0.5,1.0,-1.0,0.0,0.8,-0.8,0.0,0.5,score
hard_new,ours_refined,0.89185667752443,1.1055374592833875,1535,2025-08-08T12:01:35,sweep_sizenew,87,0.1,10000,9000,1.0,0.0,0.0,0.5,[0.5],0.5,1.0,-1.0,0.0,0.8,-0.8,0.0,0.5,score
overall,ours_refined,0.90125,1.096,4000,2025-08-08T12:01:35,sweep_sizenew,68,0.1,10000,8000,1.0,0.0,0.0,0.5,[0.5],0.5,1.0,-1.0,0.0,0.8,-0.8,0.0,0.5,score
easy_new,ours_refined,0.9072321090496024,1.0867095797046573,2641,2025-08-08T12:01:35,sweep_sizenew,68,0.1,10000,8000,1.0,0.0,0.0,0.5,[0.5],0.5,1.0,-1.0,0.0,0.8,-0.8,0.0,0.5,score
hard_new,ours_refined,0.8896247240618101,1.1140544518027962,1359,2025-08-08T12:01:35,sweep_sizenew,68,0.1,10000,8000,1.0,0.0,0.0,0.5,[0.5],0.5,1.0,-1.0,0.0,0.8,-0.8,0.0,0.5,score
overall,ours_refined,0.8988888888888888,1.0873333333333333,4500,2025-08-08T12:01:35,sweep_sizenew,90,0.1,10000,9000,1.0,0.0,0.0,0.5,[0.5],0.5,1.0,-1.0,0.0,0.8,-0.8,0.0,0.5,score
easy_new,ours_refined,0.8982420554428668,1.0818120351588911,2958,2025-08-08T12:01:35,sweep_sizenew,90,0.1,10000,9000,1.0,0.0,0.0,0.5,[0.5],0.5,1.0,-1.0,0.0,0.8,-0.8,0.0,0.5,score
hard_new,ours_refined,0.9001297016861219,1.0979247730220494,1542,2025-08-08T12:01:35,sweep_sizenew,90,0.1,10000,9000,1.0,0.0,0.0,0.5,[0.5],0.5,1.0,-1.0,0.0,0.8,-0.8,0.0,0.5,score
overall,ours_refined,0.9024,1.0942,5000,2025-08-08T12:01:35,sweep_sizenew,80,0.1,10000,10000,1.0,0.0,0.0,0.5,[0.5],0.5,1.0,-1.0,0.0,0.8,-0.8,0.0,0.5,score
easy_new,ours_refined,0.9096909690969097,1.0786078607860785,3333,2025-08-08T12:01:35,sweep_sizenew,80,0.1,10000,10000,1.0,0.0,0.0,0.5,[0.5],0.5,1.0,-1.0,0.0,0.8,-0.8,0.0,0.5,score
hard_new,ours_refined,0.8878224355128974,1.125374925014997,1667,2025-08-08T12:01:35,sweep_sizenew,80,0.1,10000,10000,1.0,0.0,0.0,0.5,[0.5],0.5,1.0,-1.0,0.0,0.8,-0.8,0.0,0.5,score
overall,ours_refined,0.9034,1.0804,5000,2025-08-08T12:01:35,sweep_sizenew,79,0.1,10000,10000,1.0,0.0,0.0,0.5,[0.5],0.5,1.0,-1.0,0.0,0.8,-0.8,0.0,0.5,score
easy_new,ours_refined,0.9087928464977645,1.0697466467958272,3355,2025-08-08T12:01:35,sweep_sizenew,79,0.1,10000,10000,1.0,0.0,0.0,0.5,[0.5],0.5,1.0,-1.0,0.0,0.8,-0.8,0.0,0.5,score
hard_new,ours_refined,0.8924012158054712,1.102127659574468,1645,2025-08-08T12:01:35,sweep_sizenew,79,0.1,10000,10000,1.0,0.0,0.0,0.5,[0.5],0.5,1.0,-1.0,0.0,0.8,-0.8,0.0,0.5,score
overall,ours_refined,0.8817142857142857,1.0757142857142856,3500,2025-08-08T12:01:35,sweep_sizenew,60,0.1,10000,7000,1.0,0.0,0.0,0.5,[0.5],0.5,1.0,-1.0,0.0,0.8,-0.8,0.0,0.5,score
easy_new,ours_refined,0.8807218309859155,1.0682218309859155,2272,2025-08-08T12:01:35,sweep_sizenew,60,0.1,10000,7000,1.0,0.0,0.0,0.5,[0.5],0.5,1.0,-1.0,0.0,0.8,-0.8,0.0,0.5,score
hard_new,ours_refined,0.8835504885993485,1.0895765472312704,1228,2025-08-08T12:01:35,sweep_sizenew,60,0.1,10000,7000,1.0,0.0,0.0,0.5,[0.5],0.5,1.0,-1.0,0.0,0.8,-0.8,0.0,0.5,score
overall,ours_refined,0.8913333333333333,1.0796666666666668,3000,2025-08-08T12:01:35,sweep_sizenew,63,0.1,10000,6000,1.0,0.0,0.0,0.5,[0.5],0.5,1.0,-1.0,0.0,0.8,-0.8,0.0,0.5,score
easy_new,ours_refined,0.8863523573200992,1.0704714640198512,2015,2025-08-08T12:01:35,sweep_sizenew,63,0.1,10000,6000,1.0,0.0,0.0,0.5,[0.5],0.5,1.0,-1.0,0.0,0.8,-0.8,0.0,0.5,score
hard_new,ours_refined,0.9015228426395939,1.0984771573604062,985,2025-08-08T12:01:35,sweep_sizenew,63,0.1,10000,6000,1.0,0.0,0.0,0.5,[0.5],0.5,1.0,-1.0,0.0,0.8,-0.8,0.0,0.5,score
overall,ours_refined,0.8962222222222223,1.0842222222222222,4500,2025-08-08T12:01:35,sweep_sizenew,72,0.1,10000,9000,1.0,0.0,0.0,0.5,[0.5],0.5,1.0,-1.0,0.0,0.8,-0.8,0.0,0.5,score
easy_new,ours_refined,0.8945578231292517,1.079591836734694,2940,2025-08-08T12:01:35,sweep_sizenew,72,0.1,10000,9000,1.0,0.0,0.0,0.5,[0.5],0.5,1.0,-1.0,0.0,0.8,-0.8,0.0,0.5,score
hard_new,ours_refined,0.8993589743589744,1.0929487179487178,1560,2025-08-08T12:01:35,sweep_sizenew,72,0.1,10000,9000,1.0,0.0,0.0,0.5,[0.5],0.5,1.0,-1.0,0.0,0.8,-0.8,0.0,0.5,score
overall,ours_refined,0.902,1.0797777777777777,4500,2025-08-08T12:01:35,sweep_sizenew,85,0.1,10000,9000,1.0,0.0,0.0,0.5,[0.5],0.5,1.0,-1.0,0.0,0.8,-0.8,0.0,0.5,score
easy_new,ours_refined,0.902530779753762,1.0714774281805746,2924,2025-08-08T12:01:35,sweep_sizenew,85,0.1,10000,9000,1.0,0.0,0.0,0.5,[0.5],0.5,1.0,-1.0,0.0,0.8,-0.8,0.0,0.5,score
hard_new,ours_refined,0.9010152284263959,1.0951776649746192,1576,2025-08-08T12:01:35,sweep_sizenew,85,0.1,10000,9000,1.0,0.0,0.0,0.5,[0.5],0.5,1.0,-1.0,0.0,0.8,-0.8,0.0,0.5,score
overall,ours_refined,0.9106666666666666,1.1228888888888888,4500,2025-08-08T12:01:35,sweep_sizenew,56,0.1,10000,9000,1.0,0.0,0.0,0.5,[0.5],0.5,1.0,-1.0,0.0,0.8,-0.8,0.0,0.5,score
easy_new,ours_refined,0.9169772958319213,1.111148763131142,2951,2025-08-08T12:01:35,sweep_sizenew,56,0.1,10000,9000,1.0,0.0,0.0,0.5,[0.5],0.5,1.0,-1.0,0.0,0.8,-0.8,0.0,0.5,score
hard_new,ours_refined,0.8986442866365397,1.145255003227889,1549,2025-08-08T12:01:35,sweep_sizenew,56,0.1,10000,9000,1.0,0.0,0.0,0.5,[0.5],0.5,1.0,-1.0,0.0,0.8,-0.8,0.0,0.5,score
overall,ours_refined,0.8986666666666666,1.0775555555555556,4500,2025-08-08T12:01:35,sweep_sizenew,69,0.1,10000,9000,1.0,0.0,0.0,0.5,[0.5],0.5,1.0,-1.0,0.0,0.8,-0.8,0.0,0.5,score
easy_new,ours_refined,0.9049712546499831,1.0629015894487657,2957,2025-08-08T12:01:35,sweep_sizenew,69,0.1,10000,9000,1.0,0.0,0.0,0.5,[0.5],0.5,1.0,-1.0,0.0,0.8,-0.8,0.0,0.5,score
hard_new,ours_refined,0.8865845755022683,1.1056383668178873,1543,2025-08-08T12:01:35,sweep_sizenew,69,0.1,10000,9000,1.0,0.0,0.0,0.5,[0.5],0.5,1.0,-1.0,0.0,0.8,-0.8,0.0,0.5,score
overall,ours_refined,0.8993333333333333,1.0862222222222222,4500,2025-08-08T12:01:36,sweep_sizenew,86,0.1,10000,9000,1.0,0.0,0.0,0.5,[0.5],0.5,1.0,-1.0,0.0,0.8,-0.8,0.0,0.5,score
easy_new,ours_refined,0.9050222070379228,1.0813119234711308,2927,2025-08-08T12:01:36,sweep_sizenew,86,0.1,10000,9000,1.0,0.0,0.0,0.5,[0.5],0.5,1.0,-1.0,0.0,0.8,-0.8,0.0,0.5,score
hard_new,ours_refined,0.8887476160203432,1.0953591862682772,1573,2025-08-08T12:01:36,sweep_sizenew,86,0.1,10000,9000,1.0,0.0,0.0,0.5,[0.5],0.5,1.0,-1.0,0.0,0.8,-0.8,0.0,0.5,score
overall,ours_refined,0.8988888888888888,1.0888888888888888,4500,2025-08-08T12:01:36,sweep_sizenew,55,0.1,10000,9000,1.0,0.0,0.0,0.5,[0.5],0.5,1.0,-1.0,0.0,0.8,-0.8,0.0,0.5,score
easy_new,ours_refined,0.9050949050949051,1.0872460872460872,3003,2025-08-08T12:01:36,sweep_sizenew,55,0.1,10000,9000,1.0,0.0,0.0,0.5,[0.5],0.5,1.0,-1.0,0.0,0.8,-0.8,0.0,0.5,score
hard_new,ours_refined,0.8864395457581831,1.092184368737475,1497,2025-08-08T12:01:36,sweep_sizenew,55,0.1,10000,9000,1.0,0.0,0.0,0.5,[0.5],0.5,1.0,-1.0,0.0,0.8,-0.8,0.0,0.5,score
overall,ours_refined,0.90475,1.09425,4000,2025-08-08T12:01:36,sweep_sizenew,42,0.1,10000,8000,1.0,0.0,0.0,0.5,[0.5],0.5,1.0,-1.0,0.0,0.8,-0.8,0.0,0.5,score
easy_new,ours_refined,0.9041618938526155,1.078274150439099,2619,2025-08-08T12:01:36,sweep_sizenew,42,0.1,10000,8000,1.0,0.0,0.0,0.5,[0.5],0.5,1.0,-1.0,0.0,0.8,-0.8,0.0,0.5,score
hard_new,ours_refined,0.9058653149891384,1.1245474293989863,1381,2025-08-08T12:01:36,sweep_sizenew,42,0.1,10000,8000,1.0,0.0,0.0,0.5,[0.5],0.5,1.0,-1.0,0.0,0.8,-0.8,0.0,0.5,score
overall,ours_refined,0.90775,1.08475,4000,2025-08-08T12:01:36,sweep_sizenew,65,0.1,10000,8000,1.0,0.0,0.0,0.5,[0.5],0.5,1.0,-1.0,0.0,0.8,-0.8,0.0,0.5,score
easy_new,ours_refined,0.9156855298139005,1.0789973414356249,2633,2025-08-08T12:01:36,sweep_sizenew,65,0.1,10000,8000,1.0,0.0,0.0,0.5,[0.5],0.5,1.0,-1.0,0.0,0.8,-0.8,0.0,0.5,score
hard_new,ours_refined,0.8924652523774689,1.0958302852962691,1367,2025-08-08T12:01:36,sweep_sizenew,65,0.1,10000,8000,1.0,0.0,0.0,0.5,[0.5],0.5,1.0,-1.0,0.0,0.8,-0.8,0.0,0.5,score
overall,ours_refined,0.89,1.0758,5000,2025-08-08T12:01:36,sweep_sizenew,81,0.1,10000,10000,1.0,0.0,0.0,0.5,[0.5],0.5,1.0,-1.0,0.0,0.8,-0.8,0.0,0.5,score
easy_new,ours_refined,0.8967391304347826,1.0679347826086956,3312,2025-08-08T12:01:36,sweep_sizenew,81,0.1,10000,10000,1.0,0.0,0.0,0.5,[0.5],0.5,1.0,-1.0,0.0,0.8,-0.8,0.0,0.5,score
hard_new,ours_refined,0.8767772511848341,1.0912322274881516,1688,2025-08-08T12:01:36,sweep_sizenew,81,0.1,10000,10000,1.0,0.0,0.0,0.5,[0.5],0.5,1.0,-1.0,0.0,0.8,-0.8,0.0,0.5,score
overall,ours_refined,0.893,1.08175,4000,2025-08-08T12:01:36,sweep_sizenew,66,0.1,10000,8000,1.0,0.0,0.0,0.5,[0.5],0.5,1.0,-1.0,0.0,0.8,-0.8,0.0,0.5,score
easy_new,ours_refined,0.891146032962821,1.076657723265619,2609,2025-08-08T12:01:36,sweep_sizenew,66,0.1,10000,8000,1.0,0.0,0.0,0.5,[0.5],0.5,1.0,-1.0,0.0,0.8,-0.8,0.0,0.5,score
hard_new,ours_refined,0.8964773544212796,1.0913012221423437,1391,2025-08-08T12:01:36,sweep_sizenew,66,0.1,10000,8000,1.0,0.0,0.0,0.5,[0.5],0.5,1.0,-1.0,0.0,0.8,-0.8,0.0,0.5,score
overall,ours_refined,0.8857777777777778,1.0611111111111111,4500,2025-08-08T12:01:36,sweep_sizenew,70,0.1,10000,9000,1.0,0.0,0.0,0.5,[0.5],0.5,1.0,-1.0,0.0,0.8,-0.8,0.0,0.5,score
easy_new,ours_refined,0.8864957264957265,1.054017094017094,2925,2025-08-08T12:01:36,sweep_sizenew,70,0.1,10000,9000,1.0,0.0,0.0,0.5,[0.5],0.5,1.0,-1.0,0.0,0.8,-0.8,0.0,0.5,score
hard_new,ours_refined,0.8844444444444445,1.0742857142857143,1575,2025-08-08T12:01:36,sweep_sizenew,70,0.1,10000,9000,1.0,0.0,0.0,0.5,[0.5],0.5,1.0,-1.0,0.0,0.8,-0.8,0.0,0.5,score
overall,ours_refined,0.8894,1.0778,5000,2025-08-08T12:01:36,sweep_sizenew,82,0.1,10000,10000,1.0,0.0,0.0,0.5,[0.5],0.5,1.0,-1.0,0.0,0.8,-0.8,0.0,0.5,score
easy_new,ours_refined,0.8928678904604274,1.0662052362323202,3323,2025-08-08T12:01:36,sweep_sizenew,82,0.1,10000,10000,1.0,0.0,0.0,0.5,[0.5],0.5,1.0,-1.0,0.0,0.8,-0.8,0.0,0.5,score
hard_new,ours_refined,0.8825283243887895,1.1007751937984496,1677,2025-08-08T12:01:36,sweep_sizenew,82,0.1,10000,10000,1.0,0.0,0.0,0.5,[0.5],0.5,1.0,-1.0,0.0,0.8,-0.8,0.0,0.5,score
overall,ours_refined,0.9064,1.0954,5000,2025-08-08T12:01:37,sweep_sizenew,78,0.1,10000,10000,1.0,0.0,0.0,0.5,[0.5],0.5,1.0,-1.0,0.0,0.8,-0.8,0.0,0.5,score
easy_new,ours_refined,0.9088707235846201,1.0841659097789889,3303,2025-08-08T12:01:37,sweep_sizenew,78,0.1,10000,10000,1.0,0.0,0.0,0.5,[0.5],0.5,1.0,-1.0,0.0,0.8,-0.8,0.0,0.5,score
hard_new,ours_refined,0.901591043017089,1.117265763111373,1697,2025-08-08T12:01:37,sweep_sizenew,78,0.1,10000,10000,1.0,0.0,0.0,0.5,[0.5],0.5,1.0,-1.0,0.0,0.8,-0.8,0.0,0.5,score
overall,ours_refined,0.903,1.0883333333333334,3000,2025-08-08T12:01:37,sweep_sizenew,64,0.1,10000,6000,1.0,0.0,0.0,0.5,[0.5],0.5,1.0,-1.0,0.0,0.8,-0.8,0.0,0.5,score
easy_new,ours_refined,0.904570567553993,1.0793571069814163,1991,2025-08-08T12:01:37,sweep_sizenew,64,0.1,10000,6000,1.0,0.0,0.0,0.5,[0.5],0.5,1.0,-1.0,0.0,0.8,-0.8,0.0,0.5,score
hard_new,ours_refined,0.8999008919722498,1.106045589692765,1009,2025-08-08T12:01:37,sweep_sizenew,64,0.1,10000,6000,1.0,0.0,0.0,0.5,[0.5],0.5,1.0,-1.0,0.0,0.8,-0.8,0.0,0.5,score
overall,ours_refined,0.906,1.1026666666666667,4500,2025-08-08T12:01:37,sweep_sizenew,71,0.1,10000,9000,1.0,0.0,0.0,0.5,[0.5],0.5,1.0,-1.0,0.0,0.8,-0.8,0.0,0.5,score
easy_new,ours_refined,0.9159973226238286,1.0917001338688086,2988,2025-08-08T12:01:37,sweep_sizenew,71,0.1,10000,9000,1.0,0.0,0.0,0.5,[0.5],0.5,1.0,-1.0,0.0,0.8,-0.8,0.0,0.5,score
hard_new,ours_refined,0.8862433862433863,1.1243386243386244,1512,2025-08-08T12:01:37,sweep_sizenew,71,0.1,10000,9000,1.0,0.0,0.0,0.5,[0.5],0.5,1.0,-1.0,0.0,0.8,-0.8,0.0,0.5,score
overall,ours_refined,0.9002,1.08,5000,2025-08-08T12:01:37,sweep_sizenew,83,0.1,10000,10000,1.0,0.0,0.0,0.5,[0.5],0.5,1.0,-1.0,0.0,0.8,-0.8,0.0,0.5,score
easy_new,ours_refined,0.9001218026796589,1.0736906211936663,3284,2025-08-08T12:01:37,sweep_sizenew,83,0.1,10000,10000,1.0,0.0,0.0,0.5,[0.5],0.5,1.0,-1.0,0.0,0.8,-0.8,0.0,0.5,score
hard_new,ours_refined,0.9003496503496503,1.092074592074592,1716,2025-08-08T12:01:37,sweep_sizenew,83,0.1,10000,10000,1.0,0.0,0.0,0.5,[0.5],0.5,1.0,-1.0,0.0,0.8,-0.8,0.0,0.5,score
overall,ours_refined,0.8982,1.0862,5000,2025-08-08T12:01:38,sweep_sizenew,53,0.1,10000,10000,1.0,0.0,0.0,0.5,[0.5],0.5,1.0,-1.0,0.0,0.8,-0.8,0.0,0.5,score
easy_new,ours_refined,0.9006060606060606,1.0784848484848484,3300,2025-08-08T12:01:38,sweep_sizenew,53,0.1,10000,10000,1.0,0.0,0.0,0.5,[0.5],0.5,1.0,-1.0,0.0,0.8,-0.8,0.0,0.5,score
hard_new,ours_refined,0.8935294117647059,1.1011764705882352,1700,2025-08-08T12:01:38,sweep_sizenew,53,0.1,10000,10000,1.0,0.0,0.0,0.5,[0.5],0.5,1.0,-1.0,0.0,0.8,-0.8,0.0,0.5,score
overall,ours_refined,0.9006666666666666,1.0906666666666667,3000,2025-08-08T12:01:38,sweep_sizenew,97,0.1,10000,6000,1.0,0.0,0.0,0.5,[0.5],0.5,1.0,-1.0,0.0,0.8,-0.8,0.0,0.5,score
easy_new,ours_refined,0.8987792472024415,1.08646998982706,1966,2025-08-08T12:01:38,sweep_sizenew,97,0.1,10000,6000,1.0,0.0,0.0,0.5,[0.5],0.5,1.0,-1.0,0.0,0.8,-0.8,0.0,0.5,score
hard_new,ours_refined,0.9042553191489362,1.0986460348162477,1034,2025-08-08T12:01:38,sweep_sizenew,97,0.1,10000,6000,1.0,0.0,0.0,0.5,[0.5],0.5,1.0,-1.0,0.0,0.8,-0.8,0.0,0.5,score
overall,ours_refined,0.9006666666666666,1.0948888888888888,4500,2025-08-08T12:01:38,sweep_sizenew,57,0.1,10000,9000,1.0,0.0,0.0,0.5,[0.5],0.5,1.0,-1.0,0.0,0.8,-0.8,0.0,0.5,score
easy_new,ours_refined,0.9032365699032365,1.08008008008008,2997,2025-08-08T12:01:38,sweep_sizenew,57,0.1,10000,9000,1.0,0.0,0.0,0.5,[0.5],0.5,1.0,-1.0,0.0,0.8,-0.8,0.0,0.5,score
hard_new,ours_refined,0.895542248835662,1.1244178310046573,1503,2025-08-08T12:01:38,sweep_sizenew,57,0.1,10000,9000,1.0,0.0,0.0,0.5,[0.5],0.5,1.0,-1.0,0.0,0.8,-0.8,0.0,0.5,score
overall,ours_refined,0.8982,1.094,5000,2025-08-08T12:01:38,sweep_sizenew,51,0.1,10000,10000,1.0,0.0,0.0,0.5,[0.5],0.5,1.0,-1.0,0.0,0.8,-0.8,0.0,0.5,score
easy_new,ours_refined,0.894124847001224,1.0813953488372092,3268,2025-08-08T12:01:38,sweep_sizenew,51,0.1,10000,10000,1.0,0.0,0.0,0.5,[0.5],0.5,1.0,-1.0,0.0,0.8,-0.8,0.0,0.5,score
hard_new,ours_refined,0.9058891454965358,1.117782909930716,1732,2025-08-08T12:01:38,sweep_sizenew,51,0.1,10000,10000,1.0,0.0,0.0,0.5,[0.5],0.5,1.0,-1.0,0.0,0.8,-0.8,0.0,0.5,score
overall,ours_refined,0.8995555555555556,1.0977777777777777,4500,2025-08-08T12:01:38,sweep_sizenew,74,0.1,10000,9000,1.0,0.0,0.0,0.5,[0.5],0.5,1.0,-1.0,0.0,0.8,-0.8,0.0,0.5,score
easy_new,ours_refined,0.9015302727877578,1.0884896872920824,3006,2025-08-08T12:01:38,sweep_sizenew,74,0.1,10000,9000,1.0,0.0,0.0,0.5,[0.5],0.5,1.0,-1.0,0.0,0.8,-0.8,0.0,0.5,score
hard_new,ours_refined,0.8955823293172691,1.1164658634538152,1494,2025-08-08T12:01:38,sweep_sizenew,74,0.1,10000,9000,1.0,0.0,0.0,0.5,[0.5],0.5,1.0,-1.0,0.0,0.8,-0.8,0.0,0.5,score
overall,ours_refined,0.9008,1.0906,5000,2025-08-08T12:01:39,sweep_sizenew,48,0.1,10000,10000,1.0,0.0,0.0,0.5,[0.5],0.5,1.0,-1.0,0.0,0.8,-0.8,0.0,0.5,score
easy_new,ours_refined,0.9052437902483901,1.0739037105182458,3261,2025-08-08T12:01:39,sweep_sizenew,48,0.1,10000,10000,1.0,0.0,0.0,0.5,[0.5],0.5,1.0,-1.0,0.0,0.8,-0.8,0.0,0.5,score
hard_new,ours_refined,0.8924669350201265,1.1219091431857389,1739,2025-08-08T12:01:39,sweep_sizenew,48,0.1,10000,10000,1.0,0.0,0.0,0.5,[0.5],0.5,1.0,-1.0,0.0,0.8,-0.8,0.0,0.5,score
overall,ours_refined,0.9108,1.1144,5000,2025-08-08T12:01:39,sweep_sizenew,47,0.1,10000,10000,1.0,0.0,0.0,0.5,[0.5],0.5,1.0,-1.0,0.0,0.8,-0.8,0.0,0.5,score
easy_new,ours_refined,0.909503631961259,1.0947336561743342,3304,2025-08-08T12:01:39,sweep_sizenew,47,0.1,10000,10000,1.0,0.0,0.0,0.5,[0.5],0.5,1.0,-1.0,0.0,0.8,-0.8,0.0,0.5,score
hard_new,ours_refined,0.9133254716981132,1.1527122641509433,1696,2025-08-08T12:01:39,sweep_sizenew,47,0.1,10000,10000,1.0,0.0,0.0,0.5,[0.5],0.5,1.0,-1.0,0.0,0.8,-0.8,0.0,0.5,score
overall,ours_refined,0.8953333333333333,1.066888888888889,4500,2025-08-08T12:01:39,sweep_sizenew,73,0.1,10000,9000,1.0,0.0,0.0,0.5,[0.5],0.5,1.0,-1.0,0.0,0.8,-0.8,0.0,0.5,score
easy_new,ours_refined,0.8929063360881543,1.0575068870523416,2904,2025-08-08T12:01:39,sweep_sizenew,73,0.1,10000,9000,1.0,0.0,0.0,0.5,[0.5],0.5,1.0,-1.0,0.0,0.8,-0.8,0.0,0.5,score
hard_new,ours_refined,0.899749373433584,1.0839598997493733,1596,2025-08-08T12:01:39,sweep_sizenew,73,0.1,10000,9000,1.0,0.0,0.0,0.5,[0.5],0.5,1.0,-1.0,0.0,0.8,-0.8,0.0,0.5,score
overall,ours_refined,0.902,1.097,5000,2025-08-08T12:01:40,sweep_sizenew,46,0.1,10000,10000,1.0,0.0,0.0,0.5,[0.5],0.5,1.0,-1.0,0.0,0.8,-0.8,0.0,0.5,score
easy_new,ours_refined,0.9040723981900453,1.0811463046757164,3315,2025-08-08T12:01:40,sweep_sizenew,46,0.1,10000,10000,1.0,0.0,0.0,0.5,[0.5],0.5,1.0,-1.0,0.0,0.8,-0.8,0.0,0.5,score
hard_new,ours_refined,0.8979228486646884,1.1281899109792284,1685,2025-08-08T12:01:40,sweep_sizenew,46,0.1,10000,10000,1.0,0.0,0.0,0.5,[0.5],0.5,1.0,-1.0,0.0,0.8,-0.8,0.0,0.5,score
overall,ours_refined,0.896,1.0895,2000,2025-08-08T12:01:40,sweep_sizenew,61,0.1,10000,4000,1.0,0.0,0.0,0.5,[0.5],0.5,1.0,-1.0,0.0,0.8,-0.8,0.0,0.5,score
easy_new,ours_refined,0.8983957219251337,1.0748663101604279,1309,2025-08-08T12:01:40,sweep_sizenew,61,0.1,10000,4000,1.0,0.0,0.0,0.5,[0.5],0.5,1.0,-1.0,0.0,0.8,-0.8,0.0,0.5,score
hard_new,ours_refined,0.8914616497829233,1.1172214182344429,691,2025-08-08T12:01:40,sweep_sizenew,61,0.1,10000,4000,1.0,0.0,0.0,0.5,[0.5],0.5,1.0,-1.0,0.0,0.8,-0.8,0.0,0.5,score
overall,ours_refined,0.8894,1.0696,5000,2025-08-08T12:01:40,sweep_sizenew,45,0.1,10000,10000,1.0,0.0,0.0,0.5,[0.5],0.5,1.0,-1.0,0.0,0.8,-0.8,0.0,0.5,score
easy_new,ours_refined,0.8923168199347374,1.062889350341145,3371,2025-08-08T12:01:40,sweep_sizenew,45,0.1,10000,10000,1.0,0.0,0.0,0.5,[0.5],0.5,1.0,-1.0,0.0,0.8,-0.8,0.0,0.5,score
hard_new,ours_refined,0.8833640270104358,1.083486801718846,1629,2025-08-08T12:01:40,sweep_sizenew,45,0.1,10000,10000,1.0,0.0,0.0,0.5,[0.5],0.5,1.0,-1.0,0.0,0.8,-0.8,0.0,0.5,score
overall,ours_refined,0.9117142857142857,1.0905714285714285,3500,2025-08-08T12:01:41,sweep_sizenew,98,0.1,10000,7000,1.0,0.0,0.0,0.5,[0.5],0.5,1.0,-1.0,0.0,0.8,-0.8,0.0,0.5,score
easy_new,ours_refined,0.911701671667381,1.078011144449207,2333,2025-08-08T12:01:41,sweep_sizenew,98,0.1,10000,7000,1.0,0.0,0.0,0.5,[0.5],0.5,1.0,-1.0,0.0,0.8,-0.8,0.0,0.5,score
hard_new,ours_refined,0.9117395029991431,1.1156812339331619,1167,2025-08-08T12:01:41,sweep_sizenew,98,0.1,10000,7000,1.0,0.0,0.0,0.5,[0.5],0.5,1.0,-1.0,0.0,0.8,-0.8,0.0,0.5,score
overall,ours_refined,0.8934285714285715,1.066857142857143,3500,2025-08-08T12:01:41,sweep_sizenew,99,0.1,10000,7000,1.0,0.0,0.0,0.5,[0.5],0.5,1.0,-1.0,0.0,0.8,-0.8,0.0,0.5,score
easy_new,ours_refined,0.8978779840848806,1.0623342175066313,2262,2025-08-08T12:01:41,sweep_sizenew,99,0.1,10000,7000,1.0,0.0,0.0,0.5,[0.5],0.5,1.0,-1.0,0.0,0.8,-0.8,0.0,0.5,score
hard_new,ours_refined,0.8852988691437803,1.0751211631663975,1238,2025-08-08T12:01:41,sweep_sizenew,99,0.1,10000,7000,1.0,0.0,0.0,0.5,[0.5],0.5,1.0,-1.0,0.0,0.8,-0.8,0.0,0.5,score
overall,ours_refined,0.9084,1.1048,5000,2025-08-08T12:01:41,sweep_sizenew,49,0.1,10000,10000,1.0,0.0,0.0,0.5,[0.5],0.5,1.0,-1.0,0.0,0.8,-0.8,0.0,0.5,score
easy_new,ours_refined,0.9190997566909975,1.0869829683698298,3288,2025-08-08T12:01:41,sweep_sizenew,49,0.1,10000,10000,1.0,0.0,0.0,0.5,[0.5],0.5,1.0,-1.0,0.0,0.8,-0.8,0.0,0.5,score
hard_new,ours_refined,0.8878504672897196,1.139018691588785,1712,2025-08-08T12:01:41,sweep_sizenew,49,0.1,10000,10000,1.0,0.0,0.0,0.5,[0.5],0.5,1.0,-1.0,0.0,0.8,-0.8,0.0,0.5,score
overall,ours_refined,0.8942857142857142,1.0891428571428572,3500,2025-08-08T12:01:41,sweep_sizenew,100,0.1,10000,7000,1.0,0.0,0.0,0.5,[0.5],0.5,1.0,-1.0,0.0,0.8,-0.8,0.0,0.5,score
easy_new,ours_refined,0.9005145797598628,1.0810463121783878,2332,2025-08-08T12:01:41,sweep_sizenew,100,0.1,10000,7000,1.0,0.0,0.0,0.5,[0.5],0.5,1.0,-1.0,0.0,0.8,-0.8,0.0,0.5,score
hard_new,ours_refined,0.8818493150684932,1.105308219178082,1168,2025-08-08T12:01:41,sweep_sizenew,100,0.1,10000,7000,1.0,0.0,0.0,0.5,[0.5],0.5,1.0,-1.0,0.0,0.8,-0.8,0.0,0.5,score
overall,ours_refined,0.899,1.08,1000,2025-08-08T12:01:42,sweep_sizenew,54,0.1,10000,2000,1.0,0.0,0.0,0.5,[0.5],0.5,1.0,-1.0,0.0,0.8,-0.8,0.0,0.5,score
easy_new,ours_refined,0.8914373088685015,1.0718654434250765,654,2025-08-08T12:01:42,sweep_sizenew,54,0.1,10000,2000,1.0,0.0,0.0,0.5,[0.5],0.5,1.0,-1.0,0.0,0.8,-0.8,0.0,0.5,score
hard_new,ours_refined,0.9132947976878613,1.0953757225433527,346,2025-08-08T12:01:42,sweep_sizenew,54,0.1,10000,2000,1.0,0.0,0.0,0.5,[0.5],0.5,1.0,-1.0,0.0,0.8,-0.8,0.0,0.5,score
overall,ours_refined,0.8977777777777778,1.0862222222222222,4500,2025-08-08T12:01:42,sweep_sizenew,77,0.1,10000,9000,1.0,0.0,0.0,0.5,[0.5],0.5,1.0,-1.0,0.0,0.8,-0.8,0.0,0.5,score
easy_new,ours_refined,0.9008517887563884,1.0763202725724021,2935,2025-08-08T12:01:42,sweep_sizenew,77,0.1,10000,9000,1.0,0.0,0.0,0.5,[0.5],0.5,1.0,-1.0,0.0,0.8,-0.8,0.0,0.5,score
hard_new,ours_refined,0.8920127795527156,1.1047923322683706,1565,2025-08-08T12:01:42,sweep_sizenew,77,0.1,10000,9000,1.0,0.0,0.0,0.5,[0.5],0.5,1.0,-1.0,0.0,0.8,-0.8,0.0,0.5,score
overall,ours_refined,0.898,1.0765,2000,2025-08-08T12:01:42,sweep_sizenew,62,0.1,10000,4000,1.0,0.0,0.0,0.5,[0.5],0.5,1.0,-1.0,0.0,0.8,-0.8,0.0,0.5,score
easy_new,ours_refined,0.8978046934140802,1.06888720666162,1321,2025-08-08T12:01:42,sweep_sizenew,62,0.1,10000,4000,1.0,0.0,0.0,0.5,[0.5],0.5,1.0,-1.0,0.0,0.8,-0.8,0.0,0.5,score
hard_new,ours_refined,0.898379970544919,1.0913107511045654,679,2025-08-08T12:01:42,sweep_sizenew,62,0.1,10000,4000,1.0,0.0,0.0,0.5,[0.5],0.5,1.0,-1.0,0.0,0.8,-0.8,0.0,0.5,score
overall,ours_refined,0.9024444444444445,1.0895555555555556,4500,2025-08-08T12:01:43,sweep_sizenew,76,0.1,10000,9000,1.0,0.0,0.0,0.5,[0.5],0.5,1.0,-1.0,0.0,0.8,-0.8,0.0,0.5,score
easy_new,ours_refined,0.9087591240875912,1.0769741207697412,3014,2025-08-08T12:01:43,sweep_sizenew,76,0.1,10000,9000,1.0,0.0,0.0,0.5,[0.5],0.5,1.0,-1.0,0.0,0.8,-0.8,0.0,0.5,score
hard_new,ours_refined,0.8896366083445492,1.1150740242261103,1486,2025-08-08T12:01:43,sweep_sizenew,76,0.1,10000,9000,1.0,0.0,0.0,0.5,[0.5],0.5,1.0,-1.0,0.0,0.8,-0.8,0.0,0.5,score
overall,ours_refined,0.9032,1.1066,5000,2025-08-08T12:01:43,sweep_sizenew,50,0.1,10000,10000,1.0,0.0,0.0,0.5,[0.5],0.5,1.0,-1.0,0.0,0.8,-0.8,0.0,0.5,score
easy_new,ours_refined,0.9086232980332829,1.1016641452344933,3305,2025-08-08T12:01:43,sweep_sizenew,50,0.1,10000,10000,1.0,0.0,0.0,0.5,[0.5],0.5,1.0,-1.0,0.0,0.8,-0.8,0.0,0.5,score
hard_new,ours_refined,0.8926253687315634,1.1162241887905604,1695,2025-08-08T12:01:43,sweep_sizenew,50,0.1,10000,10000,1.0,0.0,0.0,0.5,[0.5],0.5,1.0,-1.0,0.0,0.8,-0.8,0.0,0.5,score
overall,ours_refined,0.8997777777777778,1.0922222222222222,4500,2025-08-08T12:01:44,sweep_sizenew,67,0.1,10000,9000,1.0,0.0,0.0,0.5,[0.5],0.5,1.0,-1.0,0.0,0.8,-0.8,0.0,0.5,score
easy_new,ours_refined,0.9026342114038013,1.0806935645215072,2999,2025-08-08T12:01:44,sweep_sizenew,67,0.1,10000,9000,1.0,0.0,0.0,0.5,[0.5],0.5,1.0,-1.0,0.0,0.8,-0.8,0.0,0.5,score
hard_new,ours_refined,0.894070619586942,1.1152564956695536,1501,2025-08-08T12:01:44,sweep_sizenew,67,0.1,10000,9000,1.0,0.0,0.0,0.5,[0.5],0.5,1.0,-1.0,0.0,0.8,-0.8,0.0,0.5,score
overall,ours_refined,0.9002222222222223,1.0848888888888888,4500,2025-08-08T12:01:44,sweep_sizenew,52,0.1,10000,9000,1.0,0.0,0.0,0.5,[0.5],0.5,1.0,-1.0,0.0,0.8,-0.8,0.0,0.5,score
easy_new,ours_refined,0.9035653650254669,1.0757215619694398,2945,2025-08-08T12:01:44,sweep_sizenew,52,0.1,10000,9000,1.0,0.0,0.0,0.5,[0.5],0.5,1.0,-1.0,0.0,0.8,-0.8,0.0,0.5,score
hard_new,ours_refined,0.8938906752411575,1.1022508038585208,1555,2025-08-08T12:01:44,sweep_sizenew,52,0.1,10000,9000,1.0,0.0,0.0,0.5,[0.5],0.5,1.0,-1.0,0.0,0.8,-0.8,0.0,0.5,score
overall,ours_refined,0.8902222222222222,1.0671111111111111,4500,2025-08-08T12:01:44,sweep_sizenew,75,0.1,10000,9000,1.0,0.0,0.0,0.5,[0.5],0.5,1.0,-1.0,0.0,0.8,-0.8,0.0,0.5,score
easy_new,ours_refined,0.8940263246709416,1.062099223759703,2963,2025-08-08T12:01:44,sweep_sizenew,75,0.1,10000,9000,1.0,0.0,0.0,0.5,[0.5],0.5,1.0,-1.0,0.0,0.8,-0.8,0.0,0.5,score
hard_new,ours_refined,0.8828887443070917,1.0767729342875731,1537,2025-08-08T12:01:44,sweep_sizenew,75,0.1,10000,9000,1.0,0.0,0.0,0.5,[0.5],0.5,1.0,-1.0,0.0,0.8,-0.8,0.0,0.5,score
overall,ours_refined,0.9044,1.101,5000,2025-08-08T12:01:44,sweep_sizenew,95,0.1,10000,10000,1.0,0.0,0.0,0.5,[0.5],0.5,1.0,-1.0,0.0,0.8,-0.8,0.0,0.5,score
easy_new,ours_refined,0.9058823529411765,1.090092879256966,3230,2025-08-08T12:01:44,sweep_sizenew,95,0.1,10000,10000,1.0,0.0,0.0,0.5,[0.5],0.5,1.0,-1.0,0.0,0.8,-0.8,0.0,0.5,score
hard_new,ours_refined,0.9016949152542373,1.12090395480226,1770,2025-08-08T12:01:44,sweep_sizenew,95,0.1,10000,10000,1.0,0.0,0.0,0.5,[0.5],0.5,1.0,-1.0,0.0,0.8,-0.8,0.0,0.5,score
overall,ours_refined,0.9086,1.1056,5000,2025-08-08T12:01:45,sweep_sizenew,84,0.1,10000,10000,1.0,0.0,0.0,0.5,[0.5],0.5,1.0,-1.0,0.0,0.8,-0.8,0.0,0.5,score
easy_new,ours_refined,0.9101597829363883,1.0940608984021707,3317,2025-08-08T12:01:45,sweep_sizenew,84,0.1,10000,10000,1.0,0.0,0.0,0.5,[0.5],0.5,1.0,-1.0,0.0,0.8,-0.8,0.0,0.5,score
hard_new,ours_refined,0.9055258467023173,1.1283422459893049,1683,2025-08-08T12:01:45,sweep_sizenew,84,0.1,10000,10000,1.0,0.0,0.0,0.5,[0.5],0.5,1.0,-1.0,0.0,0.8,-0.8,0.0,0.5,score
overall,ours_refined,0.8986,1.092,5000,2025-08-08T12:01:45,sweep_sizenew,93,0.1,10000,10000,1.0,0.0,0.0,0.5,[0.5],0.5,1.0,-1.0,0.0,0.8,-0.8,0.0,0.5,score
easy_new,ours_refined,0.8992319508448541,1.0789554531490015,3255,2025-08-08T12:01:45,sweep_sizenew,93,0.1,10000,10000,1.0,0.0,0.0,0.5,[0.5],0.5,1.0,-1.0,0.0,0.8,-0.8,0.0,0.5,score
hard_new,ours_refined,0.8974212034383954,1.1163323782234957,1745,2025-08-08T12:01:45,sweep_sizenew,93,0.1,10000,10000,1.0,0.0,0.0,0.5,[0.5],0.5,1.0,-1.0,0.0,0.8,-0.8,0.0,0.5,score
overall,ours_refined,0.9026,1.101,5000,2025-08-08T12:01:45,sweep_sizenew,89,0.1,10000,10000,1.0,0.0,0.0,0.5,[0.5],0.5,1.0,-1.0,0.0,0.8,-0.8,0.0,0.5,score
easy_new,ours_refined,0.9076782449725777,1.0898842169408898,3282,2025-08-08T12:01:45,sweep_sizenew,89,0.1,10000,10000,1.0,0.0,0.0,0.5,[0.5],0.5,1.0,-1.0,0.0,0.8,-0.8,0.0,0.5,score
hard_new,ours_refined,0.8928987194412107,1.1222351571594877,1718,2025-08-08T12:01:45,sweep_sizenew,89,0.1,10000,10000,1.0,0.0,0.0,0.5,[0.5],0.5,1.0,-1.0,0.0,0.8,-0.8,0.0,0.5,score
overall,ours_refined,0.8942,1.092,5000,2025-08-08T12:01:45,sweep_sizenew,91,0.1,10000,10000,1.0,0.0,0.0,0.5,[0.5],0.5,1.0,-1.0,0.0,0.8,-0.8,0.0,0.5,score
easy_new,ours_refined,0.8961397058823529,1.0811887254901962,3264,2025-08-08T12:01:45,sweep_sizenew,91,0.1,10000,10000,1.0,0.0,0.0,0.5,[0.5],0.5,1.0,-1.0,0.0,0.8,-0.8,0.0,0.5,score
hard_new,ours_refined,0.8905529953917051,1.112327188940092,1736,2025-08-08T12:01:45,sweep_sizenew,91,0.1,10000,10000,1.0,0.0,0.0,0.5,[0.5],0.5,1.0,-1.0,0.0,0.8,-0.8,0.0,0.5,score
overall,ours_refined,0.9016,1.0964,5000,2025-08-08T12:01:45,sweep_sizenew,58,0.1,10000,10000,1.0,0.0,0.0,0.5,[0.5],0.5,1.0,-1.0,0.0,0.8,-0.8,0.0,0.5,score
easy_new,ours_refined,0.9077017114914425,1.081601466992665,3272,2025-08-08T12:01:45,sweep_sizenew,58,0.1,10000,10000,1.0,0.0,0.0,0.5,[0.5],0.5,1.0,-1.0,0.0,0.8,-0.8,0.0,0.5,score
hard_new,ours_refined,0.8900462962962963,1.1244212962962963,1728,2025-08-08T12:01:45,sweep_sizenew,58,0.1,10000,10000,1.0,0.0,0.0,0.5,[0.5],0.5,1.0,-1.0,0.0,0.8,-0.8,0.0,0.5,score
overall,ours_refined,0.8837777777777778,1.0868888888888888,4500,2025-08-08T12:01:45,sweep_sizenew,68,0.1,10000,9000,1.0,0.0,0.0,0.5,[0.5],0.5,1.0,-1.0,0.0,0.8,-0.8,0.0,0.5,score
easy_new,ours_refined,0.8865248226950354,1.0759878419452888,2961,2025-08-08T12:01:45,sweep_sizenew,68,0.1,10000,9000,1.0,0.0,0.0,0.5,[0.5],0.5,1.0,-1.0,0.0,0.8,-0.8,0.0,0.5,score
hard_new,ours_refined,0.8784925276153346,1.1078622482131255,1539,2025-08-08T12:01:45,sweep_sizenew,68,0.1,10000,9000,1.0,0.0,0.0,0.5,[0.5],0.5,1.0,-1.0,0.0,0.8,-0.8,0.0,0.5,score
overall,ours_refined,0.9054,1.099,5000,2025-08-08T12:01:45,sweep_sizenew,92,0.1,10000,10000,1.0,0.0,0.0,0.5,[0.5],0.5,1.0,-1.0,0.0,0.8,-0.8,0.0,0.5,score
easy_new,ours_refined,0.9105421686746988,1.0906626506024097,3320,2025-08-08T12:01:45,sweep_sizenew,92,0.1,10000,10000,1.0,0.0,0.0,0.5,[0.5],0.5,1.0,-1.0,0.0,0.8,-0.8,0.0,0.5,score
hard_new,ours_refined,0.8952380952380953,1.1154761904761905,1680,2025-08-08T12:01:45,sweep_sizenew,92,0.1,10000,10000,1.0,0.0,0.0,0.5,[0.5],0.5,1.0,-1.0,0.0,0.8,-0.8,0.0,0.5,score
overall,ours_refined,0.9018,1.1004,5000,2025-08-08T12:01:45,sweep_sizenew,94,0.1,10000,10000,1.0,0.0,0.0,0.5,[0.5],0.5,1.0,-1.0,0.0,0.8,-0.8,0.0,0.5,score
easy_new,ours_refined,0.9036144578313253,1.08866234167439,3237,2025-08-08T12:01:45,sweep_sizenew,94,0.1,10000,10000,1.0,0.0,0.0,0.5,[0.5],0.5,1.0,-1.0,0.0,0.8,-0.8,0.0,0.5,score
hard_new,ours_refined,0.8984685195689166,1.1219512195121952,1763,2025-08-08T12:01:45,sweep_sizenew,94,0.1,10000,10000,1.0,0.0,0.0,0.5,[0.5],0.5,1.0,-1.0,0.0,0.8,-0.8,0.0,0.5,score
overall,ours_refined,0.8972,1.0788,5000,2025-08-08T12:01:45,sweep_sizenew,88,0.1,10000,10000,1.0,0.0,0.0,0.5,[0.5],0.5,1.0,-1.0,0.0,0.8,-0.8,0.0,0.5,score
easy_new,ours_refined,0.8992526158445441,1.069357249626308,3345,2025-08-08T12:01:45,sweep_sizenew,88,0.1,10000,10000,1.0,0.0,0.0,0.5,[0.5],0.5,1.0,-1.0,0.0,0.8,-0.8,0.0,0.5,score
hard_new,ours_refined,0.8930513595166163,1.0978851963746223,1655,2025-08-08T12:01:45,sweep_sizenew,88,0.1,10000,10000,1.0,0.0,0.0,0.5,[0.5],0.5,1.0,-1.0,0.0,0.8,-0.8,0.0,0.5,score
overall,ours_refined,0.9056,1.0856,5000,2025-08-08T12:01:45,sweep_sizenew,96,0.1,10000,10000,1.0,0.0,0.0,0.5,[0.5],0.5,1.0,-1.0,0.0,0.8,-0.8,0.0,0.5,score
easy_new,ours_refined,0.9134989524094582,1.072732714756061,3341,2025-08-08T12:01:45,sweep_sizenew,96,0.1,10000,10000,1.0,0.0,0.0,0.5,[0.5],0.5,1.0,-1.0,0.0,0.8,-0.8,0.0,0.5,score
hard_new,ours_refined,0.8896925858951176,1.1115129596142255,1659,2025-08-08T12:01:45,sweep_sizenew,96,0.1,10000,10000,1.0,0.0,0.0,0.5,[0.5],0.5,1.0,-1.0,0.0,0.8,-0.8,0.0,0.5,score
overall,ours_refined,0.8988,1.0762,5000,2025-08-08T12:01:45,sweep_sizenew,90,0.1,10000,10000,1.0,0.0,0.0,0.5,[0.5],0.5,1.0,-1.0,0.0,0.8,-0.8,0.0,0.5,score
easy_new,ours_refined,0.9043659043659044,1.0650430650430651,3367,2025-08-08T12:01:45,sweep_sizenew,90,0.1,10000,10000,1.0,0.0,0.0,0.5,[0.5],0.5,1.0,-1.0,0.0,0.8,-0.8,0.0,0.5,score
hard_new,ours_refined,0.8873239436619719,1.099203919167177,1633,2025-08-08T12:01:45,sweep_sizenew,90,0.1,10000,10000,1.0,0.0,0.0,0.5,[0.5],0.5,1.0,-1.0,0.0,0.8,-0.8,0.0,0.5,score
overall,ours_refined,0.9044,1.1084,5000,2025-08-08T12:01:45,sweep_sizenew,87,0.1,10000,10000,1.0,0.0,0.0,0.5,[0.5],0.5,1.0,-1.0,0.0,0.8,-0.8,0.0,0.5,score
easy_new,ours_refined,0.9027355623100304,1.094224924012158,3290,2025-08-08T12:01:45,sweep_sizenew,87,0.1,10000,10000,1.0,0.0,0.0,0.5,[0.5],0.5,1.0,-1.0,0.0,0.8,-0.8,0.0,0.5,score
hard_new,ours_refined,0.9076023391812865,1.135672514619883,1710,2025-08-08T12:01:45,sweep_sizenew,87,0.1,10000,10000,1.0,0.0,0.0,0.5,[0.5],0.5,1.0,-1.0,0.0,0.8,-0.8,0.0,0.5,score
overall,ours_refined,0.8934,1.0772,5000,2025-08-08T12:01:46,sweep_sizenew,72,0.1,10000,10000,1.0,0.0,0.0,0.5,[0.5],0.5,1.0,-1.0,0.0,0.8,-0.8,0.0,0.5,score
easy_new,ours_refined,0.8967623701893708,1.0711667684789248,3274,2025-08-08T12:01:46,sweep_sizenew,72,0.1,10000,10000,1.0,0.0,0.0,0.5,[0.5],0.5,1.0,-1.0,0.0,0.8,-0.8,0.0,0.5,score
hard_new,ours_refined,0.8870220162224797,1.0886442641946699,1726,2025-08-08T12:01:46,sweep_sizenew,72,0.1,10000,10000,1.0,0.0,0.0,0.5,[0.5],0.5,1.0,-1.0,0.0,0.8,-0.8,0.0,0.5,score
overall,ours_refined,0.9002,1.075,5000,2025-08-08T12:01:46,sweep_sizenew,85,0.1,10000,10000,1.0,0.0,0.0,0.5,[0.5],0.5,1.0,-1.0,0.0,0.8,-0.8,0.0,0.5,score
easy_new,ours_refined,0.9003996311097449,1.0697817399323701,3253,2025-08-08T12:01:46,sweep_sizenew,85,0.1,10000,10000,1.0,0.0,0.0,0.5,[0.5],0.5,1.0,-1.0,0.0,0.8,-0.8,0.0,0.5,score
hard_new,ours_refined,0.8998282770463651,1.0847166571265026,1747,2025-08-08T12:01:46,sweep_sizenew,85,0.1,10000,10000,1.0,0.0,0.0,0.5,[0.5],0.5,1.0,-1.0,0.0,0.8,-0.8,0.0,0.5,score
overall,ours_refined,0.8994,1.0924,5000,2025-08-08T12:01:46,sweep_sizenew,69,0.1,10000,10000,1.0,0.0,0.0,0.5,[0.5],0.5,1.0,-1.0,0.0,0.8,-0.8,0.0,0.5,score
easy_new,ours_refined,0.9023341523341524,1.0863022113022114,3256,2025-08-08T12:01:46,sweep_sizenew,69,0.1,10000,10000,1.0,0.0,0.0,0.5,[0.5],0.5,1.0,-1.0,0.0,0.8,-0.8,0.0,0.5,score
hard_new,ours_refined,0.8939220183486238,1.1037844036697249,1744,2025-08-08T12:01:46,sweep_sizenew,69,0.1,10000,10000,1.0,0.0,0.0,0.5,[0.5],0.5,1.0,-1.0,0.0,0.8,-0.8,0.0,0.5,score
overall,ours_refined,0.9042222222222223,1.0773333333333333,4500,2025-08-08T12:01:46,sweep_sizenew,65,0.1,10000,9000,1.0,0.0,0.0,0.5,[0.5],0.5,1.0,-1.0,0.0,0.8,-0.8,0.0,0.5,score
easy_new,ours_refined,0.9101615074024226,1.0683041722745625,2972,2025-08-08T12:01:46,sweep_sizenew,65,0.1,10000,9000,1.0,0.0,0.0,0.5,[0.5],0.5,1.0,-1.0,0.0,0.8,-0.8,0.0,0.5,score
hard_new,ours_refined,0.8926701570680629,1.094895287958115,1528,2025-08-08T12:01:46,sweep_sizenew,65,0.1,10000,9000,1.0,0.0,0.0,0.5,[0.5],0.5,1.0,-1.0,0.0,0.8,-0.8,0.0,0.5,score
overall,ours_refined,0.91,1.1044,5000,2025-08-08T12:01:46,sweep_sizenew,56,0.1,10000,10000,1.0,0.0,0.0,0.5,[0.5],0.5,1.0,-1.0,0.0,0.8,-0.8,0.0,0.5,score
easy_new,ours_refined,0.9109673444239064,1.091189155884165,3246,2025-08-08T12:01:46,sweep_sizenew,56,0.1,10000,10000,1.0,0.0,0.0,0.5,[0.5],0.5,1.0,-1.0,0.0,0.8,-0.8,0.0,0.5,score
hard_new,ours_refined,0.9082098061573546,1.12884834663626,1754,2025-08-08T12:01:46,sweep_sizenew,56,0.1,10000,10000,1.0,0.0,0.0,0.5,[0.5],0.5,1.0,-1.0,0.0,0.8,-0.8,0.0,0.5,score
overall,ours_refined,0.8922,1.083,5000,2025-08-08T12:01:46,sweep_sizenew,86,0.1,10000,10000,1.0,0.0,0.0,0.5,[0.5],0.5,1.0,-1.0,0.0,0.8,-0.8,0.0,0.5,score
easy_new,ours_refined,0.8962693357597816,1.0779496511980589,3297,2025-08-08T12:01:46,sweep_sizenew,86,0.1,10000,10000,1.0,0.0,0.0,0.5,[0.5],0.5,1.0,-1.0,0.0,0.8,-0.8,0.0,0.5,score
hard_new,ours_refined,0.8843217850851439,1.0927774515560775,1703,2025-08-08T12:01:46,sweep_sizenew,86,0.1,10000,10000,1.0,0.0,0.0,0.5,[0.5],0.5,1.0,-1.0,0.0,0.8,-0.8,0.0,0.5,score
overall,ours_refined,0.8946666666666667,1.0722222222222222,4500,2025-08-08T12:01:46,sweep_sizenew,66,0.1,10000,9000,1.0,0.0,0.0,0.5,[0.5],0.5,1.0,-1.0,0.0,0.8,-0.8,0.0,0.5,score
easy_new,ours_refined,0.8984427894380501,1.0619498984427895,2954,2025-08-08T12:01:46,sweep_sizenew,66,0.1,10000,9000,1.0,0.0,0.0,0.5,[0.5],0.5,1.0,-1.0,0.0,0.8,-0.8,0.0,0.5,score
hard_new,ours_refined,0.88745148771022,1.0918499353169469,1546,2025-08-08T12:01:46,sweep_sizenew,66,0.1,10000,9000,1.0,0.0,0.0,0.5,[0.5],0.5,1.0,-1.0,0.0,0.8,-0.8,0.0,0.5,score
overall,ours_refined,0.9092,1.096,5000,2025-08-08T12:01:46,sweep_sizenew,55,0.1,10000,10000,1.0,0.0,0.0,0.5,[0.5],0.5,1.0,-1.0,0.0,0.8,-0.8,0.0,0.5,score
easy_new,ours_refined,0.9138191714544904,1.0861808285455095,3307,2025-08-08T12:01:46,sweep_sizenew,55,0.1,10000,10000,1.0,0.0,0.0,0.5,[0.5],0.5,1.0,-1.0,0.0,0.8,-0.8,0.0,0.5,score
hard_new,ours_refined,0.900177200236267,1.1151801535735382,1693,2025-08-08T12:01:46,sweep_sizenew,55,0.1,10000,10000,1.0,0.0,0.0,0.5,[0.5],0.5,1.0,-1.0,0.0,0.8,-0.8,0.0,0.5,score
overall,ours_refined,0.8895,1.076,4000,2025-08-08T12:01:46,sweep_sizenew,59,0.1,10000,8000,1.0,0.0,0.0,0.5,[0.5],0.5,1.0,-1.0,0.0,0.8,-0.8,0.0,0.5,score
easy_new,ours_refined,0.8877630553390491,1.0728760717069368,2566,2025-08-08T12:01:46,sweep_sizenew,59,0.1,10000,8000,1.0,0.0,0.0,0.5,[0.5],0.5,1.0,-1.0,0.0,0.8,-0.8,0.0,0.5,score
hard_new,ours_refined,0.8926080892608089,1.0815899581589958,1434,2025-08-08T12:01:46,sweep_sizenew,59,0.1,10000,8000,1.0,0.0,0.0,0.5,[0.5],0.5,1.0,-1.0,0.0,0.8,-0.8,0.0,0.5,score
overall,ours_refined,0.899,1.0852,5000,2025-08-08T12:01:47,sweep_sizenew,70,0.1,10000,10000,1.0,0.0,0.0,0.5,[0.5],0.5,1.0,-1.0,0.0,0.8,-0.8,0.0,0.5,score
easy_new,ours_refined,0.8983050847457628,1.077657935285054,3245,2025-08-08T12:01:47,sweep_sizenew,70,0.1,10000,10000,1.0,0.0,0.0,0.5,[0.5],0.5,1.0,-1.0,0.0,0.8,-0.8,0.0,0.5,score
hard_new,ours_refined,0.9002849002849003,1.0991452991452992,1755,2025-08-08T12:01:47,sweep_sizenew,70,0.1,10000,10000,1.0,0.0,0.0,0.5,[0.5],0.5,1.0,-1.0,0.0,0.8,-0.8,0.0,0.5,score
overall,ours_refined,0.884,1.0622857142857143,3500,2025-08-08T12:01:47,sweep_sizenew,97,0.1,10000,7000,1.0,0.0,0.0,0.5,[0.5],0.5,1.0,-1.0,0.0,0.8,-0.8,0.0,0.5,score
easy_new,ours_refined,0.8839441535776614,1.0519197207678883,2292,2025-08-08T12:01:47,sweep_sizenew,97,0.1,10000,7000,1.0,0.0,0.0,0.5,[0.5],0.5,1.0,-1.0,0.0,0.8,-0.8,0.0,0.5,score
hard_new,ours_refined,0.8841059602649006,1.0819536423841059,1208,2025-08-08T12:01:47,sweep_sizenew,97,0.1,10000,7000,1.0,0.0,0.0,0.5,[0.5],0.5,1.0,-1.0,0.0,0.8,-0.8,0.0,0.5,score
overall,ours_refined,0.9075,1.091,4000,2025-08-08T12:01:47,sweep_sizenew,60,0.1,10000,8000,1.0,0.0,0.0,0.5,[0.5],0.5,1.0,-1.0,0.0,0.8,-0.8,0.0,0.5,score
easy_new,ours_refined,0.909711684370258,1.0830804248861912,2636,2025-08-08T12:01:47,sweep_sizenew,60,0.1,10000,8000,1.0,0.0,0.0,0.5,[0.5],0.5,1.0,-1.0,0.0,0.8,-0.8,0.0,0.5,score
hard_new,ours_refined,0.9032258064516129,1.1063049853372433,1364,2025-08-08T12:01:47,sweep_sizenew,60,0.1,10000,8000,1.0,0.0,0.0,0.5,[0.5],0.5,1.0,-1.0,0.0,0.8,-0.8,0.0,0.5,score
overall,ours_refined,0.894,1.0774,5000,2025-08-08T12:01:48,sweep_sizenew,71,0.1,10000,10000,1.0,0.0,0.0,0.5,[0.5],0.5,1.0,-1.0,0.0,0.8,-0.8,0.0,0.5,score
easy_new,ours_refined,0.8973499847700274,1.0654888821200121,3283,2025-08-08T12:01:48,sweep_sizenew,71,0.1,10000,10000,1.0,0.0,0.0,0.5,[0.5],0.5,1.0,-1.0,0.0,0.8,-0.8,0.0,0.5,score
hard_new,ours_refined,0.8875946418171229,1.1001747233546884,1717,2025-08-08T12:01:48,sweep_sizenew,71,0.1,10000,10000,1.0,0.0,0.0,0.5,[0.5],0.5,1.0,-1.0,0.0,0.8,-0.8,0.0,0.5,score
overall,ours_refined,0.896,1.0997142857142856,3500,2025-08-08T12:01:49,sweep_sizenew,63,0.1,10000,7000,1.0,0.0,0.0,0.5,[0.5],0.5,1.0,-1.0,0.0,0.8,-0.8,0.0,0.5,score
easy_new,ours_refined,0.9049871023215821,1.0851246775580397,2326,2025-08-08T12:01:49,sweep_sizenew,63,0.1,10000,7000,1.0,0.0,0.0,0.5,[0.5],0.5,1.0,-1.0,0.0,0.8,-0.8,0.0,0.5,score
hard_new,ours_refined,0.8781942078364565,1.1286201022146507,1174,2025-08-08T12:01:49,sweep_sizenew,63,0.1,10000,7000,1.0,0.0,0.0,0.5,[0.5],0.5,1.0,-1.0,0.0,0.8,-0.8,0.0,0.5,score
overall,ours_refined,0.89,1.0714,5000,2025-08-08T12:01:49,sweep_sizenew,74,0.1,10000,10000,1.0,0.0,0.0,0.5,[0.5],0.5,1.0,-1.0,0.0,0.8,-0.8,0.0,0.5,score
easy_new,ours_refined,0.8955046144685919,1.061625483774933,3359,2025-08-08T12:01:49,sweep_sizenew,74,0.1,10000,10000,1.0,0.0,0.0,0.5,[0.5],0.5,1.0,-1.0,0.0,0.8,-0.8,0.0,0.5,score
hard_new,ours_refined,0.878732480195003,1.0914076782449726,1641,2025-08-08T12:01:49,sweep_sizenew,74,0.1,10000,10000,1.0,0.0,0.0,0.5,[0.5],0.5,1.0,-1.0,0.0,0.8,-0.8,0.0,0.5,score
overall,ours_refined,0.9042,1.102,5000,2025-08-08T12:01:49,sweep_sizenew,57,0.1,10000,10000,1.0,0.0,0.0,0.5,[0.5],0.5,1.0,-1.0,0.0,0.8,-0.8,0.0,0.5,score
easy_new,ours_refined,0.9067796610169492,1.0917070217917675,3304,2025-08-08T12:01:49,sweep_sizenew,57,0.1,10000,10000,1.0,0.0,0.0,0.5,[0.5],0.5,1.0,-1.0,0.0,0.8,-0.8,0.0,0.5,score
hard_new,ours_refined,0.8991745283018868,1.122051886792453,1696,2025-08-08T12:01:49,sweep_sizenew,57,0.1,10000,10000,1.0,0.0,0.0,0.5,[0.5],0.5,1.0,-1.0,0.0,0.8,-0.8,0.0,0.5,score
overall,ours_refined,0.8902222222222222,1.066,4500,2025-08-08T12:01:49,sweep_sizenew,26,0.1,10000,9000,1.0,0.0,0.0,0.5,[0.5],0.5,1.0,-1.0,0.0,0.8,-0.8,0.0,0.5,score
easy_new,ours_refined,0.8917456021650879,1.0578484438430311,2956,2025-08-08T12:01:49,sweep_sizenew,26,0.1,10000,9000,1.0,0.0,0.0,0.5,[0.5],0.5,1.0,-1.0,0.0,0.8,-0.8,0.0,0.5,score
hard_new,ours_refined,0.8873056994818653,1.0816062176165804,1544,2025-08-08T12:01:49,sweep_sizenew,26,0.1,10000,9000,1.0,0.0,0.0,0.5,[0.5],0.5,1.0,-1.0,0.0,0.8,-0.8,0.0,0.5,score
overall,ours_refined,0.899,1.08975,4000,2025-08-08T12:01:50,sweep_sizenew,98,0.1,10000,8000,1.0,0.0,0.0,0.5,[0.5],0.5,1.0,-1.0,0.0,0.8,-0.8,0.0,0.5,score
easy_new,ours_refined,0.9028871391076115,1.08286464191976,2667,2025-08-08T12:01:50,sweep_sizenew,98,0.1,10000,8000,1.0,0.0,0.0,0.5,[0.5],0.5,1.0,-1.0,0.0,0.8,-0.8,0.0,0.5,score
hard_new,ours_refined,0.8912228057014253,1.1035258814703677,1333,2025-08-08T12:01:50,sweep_sizenew,98,0.1,10000,8000,1.0,0.0,0.0,0.5,[0.5],0.5,1.0,-1.0,0.0,0.8,-0.8,0.0,0.5,score
overall,ours_refined,0.8991428571428571,1.0982857142857143,3500,2025-08-08T12:01:51,sweep_sizenew,64,0.1,10000,7000,1.0,0.0,0.0,0.5,[0.5],0.5,1.0,-1.0,0.0,0.8,-0.8,0.0,0.5,score
easy_new,ours_refined,0.8998693948628647,1.0818458859381803,2297,2025-08-08T12:01:51,sweep_sizenew,64,0.1,10000,7000,1.0,0.0,0.0,0.5,[0.5],0.5,1.0,-1.0,0.0,0.8,-0.8,0.0,0.5,score
hard_new,ours_refined,0.8977556109725686,1.1296758104738154,1203,2025-08-08T12:01:51,sweep_sizenew,64,0.1,10000,7000,1.0,0.0,0.0,0.5,[0.5],0.5,1.0,-1.0,0.0,0.8,-0.8,0.0,0.5,score
overall,ours_refined,0.89825,1.07975,4000,2025-08-08T12:01:51,sweep_sizenew,99,0.1,10000,8000,1.0,0.0,0.0,0.5,[0.5],0.5,1.0,-1.0,0.0,0.8,-0.8,0.0,0.5,score
easy_new,ours_refined,0.896446312571647,1.0683989300726022,2617,2025-08-08T12:01:51,sweep_sizenew,99,0.1,10000,8000,1.0,0.0,0.0,0.5,[0.5],0.5,1.0,-1.0,0.0,0.8,-0.8,0.0,0.5,score
hard_new,ours_refined,0.9016630513376718,1.1012292118582792,1383,2025-08-08T12:01:51,sweep_sizenew,99,0.1,10000,8000,1.0,0.0,0.0,0.5,[0.5],0.5,1.0,-1.0,0.0,0.8,-0.8,0.0,0.5,score
overall,ours_refined,0.8992,1.0998,5000,2025-08-08T12:01:51,sweep_sizenew,73,0.1,10000,10000,1.0,0.0,0.0,0.5,[0.5],0.5,1.0,-1.0,0.0,0.8,-0.8,0.0,0.5,score
easy_new,ours_refined,0.9049089225069465,1.0876813831429453,3239,2025-08-08T12:01:51,sweep_sizenew,73,0.1,10000,10000,1.0,0.0,0.0,0.5,[0.5],0.5,1.0,-1.0,0.0,0.8,-0.8,0.0,0.5,score
hard_new,ours_refined,0.8886996024985804,1.1220897217490062,1761,2025-08-08T12:01:51,sweep_sizenew,73,0.1,10000,10000,1.0,0.0,0.0,0.5,[0.5],0.5,1.0,-1.0,0.0,0.8,-0.8,0.0,0.5,score
overall,ours_refined,0.8995,1.0835,4000,2025-08-08T12:01:51,sweep_sizenew,100,0.1,10000,8000,1.0,0.0,0.0,0.5,[0.5],0.5,1.0,-1.0,0.0,0.8,-0.8,0.0,0.5,score
easy_new,ours_refined,0.9064150943396226,1.0766037735849057,2650,2025-08-08T12:01:51,sweep_sizenew,100,0.1,10000,8000,1.0,0.0,0.0,0.5,[0.5],0.5,1.0,-1.0,0.0,0.8,-0.8,0.0,0.5,score
hard_new,ours_refined,0.8859259259259259,1.097037037037037,1350,2025-08-08T12:01:51,sweep_sizenew,100,0.1,10000,8000,1.0,0.0,0.0,0.5,[0.5],0.5,1.0,-1.0,0.0,0.8,-0.8,0.0,0.5,score
overall,ours_refined,0.8893333333333333,1.0797777777777777,4500,2025-08-08T12:01:52,sweep_sizenew,42,0.1,10000,9000,1.0,0.0,0.0,0.5,[0.5],0.5,1.0,-1.0,0.0,0.8,-0.8,0.0,0.5,score
easy_new,ours_refined,0.8910991233985165,1.0708024275118004,2966,2025-08-08T12:01:52,sweep_sizenew,42,0.1,10000,9000,1.0,0.0,0.0,0.5,[0.5],0.5,1.0,-1.0,0.0,0.8,-0.8,0.0,0.5,score
hard_new,ours_refined,0.8859191655801826,1.0971316818774446,1534,2025-08-08T12:01:52,sweep_sizenew,42,0.1,10000,9000,1.0,0.0,0.0,0.5,[0.5],0.5,1.0,-1.0,0.0,0.8,-0.8,0.0,0.5,score
overall,ours_refined,0.8976,1.09,2500,2025-08-08T12:01:52,sweep_sizenew,61,0.1,10000,5000,1.0,0.0,0.0,0.5,[0.5],0.5,1.0,-1.0,0.0,0.8,-0.8,0.0,0.5,score
easy_new,ours_refined,0.9008413461538461,1.0799278846153846,1664,2025-08-08T12:01:52,sweep_sizenew,61,0.1,10000,5000,1.0,0.0,0.0,0.5,[0.5],0.5,1.0,-1.0,0.0,0.8,-0.8,0.0,0.5,score
hard_new,ours_refined,0.8911483253588517,1.1100478468899522,836,2025-08-08T12:01:52,sweep_sizenew,61,0.1,10000,5000,1.0,0.0,0.0,0.5,[0.5],0.5,1.0,-1.0,0.0,0.8,-0.8,0.0,0.5,score
overall,ours_refined,0.8846666666666667,1.0586666666666666,1500,2025-08-08T12:01:53,sweep_sizenew,54,0.1,10000,3000,1.0,0.0,0.0,0.5,[0.5],0.5,1.0,-1.0,0.0,0.8,-0.8,0.0,0.5,score
easy_new,ours_refined,0.8803680981595092,1.047034764826176,978,2025-08-08T12:01:53,sweep_sizenew,54,0.1,10000,3000,1.0,0.0,0.0,0.5,[0.5],0.5,1.0,-1.0,0.0,0.8,-0.8,0.0,0.5,score
hard_new,ours_refined,0.89272030651341,1.0804597701149425,522,2025-08-08T12:01:53,sweep_sizenew,54,0.1,10000,3000,1.0,0.0,0.0,0.5,[0.5],0.5,1.0,-1.0,0.0,0.8,-0.8,0.0,0.5,score
overall,ours_refined,0.9128,1.1036,5000,2025-08-08T12:01:53,sweep_sizenew,77,0.1,10000,10000,1.0,0.0,0.0,0.5,[0.5],0.5,1.0,-1.0,0.0,0.8,-0.8,0.0,0.5,score
easy_new,ours_refined,0.9101261926746691,1.0935672514619883,3249,2025-08-08T12:01:53,sweep_sizenew,77,0.1,10000,10000,1.0,0.0,0.0,0.5,[0.5],0.5,1.0,-1.0,0.0,0.8,-0.8,0.0,0.5,score
hard_new,ours_refined,0.9177612792689891,1.1222158766419188,1751,2025-08-08T12:01:53,sweep_sizenew,77,0.1,10000,10000,1.0,0.0,0.0,0.5,[0.5],0.5,1.0,-1.0,0.0,0.8,-0.8,0.0,0.5,score
overall,ours_refined,0.9006,1.0868,5000,2025-08-08T12:01:54,sweep_sizenew,76,0.1,10000,10000,1.0,0.0,0.0,0.5,[0.5],0.5,1.0,-1.0,0.0,0.8,-0.8,0.0,0.5,score
easy_new,ours_refined,0.903010033444816,1.0808756460930373,3289,2025-08-08T12:01:54,sweep_sizenew,76,0.1,10000,10000,1.0,0.0,0.0,0.5,[0.5],0.5,1.0,-1.0,0.0,0.8,-0.8,0.0,0.5,score
hard_new,ours_refined,0.8959672706019871,1.098188194038574,1711,2025-08-08T12:01:54,sweep_sizenew,76,0.1,10000,10000,1.0,0.0,0.0,0.5,[0.5],0.5,1.0,-1.0,0.0,0.8,-0.8,0.0,0.5,score
overall,ours_refined,0.9036,1.0976,2500,2025-08-08T12:01:54,sweep_sizenew,62,0.1,10000,5000,1.0,0.0,0.0,0.5,[0.5],0.5,1.0,-1.0,0.0,0.8,-0.8,0.0,0.5,score
easy_new,ours_refined,0.9088743299583085,1.084574151280524,1679,2025-08-08T12:01:54,sweep_sizenew,62,0.1,10000,5000,1.0,0.0,0.0,0.5,[0.5],0.5,1.0,-1.0,0.0,0.8,-0.8,0.0,0.5,score
hard_new,ours_refined,0.8928136419001218,1.1242387332521315,821,2025-08-08T12:01:54,sweep_sizenew,62,0.1,10000,5000,1.0,0.0,0.0,0.5,[0.5],0.5,1.0,-1.0,0.0,0.8,-0.8,0.0,0.5,score
overall,ours_refined,0.9078,1.1056,5000,2025-08-08T12:01:55,sweep_sizenew,67,0.1,10000,10000,1.0,0.0,0.0,0.5,[0.5],0.5,1.0,-1.0,0.0,0.8,-0.8,0.0,0.5,score
easy_new,ours_refined,0.9106611078022633,1.0938058368076236,3358,2025-08-08T12:01:55,sweep_sizenew,67,0.1,10000,10000,1.0,0.0,0.0,0.5,[0.5],0.5,1.0,-1.0,0.0,0.8,-0.8,0.0,0.5,score
hard_new,ours_refined,0.9019488428745432,1.1297198538367843,1642,2025-08-08T12:01:55,sweep_sizenew,67,0.1,10000,10000,1.0,0.0,0.0,0.5,[0.5],0.5,1.0,-1.0,0.0,0.8,-0.8,0.0,0.5,score
overall,ours_refined,0.902,1.088,5000,2025-08-08T12:01:55,sweep_sizenew,68,0.1,10000,10000,1.0,0.0,0.0,0.5,[0.5],0.5,1.0,-1.0,0.0,0.8,-0.8,0.0,0.5,score
easy_new,ours_refined,0.9051856397667997,1.0813132862841361,3259,2025-08-08T12:01:55,sweep_sizenew,68,0.1,10000,10000,1.0,0.0,0.0,0.5,[0.5],0.5,1.0,-1.0,0.0,0.8,-0.8,0.0,0.5,score
hard_new,ours_refined,0.8960367604824814,1.1005169442848937,1741,2025-08-08T12:01:55,sweep_sizenew,68,0.1,10000,10000,1.0,0.0,0.0,0.5,[0.5],0.5,1.0,-1.0,0.0,0.8,-0.8,0.0,0.5,score
overall,ours_refined,0.9012,1.0914,5000,2025-08-08T12:01:55,sweep_sizenew,75,0.1,10000,10000,1.0,0.0,0.0,0.5,[0.5],0.5,1.0,-1.0,0.0,0.8,-0.8,0.0,0.5,score
easy_new,ours_refined,0.9058609170968721,1.0853325235347708,3293,2025-08-08T12:01:55,sweep_sizenew,75,0.1,10000,10000,1.0,0.0,0.0,0.5,[0.5],0.5,1.0,-1.0,0.0,0.8,-0.8,0.0,0.5,score
hard_new,ours_refined,0.8922085530169889,1.1031048623315758,1707,2025-08-08T12:01:55,sweep_sizenew,75,0.1,10000,10000,1.0,0.0,0.0,0.5,[0.5],0.5,1.0,-1.0,0.0,0.8,-0.8,0.0,0.5,score
overall,ours_refined,0.9052,1.078,5000,2025-08-08T12:01:57,sweep_sizenew,65,0.1,10000,10000,1.0,0.0,0.0,0.5,[0.5],0.5,1.0,-1.0,0.0,0.8,-0.8,0.0,0.5,score
easy_new,ours_refined,0.9103302029687973,1.07028173280824,3301,2025-08-08T12:01:57,sweep_sizenew,65,0.1,10000,10000,1.0,0.0,0.0,0.5,[0.5],0.5,1.0,-1.0,0.0,0.8,-0.8,0.0,0.5,score
hard_new,ours_refined,0.8952324896998234,1.0929958799293702,1699,2025-08-08T12:01:57,sweep_sizenew,65,0.1,10000,10000,1.0,0.0,0.0,0.5,[0.5],0.5,1.0,-1.0,0.0,0.8,-0.8,0.0,0.5,score
overall,ours_refined,0.9008,1.0994,5000,2025-08-08T12:01:57,sweep_sizenew,66,0.1,10000,10000,1.0,0.0,0.0,0.5,[0.5],0.5,1.0,-1.0,0.0,0.8,-0.8,0.0,0.5,score
easy_new,ours_refined,0.9123885644020904,1.0848447586842915,3253,2025-08-08T12:01:57,sweep_sizenew,66,0.1,10000,10000,1.0,0.0,0.0,0.5,[0.5],0.5,1.0,-1.0,0.0,0.8,-0.8,0.0,0.5,score
hard_new,ours_refined,0.8792215226101889,1.1265025758443046,1747,2025-08-08T12:01:57,sweep_sizenew,66,0.1,10000,10000,1.0,0.0,0.0,0.5,[0.5],0.5,1.0,-1.0,0.0,0.8,-0.8,0.0,0.5,score
overall,ours_refined,0.8965,1.07675,4000,2025-08-08T12:01:57,sweep_sizenew,97,0.1,10000,8000,1.0,0.0,0.0,0.5,[0.5],0.5,1.0,-1.0,0.0,0.8,-0.8,0.0,0.5,score
easy_new,ours_refined,0.9008295625942685,1.0693815987933635,2652,2025-08-08T12:01:57,sweep_sizenew,97,0.1,10000,8000,1.0,0.0,0.0,0.5,[0.5],0.5,1.0,-1.0,0.0,0.8,-0.8,0.0,0.5,score
hard_new,ours_refined,0.8879821958456974,1.0912462908011868,1348,2025-08-08T12:01:57,sweep_sizenew,97,0.1,10000,8000,1.0,0.0,0.0,0.5,[0.5],0.5,1.0,-1.0,0.0,0.8,-0.8,0.0,0.5,score
overall,ours_refined,0.9028888888888889,1.0931111111111111,4500,2025-08-08T12:01:59,sweep_sizenew,59,0.1,10000,9000,1.0,0.0,0.0,0.5,[0.5],0.5,1.0,-1.0,0.0,0.8,-0.8,0.0,0.5,score
easy_new,ours_refined,0.912008281573499,1.082470669427191,2898,2025-08-08T12:01:59,sweep_sizenew,59,0.1,10000,9000,1.0,0.0,0.0,0.5,[0.5],0.5,1.0,-1.0,0.0,0.8,-0.8,0.0,0.5,score
hard_new,ours_refined,0.8863920099875156,1.1123595505617978,1602,2025-08-08T12:01:59,sweep_sizenew,59,0.1,10000,9000,1.0,0.0,0.0,0.5,[0.5],0.5,1.0,-1.0,0.0,0.8,-0.8,0.0,0.5,score
overall,ours_refined,0.9008888888888889,1.0751111111111111,4500,2025-08-08T12:02:01,sweep_sizenew,98,0.1,10000,9000,1.0,0.0,0.0,0.5,[0.5],0.5,1.0,-1.0,0.0,0.8,-0.8,0.0,0.5,score
easy_new,ours_refined,0.9002335669002336,1.0667334000667335,2997,2025-08-08T12:02:01,sweep_sizenew,98,0.1,10000,9000,1.0,0.0,0.0,0.5,[0.5],0.5,1.0,-1.0,0.0,0.8,-0.8,0.0,0.5,score
hard_new,ours_refined,0.9021956087824351,1.091816367265469,1503,2025-08-08T12:02:01,sweep_sizenew,98,0.1,10000,9000,1.0,0.0,0.0,0.5,[0.5],0.5,1.0,-1.0,0.0,0.8,-0.8,0.0,0.5,score
overall,ours_refined,0.9035555555555556,1.0877777777777777,4500,2025-08-08T12:02:01,sweep_sizenew,60,0.1,10000,9000,1.0,0.0,0.0,0.5,[0.5],0.5,1.0,-1.0,0.0,0.8,-0.8,0.0,0.5,score
easy_new,ours_refined,0.907707910750507,1.0757268424611224,2958,2025-08-08T12:02:01,sweep_sizenew,60,0.1,10000,9000,1.0,0.0,0.0,0.5,[0.5],0.5,1.0,-1.0,0.0,0.8,-0.8,0.0,0.5,score
hard_new,ours_refined,0.8955901426718548,1.1108949416342413,1542,2025-08-08T12:02:01,sweep_sizenew,60,0.1,10000,9000,1.0,0.0,0.0,0.5,[0.5],0.5,1.0,-1.0,0.0,0.8,-0.8,0.0,0.5,score
overall,ours_refined,0.9013333333333333,1.0926666666666667,4500,2025-08-08T12:02:01,sweep_sizenew,99,0.1,10000,9000,1.0,0.0,0.0,0.5,[0.5],0.5,1.0,-1.0,0.0,0.8,-0.8,0.0,0.5,score
easy_new,ours_refined,0.9000679809653297,1.0812372535690007,2942,2025-08-08T12:02:01,sweep_sizenew,99,0.1,10000,9000,1.0,0.0,0.0,0.5,[0.5],0.5,1.0,-1.0,0.0,0.8,-0.8,0.0,0.5,score
hard_new,ours_refined,0.9037227214377407,1.1142490372272145,1558,2025-08-08T12:02:01,sweep_sizenew,99,0.1,10000,9000,1.0,0.0,0.0,0.5,[0.5],0.5,1.0,-1.0,0.0,0.8,-0.8,0.0,0.5,score
overall,ours_refined,0.8998,1.0742,5000,2025-08-08T12:02:01,sweep_sizenew,52,0.1,10000,10000,1.0,0.0,0.0,0.5,[0.5],0.5,1.0,-1.0,0.0,0.8,-0.8,0.0,0.5,score
easy_new,ours_refined,0.9007541478129714,1.0675716440422323,3315,2025-08-08T12:02:01,sweep_sizenew,52,0.1,10000,10000,1.0,0.0,0.0,0.5,[0.5],0.5,1.0,-1.0,0.0,0.8,-0.8,0.0,0.5,score
hard_new,ours_refined,0.8979228486646884,1.0872403560830861,1685,2025-08-08T12:02:01,sweep_sizenew,52,0.1,10000,10000,1.0,0.0,0.0,0.5,[0.5],0.5,1.0,-1.0,0.0,0.8,-0.8,0.0,0.5,score
overall,ours_refined,0.8886666666666667,1.0737777777777777,4500,2025-08-08T12:02:01,sweep_sizenew,100,0.1,10000,9000,1.0,0.0,0.0,0.5,[0.5],0.5,1.0,-1.0,0.0,0.8,-0.8,0.0,0.5,score
easy_new,ours_refined,0.8974874371859296,1.0693467336683418,2985,2025-08-08T12:02:01,sweep_sizenew,100,0.1,10000,9000,1.0,0.0,0.0,0.5,[0.5],0.5,1.0,-1.0,0.0,0.8,-0.8,0.0,0.5,score
hard_new,ours_refined,0.8712871287128713,1.0825082508250825,1515,2025-08-08T12:02:01,sweep_sizenew,100,0.1,10000,9000,1.0,0.0,0.0,0.5,[0.5],0.5,1.0,-1.0,0.0,0.8,-0.8,0.0,0.5,score
overall,ours_refined,0.8955,1.08175,4000,2025-08-08T12:02:03,sweep_sizenew,63,0.1,10000,8000,1.0,0.0,0.0,0.5,[0.5],0.5,1.0,-1.0,0.0,0.8,-0.8,0.0,0.5,score
easy_new,ours_refined,0.8955732122587968,1.0715096481271282,2643,2025-08-08T12:02:03,sweep_sizenew,63,0.1,10000,8000,1.0,0.0,0.0,0.5,[0.5],0.5,1.0,-1.0,0.0,0.8,-0.8,0.0,0.5,score
hard_new,ours_refined,0.8953574060427414,1.1016949152542372,1357,2025-08-08T12:02:03,sweep_sizenew,63,0.1,10000,8000,1.0,0.0,0.0,0.5,[0.5],0.5,1.0,-1.0,0.0,0.8,-0.8,0.0,0.5,score
overall,ours_refined,0.909,1.1195,2000,2025-08-08T12:02:04,sweep_sizenew,54,0.1,10000,4000,1.0,0.0,0.0,0.5,[0.5],0.5,1.0,-1.0,0.0,0.8,-0.8,0.0,0.5,score
easy_new,ours_refined,0.9120122417750574,1.1040550879877582,1307,2025-08-08T12:02:04,sweep_sizenew,54,0.1,10000,4000,1.0,0.0,0.0,0.5,[0.5],0.5,1.0,-1.0,0.0,0.8,-0.8,0.0,0.5,score
hard_new,ours_refined,0.9033189033189033,1.1486291486291487,693,2025-08-08T12:02:04,sweep_sizenew,54,0.1,10000,4000,1.0,0.0,0.0,0.5,[0.5],0.5,1.0,-1.0,0.0,0.8,-0.8,0.0,0.5,score
overall,ours_refined,0.8913333333333333,1.068,3000,2025-08-08T12:02:05,sweep_sizenew,61,0.1,10000,6000,1.0,0.0,0.0,0.5,[0.5],0.5,1.0,-1.0,0.0,0.8,-0.8,0.0,0.5,score
easy_new,ours_refined,0.891946992864424,1.061671763506626,1962,2025-08-08T12:02:05,sweep_sizenew,61,0.1,10000,6000,1.0,0.0,0.0,0.5,[0.5],0.5,1.0,-1.0,0.0,0.8,-0.8,0.0,0.5,score
hard_new,ours_refined,0.8901734104046243,1.079961464354528,1038,2025-08-08T12:02:05,sweep_sizenew,61,0.1,10000,6000,1.0,0.0,0.0,0.5,[0.5],0.5,1.0,-1.0,0.0,0.8,-0.8,0.0,0.5,score
overall,ours_refined,0.89725,1.098,4000,2025-08-08T12:02:05,sweep_sizenew,64,0.1,10000,8000,1.0,0.0,0.0,0.5,[0.5],0.5,1.0,-1.0,0.0,0.8,-0.8,0.0,0.5,score
easy_new,ours_refined,0.901707779886148,1.0853889943074004,2635,2025-08-08T12:02:05,sweep_sizenew,64,0.1,10000,8000,1.0,0.0,0.0,0.5,[0.5],0.5,1.0,-1.0,0.0,0.8,-0.8,0.0,0.5,score
hard_new,ours_refined,0.8886446886446886,1.1223443223443224,1365,2025-08-08T12:02:05,sweep_sizenew,64,0.1,10000,8000,1.0,0.0,0.0,0.5,[0.5],0.5,1.0,-1.0,0.0,0.8,-0.8,0.0,0.5,score
overall,ours_refined,0.896,1.1022,5000,2025-08-08T12:02:06,sweep_sizenew,26,0.1,10000,10000,1.0,0.0,0.0,0.5,[0.5],0.5,1.0,-1.0,0.0,0.8,-0.8,0.0,0.5,score
easy_new,ours_refined,0.9049649710630521,1.0883338409990861,3283,2025-08-08T12:02:06,sweep_sizenew,26,0.1,10000,10000,1.0,0.0,0.0,0.5,[0.5],0.5,1.0,-1.0,0.0,0.8,-0.8,0.0,0.5,score
hard_new,ours_refined,0.8788584740827023,1.1287128712871286,1717,2025-08-08T12:02:06,sweep_sizenew,26,0.1,10000,10000,1.0,0.0,0.0,0.5,[0.5],0.5,1.0,-1.0,0.0,0.8,-0.8,0.0,0.5,score
overall,ours_refined,0.89,1.0666666666666667,3000,2025-08-08T12:02:07,sweep_sizenew,62,0.1,10000,6000,1.0,0.0,0.0,0.5,[0.5],0.5,1.0,-1.0,0.0,0.8,-0.8,0.0,0.5,score
easy_new,ours_refined,0.8955962394854032,1.053933696190005,2021,2025-08-08T12:02:07,sweep_sizenew,62,0.1,10000,6000,1.0,0.0,0.0,0.5,[0.5],0.5,1.0,-1.0,0.0,0.8,-0.8,0.0,0.5,score
hard_new,ours_refined,0.8784473953013279,1.0929519918283963,979,2025-08-08T12:02:07,sweep_sizenew,62,0.1,10000,6000,1.0,0.0,0.0,0.5,[0.5],0.5,1.0,-1.0,0.0,0.8,-0.8,0.0,0.5,score
overall,ours_refined,0.9071111111111111,1.092,4500,2025-08-08T12:02:08,sweep_sizenew,97,0.1,10000,9000,1.0,0.0,0.0,0.5,[0.5],0.5,1.0,-1.0,0.0,0.8,-0.8,0.0,0.5,score
easy_new,ours_refined,0.9126050420168067,1.0816806722689076,2975,2025-08-08T12:02:08,sweep_sizenew,97,0.1,10000,9000,1.0,0.0,0.0,0.5,[0.5],0.5,1.0,-1.0,0.0,0.8,-0.8,0.0,0.5,score
hard_new,ours_refined,0.8963934426229508,1.1121311475409836,1525,2025-08-08T12:02:08,sweep_sizenew,97,0.1,10000,9000,1.0,0.0,0.0,0.5,[0.5],0.5,1.0,-1.0,0.0,0.8,-0.8,0.0,0.5,score
overall,ours_refined,0.8976,1.0866,5000,2025-08-08T12:02:09,sweep_sizenew,42,0.1,10000,10000,1.0,0.0,0.0,0.5,[0.5],0.5,1.0,-1.0,0.0,0.8,-0.8,0.0,0.5,score
easy_new,ours_refined,0.9025954198473283,1.073587786259542,3275,2025-08-08T12:02:09,sweep_sizenew,42,0.1,10000,10000,1.0,0.0,0.0,0.5,[0.5],0.5,1.0,-1.0,0.0,0.8,-0.8,0.0,0.5,score
hard_new,ours_refined,0.8881159420289855,1.111304347826087,1725,2025-08-08T12:02:09,sweep_sizenew,42,0.1,10000,10000,1.0,0.0,0.0,0.5,[0.5],0.5,1.0,-1.0,0.0,0.8,-0.8,0.0,0.5,score
overall,ours_refined,0.9046,1.099,5000,2025-08-08T12:02:12,sweep_sizenew,98,0.1,10000,10000,1.0,0.0,0.0,0.5,[0.5],0.5,1.0,-1.0,0.0,0.8,-0.8,0.0,0.5,score
easy_new,ours_refined,0.902127659574468,1.0872340425531914,3290,2025-08-08T12:02:12,sweep_sizenew,98,0.1,10000,10000,1.0,0.0,0.0,0.5,[0.5],0.5,1.0,-1.0,0.0,0.8,-0.8,0.0,0.5,score
hard_new,ours_refined,0.9093567251461988,1.1216374269005849,1710,2025-08-08T12:02:12,sweep_sizenew,98,0.1,10000,10000,1.0,0.0,0.0,0.5,[0.5],0.5,1.0,-1.0,0.0,0.8,-0.8,0.0,0.5,score
overall,ours_refined,0.9074,1.0892,5000,2025-08-08T12:02:12,sweep_sizenew,99,0.1,10000,10000,1.0,0.0,0.0,0.5,[0.5],0.5,1.0,-1.0,0.0,0.8,-0.8,0.0,0.5,score
easy_new,ours_refined,0.9166153846153846,1.072,3250,2025-08-08T12:02:12,sweep_sizenew,99,0.1,10000,10000,1.0,0.0,0.0,0.5,[0.5],0.5,1.0,-1.0,0.0,0.8,-0.8,0.0,0.5,score
hard_new,ours_refined,0.8902857142857142,1.1211428571428572,1750,2025-08-08T12:02:12,sweep_sizenew,99,0.1,10000,10000,1.0,0.0,0.0,0.5,[0.5],0.5,1.0,-1.0,0.0,0.8,-0.8,0.0,0.5,score
overall,ours_refined,0.9058,1.1076,5000,2025-08-08T12:02:12,sweep_sizenew,100,0.1,10000,10000,1.0,0.0,0.0,0.5,[0.5],0.5,1.0,-1.0,0.0,0.8,-0.8,0.0,0.5,score
easy_new,ours_refined,0.911280487804878,1.0957317073170731,3280,2025-08-08T12:02:12,sweep_sizenew,100,0.1,10000,10000,1.0,0.0,0.0,0.5,[0.5],0.5,1.0,-1.0,0.0,0.8,-0.8,0.0,0.5,score
hard_new,ours_refined,0.8953488372093024,1.130232558139535,1720,2025-08-08T12:02:12,sweep_sizenew,100,0.1,10000,10000,1.0,0.0,0.0,0.5,[0.5],0.5,1.0,-1.0,0.0,0.8,-0.8,0.0,0.5,score
overall,ours_refined,0.9038,1.0874,5000,2025-08-08T12:02:12,sweep_sizenew,59,0.1,10000,10000,1.0,0.0,0.0,0.5,[0.5],0.5,1.0,-1.0,0.0,0.8,-0.8,0.0,0.5,score
easy_new,ours_refined,0.9088098918083463,1.0800618238021638,3235,2025-08-08T12:02:12,sweep_sizenew,59,0.1,10000,10000,1.0,0.0,0.0,0.5,[0.5],0.5,1.0,-1.0,0.0,0.8,-0.8,0.0,0.5,score
hard_new,ours_refined,0.8946175637393767,1.1008498583569406,1765,2025-08-08T12:02:12,sweep_sizenew,59,0.1,10000,10000,1.0,0.0,0.0,0.5,[0.5],0.5,1.0,-1.0,0.0,0.8,-0.8,0.0,0.5,score
overall,ours_refined,0.9062,1.1198,5000,2025-08-08T12:02:14,sweep_sizenew,60,0.1,10000,10000,1.0,0.0,0.0,0.5,[0.5],0.5,1.0,-1.0,0.0,0.8,-0.8,0.0,0.5,score
easy_new,ours_refined,0.9148023291449586,1.1112473184186331,3263,2025-08-08T12:02:14,sweep_sizenew,60,0.1,10000,10000,1.0,0.0,0.0,0.5,[0.5],0.5,1.0,-1.0,0.0,0.8,-0.8,0.0,0.5,score
hard_new,ours_refined,0.8900402993667242,1.1358664363845712,1737,2025-08-08T12:02:14,sweep_sizenew,60,0.1,10000,10000,1.0,0.0,0.0,0.5,[0.5],0.5,1.0,-1.0,0.0,0.8,-0.8,0.0,0.5,score
overall,ours_refined,0.9004,1.0796,2500,2025-08-08T12:02:16,sweep_sizenew,54,0.1,10000,5000,1.0,0.0,0.0,0.5,[0.5],0.5,1.0,-1.0,0.0,0.8,-0.8,0.0,0.5,score
easy_new,ours_refined,0.9037631091918569,1.0703269586674893,1621,2025-08-08T12:02:16,sweep_sizenew,54,0.1,10000,5000,1.0,0.0,0.0,0.5,[0.5],0.5,1.0,-1.0,0.0,0.8,-0.8,0.0,0.5,score
hard_new,ours_refined,0.89419795221843,1.0967007963594995,879,2025-08-08T12:02:16,sweep_sizenew,54,0.1,10000,5000,1.0,0.0,0.0,0.5,[0.5],0.5,1.0,-1.0,0.0,0.8,-0.8,0.0,0.5,score
overall,ours_refined,0.9011111111111111,1.0793333333333333,4500,2025-08-08T12:02:19,sweep_sizenew,63,0.1,10000,9000,1.0,0.0,0.0,0.5,[0.5],0.5,1.0,-1.0,0.0,0.8,-0.8,0.0,0.5,score
easy_new,ours_refined,0.9065326633165829,1.067001675041876,2985,2025-08-08T12:02:19,sweep_sizenew,63,0.1,10000,9000,1.0,0.0,0.0,0.5,[0.5],0.5,1.0,-1.0,0.0,0.8,-0.8,0.0,0.5,score
hard_new,ours_refined,0.8904290429042905,1.1036303630363036,1515,2025-08-08T12:02:19,sweep_sizenew,63,0.1,10000,9000,1.0,0.0,0.0,0.5,[0.5],0.5,1.0,-1.0,0.0,0.8,-0.8,0.0,0.5,score
overall,ours_refined,0.9005714285714286,1.0771428571428572,3500,2025-08-08T12:02:19,sweep_sizenew,61,0.1,10000,7000,1.0,0.0,0.0,0.5,[0.5],0.5,1.0,-1.0,0.0,0.8,-0.8,0.0,0.5,score
easy_new,ours_refined,0.8975903614457831,1.0632530120481927,2324,2025-08-08T12:02:19,sweep_sizenew,61,0.1,10000,7000,1.0,0.0,0.0,0.5,[0.5],0.5,1.0,-1.0,0.0,0.8,-0.8,0.0,0.5,score
hard_new,ours_refined,0.9064625850340136,1.1045918367346939,1176,2025-08-08T12:02:19,sweep_sizenew,61,0.1,10000,7000,1.0,0.0,0.0,0.5,[0.5],0.5,1.0,-1.0,0.0,0.8,-0.8,0.0,0.5,score
overall,ours_refined,0.8998,1.0834,5000,2025-08-08T12:02:20,sweep_sizenew,97,0.1,10000,10000,1.0,0.0,0.0,0.5,[0.5],0.5,1.0,-1.0,0.0,0.8,-0.8,0.0,0.5,score
easy_new,ours_refined,0.9022602321319487,1.0720830788026878,3274,2025-08-08T12:02:20,sweep_sizenew,97,0.1,10000,10000,1.0,0.0,0.0,0.5,[0.5],0.5,1.0,-1.0,0.0,0.8,-0.8,0.0,0.5,score
hard_new,ours_refined,0.8951332560834299,1.10486674391657,1726,2025-08-08T12:02:20,sweep_sizenew,97,0.1,10000,10000,1.0,0.0,0.0,0.5,[0.5],0.5,1.0,-1.0,0.0,0.8,-0.8,0.0,0.5,score
overall,ours_refined,0.9057777777777778,1.0882222222222222,4500,2025-08-08T12:02:21,sweep_sizenew,64,0.1,10000,9000,1.0,0.0,0.0,0.5,[0.5],0.5,1.0,-1.0,0.0,0.8,-0.8,0.0,0.5,score
easy_new,ours_refined,0.9112086428089129,1.074949358541526,2962,2025-08-08T12:02:21,sweep_sizenew,64,0.1,10000,9000,1.0,0.0,0.0,0.5,[0.5],0.5,1.0,-1.0,0.0,0.8,-0.8,0.0,0.5,score
hard_new,ours_refined,0.8953185955786735,1.1137841352405722,1538,2025-08-08T12:02:21,sweep_sizenew,64,0.1,10000,9000,1.0,0.0,0.0,0.5,[0.5],0.5,1.0,-1.0,0.0,0.8,-0.8,0.0,0.5,score
overall,ours_refined,0.896,1.0854285714285714,3500,2025-08-08T12:02:22,sweep_sizenew,62,0.1,10000,7000,1.0,0.0,0.0,0.5,[0.5],0.5,1.0,-1.0,0.0,0.8,-0.8,0.0,0.5,score
easy_new,ours_refined,0.8938282261545102,1.0763918860595598,2317,2025-08-08T12:02:22,sweep_sizenew,62,0.1,10000,7000,1.0,0.0,0.0,0.5,[0.5],0.5,1.0,-1.0,0.0,0.8,-0.8,0.0,0.5,score
hard_new,ours_refined,0.9002535925612849,1.10312764158918,1183,2025-08-08T12:02:22,sweep_sizenew,62,0.1,10000,7000,1.0,0.0,0.0,0.5,[0.5],0.5,1.0,-1.0,0.0,0.8,-0.8,0.0,0.5,score
overall,ours_refined,0.9076666666666666,1.105,3000,2025-08-08T12:02:29,sweep_sizenew,54,0.1,10000,6000,1.0,0.0,0.0,0.5,[0.5],0.5,1.0,-1.0,0.0,0.8,-0.8,0.0,0.5,score
easy_new,ours_refined,0.9139676113360324,1.0926113360323886,1976,2025-08-08T12:02:29,sweep_sizenew,54,0.1,10000,6000,1.0,0.0,0.0,0.5,[0.5],0.5,1.0,-1.0,0.0,0.8,-0.8,0.0,0.5,score
hard_new,ours_refined,0.8955078125,1.12890625,1024,2025-08-08T12:02:29,sweep_sizenew,54,0.1,10000,6000,1.0,0.0,0.0,0.5,[0.5],0.5,1.0,-1.0,0.0,0.8,-0.8,0.0,0.5,score
overall,ours_refined,0.904,1.08975,4000,2025-08-08T12:02:34,sweep_sizenew,61,0.1,10000,8000,1.0,0.0,0.0,0.5,[0.5],0.5,1.0,-1.0,0.0,0.8,-0.8,0.0,0.5,score
easy_new,ours_refined,0.9054257724189902,1.0836473247927656,2654,2025-08-08T12:02:34,sweep_sizenew,61,0.1,10000,8000,1.0,0.0,0.0,0.5,[0.5],0.5,1.0,-1.0,0.0,0.8,-0.8,0.0,0.5,score
hard_new,ours_refined,0.9011887072808321,1.1017830609212482,1346,2025-08-08T12:02:34,sweep_sizenew,61,0.1,10000,8000,1.0,0.0,0.0,0.5,[0.5],0.5,1.0,-1.0,0.0,0.8,-0.8,0.0,0.5,score
overall,ours_refined,0.9016,1.0896,5000,2025-08-08T12:02:36,sweep_sizenew,63,0.1,10000,10000,1.0,0.0,0.0,0.5,[0.5],0.5,1.0,-1.0,0.0,0.8,-0.8,0.0,0.5,score
easy_new,ours_refined,0.9027946537059538,1.0789793438639126,3292,2025-08-08T12:02:36,sweep_sizenew,63,0.1,10000,10000,1.0,0.0,0.0,0.5,[0.5],0.5,1.0,-1.0,0.0,0.8,-0.8,0.0,0.5,score
hard_new,ours_refined,0.8992974238875878,1.1100702576112411,1708,2025-08-08T12:02:36,sweep_sizenew,63,0.1,10000,10000,1.0,0.0,0.0,0.5,[0.5],0.5,1.0,-1.0,0.0,0.8,-0.8,0.0,0.5,score
overall,ours_refined,0.90675,1.1005,4000,2025-08-08T12:02:37,sweep_sizenew,62,0.1,10000,8000,1.0,0.0,0.0,0.5,[0.5],0.5,1.0,-1.0,0.0,0.8,-0.8,0.0,0.5,score
easy_new,ours_refined,0.900342335488779,1.0848231266641308,2629,2025-08-08T12:02:37,sweep_sizenew,62,0.1,10000,8000,1.0,0.0,0.0,0.5,[0.5],0.5,1.0,-1.0,0.0,0.8,-0.8,0.0,0.5,score
hard_new,ours_refined,0.9190371991247265,1.1305616338439095,1371,2025-08-08T12:02:37,sweep_sizenew,62,0.1,10000,8000,1.0,0.0,0.0,0.5,[0.5],0.5,1.0,-1.0,0.0,0.8,-0.8,0.0,0.5,score
overall,ours_refined,0.8968,1.081,5000,2025-08-08T12:02:38,sweep_sizenew,64,0.1,10000,10000,1.0,0.0,0.0,0.5,[0.5],0.5,1.0,-1.0,0.0,0.8,-0.8,0.0,0.5,score
easy_new,ours_refined,0.8975757575757576,1.0715151515151515,3300,2025-08-08T12:02:38,sweep_sizenew,64,0.1,10000,10000,1.0,0.0,0.0,0.5,[0.5],0.5,1.0,-1.0,0.0,0.8,-0.8,0.0,0.5,score
hard_new,ours_refined,0.8952941176470588,1.0994117647058823,1700,2025-08-08T12:02:38,sweep_sizenew,64,0.1,10000,10000,1.0,0.0,0.0,0.5,[0.5],0.5,1.0,-1.0,0.0,0.8,-0.8,0.0,0.5,score
overall,ours_refined,0.9045714285714286,1.088857142857143,3500,2025-08-08T12:02:44,sweep_sizenew,54,0.1,10000,7000,1.0,0.0,0.0,0.5,[0.5],0.5,1.0,-1.0,0.0,0.8,-0.8,0.0,0.5,score
easy_new,ours_refined,0.9080105633802817,1.0818661971830985,2272,2025-08-08T12:02:44,sweep_sizenew,54,0.1,10000,7000,1.0,0.0,0.0,0.5,[0.5],0.5,1.0,-1.0,0.0,0.8,-0.8,0.0,0.5,score
hard_new,ours_refined,0.8982084690553745,1.1017915309446253,1228,2025-08-08T12:02:44,sweep_sizenew,54,0.1,10000,7000,1.0,0.0,0.0,0.5,[0.5],0.5,1.0,-1.0,0.0,0.8,-0.8,0.0,0.5,score
overall,ours_refined,0.8928888888888888,1.0766666666666667,4500,2025-08-08T12:02:51,sweep_sizenew,61,0.1,10000,9000,1.0,0.0,0.0,0.5,[0.5],0.5,1.0,-1.0,0.0,0.8,-0.8,0.0,0.5,score
easy_new,ours_refined,0.8962457337883959,1.0726962457337883,2930,2025-08-08T12:02:51,sweep_sizenew,61,0.1,10000,9000,1.0,0.0,0.0,0.5,[0.5],0.5,1.0,-1.0,0.0,0.8,-0.8,0.0,0.5,score
hard_new,ours_refined,0.8866242038216561,1.084076433121019,1570,2025-08-08T12:02:51,sweep_sizenew,61,0.1,10000,9000,1.0,0.0,0.0,0.5,[0.5],0.5,1.0,-1.0,0.0,0.8,-0.8,0.0,0.5,score
overall,ours_refined,0.8988888888888888,1.094,4500,2025-08-08T12:02:54,sweep_sizenew,62,0.1,10000,9000,1.0,0.0,0.0,0.5,[0.5],0.5,1.0,-1.0,0.0,0.8,-0.8,0.0,0.5,score
easy_new,ours_refined,0.9016010673782522,1.079719813208806,2998,2025-08-08T12:02:54,sweep_sizenew,62,0.1,10000,9000,1.0,0.0,0.0,0.5,[0.5],0.5,1.0,-1.0,0.0,0.8,-0.8,0.0,0.5,score
hard_new,ours_refined,0.8934753661784287,1.122503328894807,1502,2025-08-08T12:02:54,sweep_sizenew,62,0.1,10000,9000,1.0,0.0,0.0,0.5,[0.5],0.5,1.0,-1.0,0.0,0.8,-0.8,0.0,0.5,score
overall,ours_refined,0.898,1.0815,4000,2025-08-08T12:02:59,sweep_sizenew,54,0.1,10000,8000,1.0,0.0,0.0,0.5,[0.5],0.5,1.0,-1.0,0.0,0.8,-0.8,0.0,0.5,score
easy_new,ours_refined,0.896551724137931,1.0697318007662835,2610,2025-08-08T12:02:59,sweep_sizenew,54,0.1,10000,8000,1.0,0.0,0.0,0.5,[0.5],0.5,1.0,-1.0,0.0,0.8,-0.8,0.0,0.5,score
hard_new,ours_refined,0.9007194244604316,1.1035971223021583,1390,2025-08-08T12:02:59,sweep_sizenew,54,0.1,10000,8000,1.0,0.0,0.0,0.5,[0.5],0.5,1.0,-1.0,0.0,0.8,-0.8,0.0,0.5,score
overall,ours_refined,0.9014,1.1022,5000,2025-08-08T12:03:08,sweep_sizenew,61,0.1,10000,10000,1.0,0.0,0.0,0.5,[0.5],0.5,1.0,-1.0,0.0,0.8,-0.8,0.0,0.5,score
easy_new,ours_refined,0.904601226993865,1.0886503067484663,3260,2025-08-08T12:03:08,sweep_sizenew,61,0.1,10000,10000,1.0,0.0,0.0,0.5,[0.5],0.5,1.0,-1.0,0.0,0.8,-0.8,0.0,0.5,score
hard_new,ours_refined,0.8954022988505748,1.1275862068965516,1740,2025-08-08T12:03:08,sweep_sizenew,61,0.1,10000,10000,1.0,0.0,0.0,0.5,[0.5],0.5,1.0,-1.0,0.0,0.8,-0.8,0.0,0.5,score
overall,ours_refined,0.8874,1.0556,5000,2025-08-08T12:03:11,sweep_sizenew,62,0.1,10000,10000,1.0,0.0,0.0,0.5,[0.5],0.5,1.0,-1.0,0.0,0.8,-0.8,0.0,0.5,score
easy_new,ours_refined,0.8949111713339356,1.0451671183378501,3321,2025-08-08T12:03:11,sweep_sizenew,62,0.1,10000,10000,1.0,0.0,0.0,0.5,[0.5],0.5,1.0,-1.0,0.0,0.8,-0.8,0.0,0.5,score
hard_new,ours_refined,0.8725431804645623,1.076235854675402,1679,2025-08-08T12:03:11,sweep_sizenew,62,0.1,10000,10000,1.0,0.0,0.0,0.5,[0.5],0.5,1.0,-1.0,0.0,0.8,-0.8,0.0,0.5,score
overall,ours_refined,0.9035555555555556,1.1017777777777777,4500,2025-08-08T12:03:15,sweep_sizenew,54,0.1,10000,9000,1.0,0.0,0.0,0.5,[0.5],0.5,1.0,-1.0,0.0,0.8,-0.8,0.0,0.5,score
easy_new,ours_refined,0.9060061079063454,1.0882253138785205,2947,2025-08-08T12:03:15,sweep_sizenew,54,0.1,10000,9000,1.0,0.0,0.0,0.5,[0.5],0.5,1.0,-1.0,0.0,0.8,-0.8,0.0,0.5,score
hard_new,ours_refined,0.8989053444945267,1.1274951706374758,1553,2025-08-08T12:03:15,sweep_sizenew,54,0.1,10000,9000,1.0,0.0,0.0,0.5,[0.5],0.5,1.0,-1.0,0.0,0.8,-0.8,0.0,0.5,score
overall,ours_refined,0.8972,1.0906,5000,2025-08-08T12:03:32,sweep_sizenew,54,0.1,10000,10000,1.0,0.0,0.0,0.5,[0.5],0.5,1.0,-1.0,0.0,0.8,-0.8,0.0,0.5,score
easy_new,ours_refined,0.8956680902989628,1.0707748627211715,3278,2025-08-08T12:03:32,sweep_sizenew,54,0.1,10000,10000,1.0,0.0,0.0,0.5,[0.5],0.5,1.0,-1.0,0.0,0.8,-0.8,0.0,0.5,score
hard_new,ours_refined,0.9001161440185831,1.1283391405342624,1722,2025-08-08T12:03:32,sweep_sizenew,54,0.1,10000,10000,1.0,0.0,0.0,0.5,[0.5],0.5,1.0,-1.0,0.0,0.8,-0.8,0.0,0.5,score
